date,center_id,city,donor_count,temp_max,precipitation,day_of_week,is_holiday
2020-01-01,center_chicago,Chicago,781,4.9,0.0,2,1
2020-01-02,center_chicago,Chicago,1424,9.4,0.0,3,0
2020-01-03,center_chicago,Chicago,1352,5.3,0.0,4,0
2020-01-04,center_chicago,Chicago,1113,1.6,2.0,5,0
2020-01-05,center_chicago,Chicago,805,7.2,0.1,6,0
2020-01-06,center_chicago,Chicago,1631,4.5,0.0,0,0
2020-01-07,center_chicago,Chicago,1723,4.8,0.1,1,0
2020-01-08,center_chicago,Chicago,1638,1.5,0.1,2,0
2020-01-09,center_chicago,Chicago,1396,9.1,0.3,3,0
2020-01-10,center_chicago,Chicago,1286,8.2,0.5,4,0
2020-01-11,center_chicago,Chicago,829,3.1,43.2,5,0
2020-01-12,center_chicago,Chicago,702,-0.1,4.8,6,0
2020-01-13,center_chicago,Chicago,1465,1.4,0.0,0,0
2020-01-14,center_chicago,Chicago,1475,6.3,0.0,1,0
2020-01-15,center_chicago,Chicago,1705,2.0,0.7,2,0
2020-01-16,center_chicago,Chicago,1579,0.9,0.0,3,0
2020-01-17,center_chicago,Chicago,1028,-1.6,0.4,4,0
2020-01-18,center_chicago,Chicago,924,2.3,14.4,5,0
2020-01-19,center_chicago,Chicago,709,-6.4,0.0,6,0
2020-01-20,center_chicago,Chicago,668,-1.5,0.3,0,1
2020-01-21,center_chicago,Chicago,1252,-0.2,0.0,1,0
2020-01-22,center_chicago,Chicago,1662,2.1,0.0,2,0
2020-01-23,center_chicago,Chicago,1430,0.7,4.7,3,0
2020-01-24,center_chicago,Chicago,1264,3.2,6.6,4,0
2020-01-25,center_chicago,Chicago,933,2.7,12.4,5,0
2020-01-26,center_chicago,Chicago,827,1.9,0.3,6,0
2020-01-27,center_chicago,Chicago,1472,1.8,0.0,0,0
2020-01-28,center_chicago,Chicago,1612,0.9,0.0,1,0
2020-01-29,center_chicago,Chicago,1666,0.6,0.2,2,0
2020-01-30,center_chicago,Chicago,1591,1.8,0.0,3,0
2020-01-31,center_chicago,Chicago,1340,3.8,0.8,4,0
2020-02-01,center_chicago,Chicago,1118,3.6,1.1,5,0
2020-02-02,center_chicago,Chicago,1052,11.6,0.0,6,0
2020-02-03,center_chicago,Chicago,1651,6.2,0.0,0,0
2020-02-04,center_chicago,Chicago,1621,2.3,0.0,1,0
2020-02-05,center_chicago,Chicago,1338,-0.6,1.0,2,0
2020-02-06,center_chicago,Chicago,1149,-1.0,6.5,3,0
2020-02-07,center_chicago,Chicago,1354,0.8,1.9,4,0
2020-02-08,center_chicago,Chicago,1005,1.0,0.0,5,0
2020-02-09,center_chicago,Chicago,760,1.9,4.5,6,0
2020-02-10,center_chicago,Chicago,1571,1.5,0.1,0,0
2020-02-11,center_chicago,Chicago,1514,2.1,0.0,1,0
2020-02-12,center_chicago,Chicago,1452,3.2,1.5,2,0
2020-02-13,center_chicago,Chicago,1232,-0.4,7.2,3,0
2020-02-14,center_chicago,Chicago,1141,-11.5,0.0,4,0
2020-02-15,center_chicago,Chicago,956,1.0,0.0,5,0
2020-02-16,center_chicago,Chicago,712,-0.1,0.0,6,0
2020-02-17,center_chicago,Chicago,826,3.2,3.6,0,1
2020-02-18,center_chicago,Chicago,1548,3.2,3.1,1,0
2020-02-19,center_chicago,Chicago,1231,-1.6,0.0,2,0
2020-02-20,center_chicago,Chicago,1353,-4.8,0.0,3,0
2020-02-21,center_chicago,Chicago,1358,3.3,0.0,4,0
2020-02-22,center_chicago,Chicago,1062,9.1,0.0,5,0
2020-02-23,center_chicago,Chicago,1036,12.0,0.0,6,0
2020-02-24,center_chicago,Chicago,1392,6.3,0.3,0,0
2020-02-25,center_chicago,Chicago,1460,2.0,3.1,1,0
2020-02-26,center_chicago,Chicago,1411,0.6,6.0,2,0
2020-02-27,center_chicago,Chicago,1346,-0.4,0.0,3,0
2020-02-28,center_chicago,Chicago,1185,-1.2,0.0,4,0
2020-02-29,center_chicago,Chicago,1030,3.0,0.0,5,0
2020-03-01,center_chicago,Chicago,992,14.1,0.0,6,0
2020-03-02,center_chicago,Chicago,1601,9.2,0.0,0,0
2020-03-03,center_chicago,Chicago,1521,9.4,0.3,1,0
2020-03-04,center_chicago,Chicago,1595,6.8,1.3,2,0
2020-03-05,center_chicago,Chicago,1842,10.7,0.0,3,0
2020-03-06,center_chicago,Chicago,1376,5.9,0.4,4,0
2020-03-07,center_chicago,Chicago,1013,9.1,0.0,5,0
2020-03-08,center_chicago,Chicago,1046,15.5,0.0,6,0
2020-03-09,center_chicago,Chicago,1653,12.6,6.5,0,0
2020-03-10,center_chicago,Chicago,1755,11.6,11.1,1,0
2020-03-11,center_chicago,Chicago,1731,8.6,0.1,2,0
2020-03-12,center_chicago,Chicago,1742,15.1,0.0,3,0
2020-03-13,center_chicago,Chicago,1566,11.4,0.3,4,0
2020-03-14,center_chicago,Chicago,1003,5.4,1.7,5,0
2020-03-15,center_chicago,Chicago,757,2.2,0.4,6,0
2020-03-16,center_chicago,Chicago,1393,4.6,1.0,0,0
2020-03-17,center_chicago,Chicago,1517,5.2,0.0,1,0
2020-03-18,center_chicago,Chicago,1560,7.6,9.9,2,0
2020-03-19,center_chicago,Chicago,1706,13.8,10.9,3,0
2020-03-20,center_chicago,Chicago,1432,15.9,11.0,4,0
2020-03-21,center_chicago,Chicago,991,0.3,0.0,5,0
2020-03-22,center_chicago,Chicago,898,2.2,1.4,6,0
2020-03-23,center_chicago,Chicago,1550,4.7,5.0,0,0
2020-03-24,center_chicago,Chicago,1719,4.6,0.0,1,0
2020-03-25,center_chicago,Chicago,1946,15.2,0.0,2,0
2020-03-26,center_chicago,Chicago,1736,10.0,7.1,3,0
2020-03-27,center_chicago,Chicago,1460,8.5,1.7,4,0
2020-03-28,center_chicago,Chicago,1140,14.2,13.0,5,0
2020-03-29,center_chicago,Chicago,1078,17.7,3.0,6,0
2020-03-30,center_chicago,Chicago,1426,8.9,0.0,0,0
2020-03-31,center_chicago,Chicago,1547,3.9,0.0,1,0
2020-04-01,center_chicago,Chicago,1449,7.2,0.0,2,0
2020-04-02,center_chicago,Chicago,1681,7.6,0.0,3,0
2020-04-03,center_chicago,Chicago,1598,14.8,0.1,4,0
2020-04-04,center_chicago,Chicago,1330,13.4,2.4,5,0
2020-04-05,center_chicago,Chicago,829,5.4,0.0,6,0
2020-04-06,center_chicago,Chicago,1719,13.1,0.7,0,0
2020-04-07,center_chicago,Chicago,1860,23.9,12.9,1,0
2020-04-08,center_chicago,Chicago,1826,17.4,3.0,2,0
2020-04-09,center_chicago,Chicago,1595,8.2,1.9,3,0
2020-04-10,center_chicago,Chicago,1358,7.4,0.0,4,0
2020-04-11,center_chicago,Chicago,1155,16.4,0.2,5,0
2020-04-12,center_chicago,Chicago,1084,18.4,4.3,6,0
2020-04-13,center_chicago,Chicago,1707,13.1,2.4,0,0
2020-04-14,center_chicago,Chicago,1695,4.9,1.0,1,0
2020-04-15,center_chicago,Chicago,1554,3.7,2.5,2,0
2020-04-16,center_chicago,Chicago,1451,8.2,0.0,3,0
2020-04-17,center_chicago,Chicago,1101,5.5,7.5,4,0
2020-04-18,center_chicago,Chicago,1155,13.1,0.0,5,0
2020-04-19,center_chicago,Chicago,895,13.5,0.2,6,0
2020-04-20,center_chicago,Chicago,1949,15.6,0.4,0,0
2020-04-21,center_chicago,Chicago,1994,13.1,0.7,1,0
2020-04-22,center_chicago,Chicago,1910,14.1,2.9,2,0
2020-04-23,center_chicago,Chicago,1750,13.1,1.2,3,0
2020-04-24,center_chicago,Chicago,1269,7.2,1.0,4,0
2020-04-25,center_chicago,Chicago,953,7.1,14.2,5,0
2020-04-26,center_chicago,Chicago,991,11.5,3.3,6,0
2020-04-27,center_chicago,Chicago,1715,18.4,0.9,0,0
2020-04-28,center_chicago,Chicago,1747,19.5,6.9,1,0
2020-04-29,center_chicago,Chicago,1455,17.2,38.0,2,0
2020-04-30,center_chicago,Chicago,1284,8.9,19.6,3,0
2020-05-01,center_chicago,Chicago,1544,14.6,0.0,4,0
2020-05-02,center_chicago,Chicago,1192,23.8,0.4,5,0
2020-05-03,center_chicago,Chicago,914,19.8,0.0,6,0
2020-05-04,center_chicago,Chicago,1657,18.5,0.0,0,0
2020-05-05,center_chicago,Chicago,1399,7.9,5.9,1,0
2020-05-06,center_chicago,Chicago,1940,12.4,0.2,2,0
2020-05-07,center_chicago,Chicago,1931,17.5,0.0,3,0
2020-05-08,center_chicago,Chicago,1353,7.5,0.0,4,0
2020-05-09,center_chicago,Chicago,1200,12.8,0.0,5,0
2020-05-10,center_chicago,Chicago,809,12.4,6.6,6,0
2020-05-11,center_chicago,Chicago,1390,6.8,1.1,0,0
2020-05-12,center_chicago,Chicago,1760,13.9,0.0,1,0
2020-05-13,center_chicago,Chicago,2023,17.4,0.0,2,0
2020-05-14,center_chicago,Chicago,1482,22.0,15.3,3,0
2020-05-15,center_chicago,Chicago,1527,20.2,10.3,4,0
2020-05-16,center_chicago,Chicago,1122,17.5,0.0,5,0
2020-05-17,center_chicago,Chicago,797,20.1,35.2,6,0
2020-05-18,center_chicago,Chicago,1238,18.0,26.6,0,0
2020-05-19,center_chicago,Chicago,1970,14.6,1.8,1,0
2020-05-20,center_chicago,Chicago,1776,15.4,0.2,2,0
2020-05-21,center_chicago,Chicago,1693,15.8,0.0,3,0
2020-05-22,center_chicago,Chicago,1697,16.6,0.3,4,0
2020-05-23,center_chicago,Chicago,1056,22.2,13.5,5,0
2020-05-24,center_chicago,Chicago,914,27.7,5.5,6,0
2020-05-25,center_chicago,Chicago,861,27.4,1.1,0,1
2020-05-26,center_chicago,Chicago,1978,26.4,2.6,1,0
2020-05-27,center_chicago,Chicago,2056,25.4,3.6,2,0
2020-05-28,center_chicago,Chicago,1593,24.1,12.1,3,0
2020-05-29,center_chicago,Chicago,1428,22.7,8.1,4,0
2020-05-30,center_chicago,Chicago,1260,17.2,1.3,5,0
2020-05-31,center_chicago,Chicago,963,14.6,0.0,6,0
2020-06-01,center_chicago,Chicago,1846,20.0,1.2,0,0
2020-06-02,center_chicago,Chicago,1736,30.0,0.0,1,0
2020-06-03,center_chicago,Chicago,1727,29.7,1.2,2,0
2020-06-04,center_chicago,Chicago,1911,26.5,1.0,3,0
2020-06-05,center_chicago,Chicago,1714,29.8,0.2,4,0
2020-06-06,center_chicago,Chicago,1119,27.1,0.0,5,0
2020-06-07,center_chicago,Chicago,985,21.4,0.0,6,0
2020-06-08,center_chicago,Chicago,1935,28.5,0.0,0,0
2020-06-09,center_chicago,Chicago,1601,30.0,5.2,1,0
2020-06-10,center_chicago,Chicago,1827,28.0,11.0,2,0
2020-06-11,center_chicago,Chicago,1739,25.2,1.0,3,0
2020-06-12,center_chicago,Chicago,1541,24.2,0.0,4,0
2020-06-13,center_chicago,Chicago,1234,16.5,1.9,5,0
2020-06-14,center_chicago,Chicago,988,17.8,0.0,6,0
2020-06-15,center_chicago,Chicago,1770,19.9,0.0,0,0
2020-06-16,center_chicago,Chicago,1877,25.1,0.0,1,0
2020-06-17,center_chicago,Chicago,1759,27.5,0.0,2,0
2020-06-18,center_chicago,Chicago,1975,28.2,0.0,3,0
2020-06-19,center_chicago,Chicago,1622,30.9,0.0,4,0
2020-06-20,center_chicago,Chicago,1258,31.6,0.1,5,0
2020-06-21,center_chicago,Chicago,873,26.4,16.1,6,0
2020-06-22,center_chicago,Chicago,1507,28.1,5.6,0,0
2020-06-23,center_chicago,Chicago,1446,24.0,20.5,1,0
2020-06-24,center_chicago,Chicago,1969,23.9,3.2,2,0
2020-06-25,center_chicago,Chicago,1856,23.7,0.5,3,0
2020-06-26,center_chicago,Chicago,1523,30.1,3.8,4,0
2020-06-27,center_chicago,Chicago,1051,29.1,15.5,5,0
2020-06-28,center_chicago,Chicago,870,26.5,5.8,6,0
2020-06-29,center_chicago,Chicago,1855,29.3,2.5,0,0
2020-06-30,center_chicago,Chicago,1774,27.2,6.8,1,0
2020-07-01,center_chicago,Chicago,2068,26.2,0.6,2,0
2020-07-02,center_chicago,Chicago,1972,27.2,0.0,3,0
2020-07-03,center_chicago,Chicago,742,28.7,0.0,4,1
2020-07-04,center_chicago,Chicago,584,26.7,0.0,5,1
2020-07-05,center_chicago,Chicago,1019,29.5,0.0,6,0
2020-07-06,center_chicago,Chicago,1971,32.5,0.3,0,0
2020-07-07,center_chicago,Chicago,1706,32.2,0.9,1,0
2020-07-08,center_chicago,Chicago,1771,31.4,2.8,2,0
2020-07-09,center_chicago,Chicago,1972,33.8,0.5,3,0
2020-07-10,center_chicago,Chicago,1109,28.5,21.6,4,0
2020-07-11,center_chicago,Chicago,1140,29.5,1.9,5,0
2020-07-12,center_chicago,Chicago,865,27.5,6.5,6,0
2020-07-13,center_chicago,Chicago,1959,24.8,0.6,0,0
2020-07-14,center_chicago,Chicago,1976,29.6,0.0,1,0
2020-07-15,center_chicago,Chicago,1904,29.9,0.2,2,0
2020-07-16,center_chicago,Chicago,1445,24.2,70.0,3,0
2020-07-17,center_chicago,Chicago,1638,29.7,0.0,4,0
2020-07-18,center_chicago,Chicago,1257,32.5,0.0,5,0
2020-07-19,center_chicago,Chicago,807,31.0,13.1,6,0
2020-07-20,center_chicago,Chicago,1829,26.9,0.0,0,0
2020-07-21,center_chicago,Chicago,1724,27.2,0.3,1,0
2020-07-22,center_chicago,Chicago,1694,28.5,5.8,2,0
2020-07-23,center_chicago,Chicago,1841,27.8,0.1,3,0
2020-07-24,center_chicago,Chicago,1415,25.5,0.1,4,0
2020-07-25,center_chicago,Chicago,1222,30.2,0.0,5,0
2020-07-26,center_chicago,Chicago,1067,32.8,0.3,6,0
2020-07-27,center_chicago,Chicago,1771,30.1,19.5,0,0
2020-07-28,center_chicago,Chicago,1840,28.8,0.1,1,0
2020-07-29,center_chicago,Chicago,1999,29.0,0.4,2,0
2020-07-30,center_chicago,Chicago,1992,25.2,2.5,3,0
2020-07-31,center_chicago,Chicago,1511,24.5,0.0,4,0
2020-08-01,center_chicago,Chicago,1326,23.9,0.7,5,0
2020-08-02,center_chicago,Chicago,929,27.0,8.9,6,0
2020-08-03,center_chicago,Chicago,1569,21.5,7.0,0,0
2020-08-04,center_chicago,Chicago,1920,19.6,0.5,1,0
2020-08-05,center_chicago,Chicago,1801,23.2,0.0,2,0
2020-08-06,center_chicago,Chicago,1875,24.4,0.0,3,0
2020-08-07,center_chicago,Chicago,1683,26.0,0.0,4,0
2020-08-08,center_chicago,Chicago,1183,31.7,0.0,5,0
2020-08-09,center_chicago,Chicago,970,33.0,0.1,6,0
2020-08-10,center_chicago,Chicago,1404,29.5,20.2,0,0
2020-08-11,center_chicago,Chicago,1799,25.2,0.0,1,0
2020-08-12,center_chicago,Chicago,1970,25.2,0.0,2,0
2020-08-13,center_chicago,Chicago,1902,25.9,0.0,3,0
2020-08-14,center_chicago,Chicago,1432,27.3,0.0,4,0
2020-08-15,center_chicago,Chicago,1272,28.5,0.1,5,0
2020-08-16,center_chicago,Chicago,991,25.0,1.3,6,0
2020-08-17,center_chicago,Chicago,1846,26.1,0.0,0,0
2020-08-18,center_chicago,Chicago,1829,25.0,0.0,1,0
2020-08-19,center_chicago,Chicago,1928,24.2,0.0,2,0
2020-08-20,center_chicago,Chicago,1738,29.4,0.0,3,0
2020-08-21,center_chicago,Chicago,1683,29.5,0.0,4,0
2020-08-22,center_chicago,Chicago,1161,31.0,0.0,5,0
2020-08-23,center_chicago,Chicago,1063,31.5,0.7,6,0
2020-08-24,center_chicago,Chicago,1336,35.3,0.2,0,0
2020-08-25,center_chicago,Chicago,1730,32.2,4.0,1,0
2020-08-26,center_chicago,Chicago,1804,33.5,0.0,2,0
2020-08-27,center_chicago,Chicago,1915,32.1,3.3,3,0
2020-08-28,center_chicago,Chicago,1433,31.2,2.1,4,0
2020-08-29,center_chicago,Chicago,1332,27.1,0.6,5,0
2020-08-30,center_chicago,Chicago,1072,24.5,0.0,6,0
2020-08-31,center_chicago,Chicago,1830,30.5,0.0,0,0
2020-09-01,center_chicago,Chicago,1746,26.9,5.0,1,0
2020-09-02,center_chicago,Chicago,2014,29.2,0.2,2,0
2020-09-03,center_chicago,Chicago,1843,29.8,0.0,3,0
2020-09-04,center_chicago,Chicago,1673,25.5,0.0,4,0
2020-09-05,center_chicago,Chicago,1335,27.1,0.0,5,0
2020-09-06,center_chicago,Chicago,839,27.6,16.2,6,0
2020-09-07,center_chicago,Chicago,982,24.3,3.5,0,1
2020-09-08,center_chicago,Chicago,1483,18.8,33.5,1,0
2020-09-09,center_chicago,Chicago,1540,19.0,7.1,2,0
2020-09-10,center_chicago,Chicago,1672,17.8,0.9,3,0
2020-09-11,center_chicago,Chicago,1344,20.1,8.2,4,0
2020-09-12,center_chicago,Chicago,896,22.4,30.6,5,0
2020-09-13,center_chicago,Chicago,1032,23.0,0.3,6,0
2020-09-14,center_chicago,Chicago,1714,21.6,0.0,0,0
2020-09-15,center_chicago,Chicago,1988,24.9,0.0,1,0
2020-09-16,center_chicago,Chicago,1833,26.6,0.0,2,0
2020-09-17,center_chicago,Chicago,1980,23.8,0.6,3,0
2020-09-18,center_chicago,Chicago,1624,15.9,0.1,4,0
2020-09-19,center_chicago,Chicago,1274,15.6,0.0,5,0
2020-09-20,center_chicago,Chicago,985,20.8,0.0,6,0
2020-09-21,center_chicago,Chicago,1788,22.8,0.0,0,0
2020-09-22,center_chicago,Chicago,1856,25.0,0.0,1,0
2020-09-23,center_chicago,Chicago,1939,25.0,0.0,2,0
2020-09-24,center_chicago,Chicago,1637,25.6,0.0,3,0
2020-09-25,center_chicago,Chicago,1717,26.6,0.0,4,0
2020-09-26,center_chicago,Chicago,1160,28.4,0.0,5,0
2020-09-27,center_chicago,Chicago,1005,26.1,0.0,6,0
2020-09-28,center_chicago,Chicago,1682,19.1,7.6,0,0
2020-09-29,center_chicago,Chicago,1877,15.6,0.1,1,0
2020-09-30,center_chicago,Chicago,1774,18.2,0.4,2,0
2020-10-01,center_chicago,Chicago,1729,13.9,5.1,3,0
2020-10-02,center_chicago,Chicago,1520,12.6,0.2,4,0
2020-10-03,center_chicago,Chicago,1350,13.9,0.4,5,0
2020-10-04,center_chicago,Chicago,991,11.7,4.8,6,0
2020-10-05,center_chicago,Chicago,1711,15.2,0.0,0,0
2020-10-06,center_chicago,Chicago,1728,21.5,0.0,1,0
2020-10-07,center_chicago,Chicago,1784,22.5,0.0,2,0
2020-10-08,center_chicago,Chicago,1809,18.1,0.0,3,0
2020-10-09,center_chicago,Chicago,1524,26.0,0.0,4,0
2020-10-10,center_chicago,Chicago,1153,23.9,0.2,5,0
2020-10-11,center_chicago,Chicago,933,19.4,0.9,6,0
2020-10-12,center_chicago,Chicago,815,22.4,8.2,0,1
2020-10-13,center_chicago,Chicago,1915,20.2,0.0,1,0
2020-10-14,center_chicago,Chicago,1996,21.9,0.0,2,0
2020-10-15,center_chicago,Chicago,1912,21.0,0.2,3,0
2020-10-16,center_chicago,Chicago,1415,11.0,0.0,4,0
2020-10-17,center_chicago,Chicago,1345,16.6,0.0,5,0
2020-10-18,center_chicago,Chicago,933,14.7,7.4,6,0
2020-10-19,center_chicago,Chicago,1462,9.9,4.6,0,0
2020-10-20,center_chicago,Chicago,2027,11.9,1.3,1,0
2020-10-21,center_chicago,Chicago,1801,12.5,3.1,2,0
2020-10-22,center_chicago,Chicago,1675,24.0,16.6,3,0
2020-10-23,center_chicago,Chicago,1542,21.5,16.5,4,0
2020-10-24,center_chicago,Chicago,1105,6.8,0.0,5,0
2020-10-25,center_chicago,Chicago,882,8.1,0.2,6,0
2020-10-26,center_chicago,Chicago,1465,7.7,3.1,0,0
2020-10-27,center_chicago,Chicago,1553,3.3,2.4,1,0
2020-10-28,center_chicago,Chicago,2046,10.6,0.0,2,0
2020-10-29,center_chicago,Chicago,1599,9.2,0.2,3,0
2020-10-30,center_chicago,Chicago,1426,5.1,0.0,4,0
2020-10-31,center_chicago,Chicago,1212,12.9,0.0,5,0
2020-11-01,center_chicago,Chicago,1072,11.6,0.0,6,0
2020-11-02,center_chicago,Chicago,1667,9.1,0.0,0,0
2020-11-03,center_chicago,Chicago,1743,17.6,0.0,1,0
2020-11-04,center_chicago,Chicago,1748,20.1,0.0,2,0
2020-11-05,center_chicago,Chicago,1666,19.4,0.0,3,0
2020-11-06,center_chicago,Chicago,1688,21.5,0.0,4,0
2020-11-07,center_chicago,Chicago,1119,21.0,0.0,5,0
2020-11-08,center_chicago,Chicago,933,23.4,0.2,6,0
2020-11-09,center_chicago,Chicago,1632,22.2,0.1,0,0
2020-11-10,center_chicago,Chicago,2044,22.8,2.7,1,0
2020-11-11,center_chicago,Chicago,925,18.4,4.9,2,1
2020-11-12,center_chicago,Chicago,1861,10.9,0.0,3,0
2020-11-13,center_chicago,Chicago,1438,7.7,0.9,4,0
2020-11-14,center_chicago,Chicago,965,8.9,0.0,5,0
2020-11-15,center_chicago,Chicago,812,12.3,8.1,6,0
2020-11-16,center_chicago,Chicago,1564,7.8,0.8,0,0
2020-11-17,center_chicago,Chicago,1599,6.2,0.0,1,0
2020-11-18,center_chicago,Chicago,1668,9.4,0.0,2,0
2020-11-19,center_chicago,Chicago,1824,17.1,0.0,3,0
2020-11-20,center_chicago,Chicago,1703,14.9,0.0,4,0
2020-11-21,center_chicago,Chicago,1300,10.2,0.0,5,0
2020-11-22,center_chicago,Chicago,838,7.2,3.5,6,0
2020-11-23,center_chicago,Chicago,1680,6.4,0.0,0,0
2020-11-24,center_chicago,Chicago,1423,5.4,10.3,1,0
2020-11-25,center_chicago,Chicago,1305,7.9,10.6,2,0
2020-11-26,center_chicago,Chicago,697,8.5,1.4,3,1
2020-11-27,center_chicago,Chicago,1254,7.6,0.0,4,0
2020-11-28,center_chicago,Chicago,1058,9.2,0.0,5,0
2020-11-29,center_chicago,Chicago,824,9.3,0.0,6,0
2020-11-30,center_chicago,Chicago,1637,6.2,0.8,0,0
2020-12-01,center_chicago,Chicago,1505,1.0,0.2,1,0
2020-12-02,center_chicago,Chicago,1567,7.4,0.0,2,0
2020-12-03,center_chicago,Chicago,1452,6.7,0.0,3,0
2020-12-04,center_chicago,Chicago,1399,6.8,0.0,4,0
2020-12-05,center_chicago,Chicago,987,3.4,0.0,5,0
2020-12-06,center_chicago,Chicago,777,2.2,0.1,6,0
2020-12-07,center_chicago,Chicago,1451,2.4,0.0,0,0
2020-12-08,center_chicago,Chicago,1754,3.2,0.0,1,0
2020-12-09,center_chicago,Chicago,1868,10.2,0.0,2,0
2020-12-10,center_chicago,Chicago,1978,10.9,0.0,3,0
2020-12-11,center_chicago,Chicago,1369,6.9,2.5,4,0
2020-12-12,center_chicago,Chicago,728,5.1,32.8,5,0
2020-12-13,center_chicago,Chicago,903,2.3,0.5,6,0
2020-12-14,center_chicago,Chicago,1664,0.2,0.0,0,0
2020-12-15,center_chicago,Chicago,1436,-0.1,0.0,1,0
2020-12-16,center_chicago,Chicago,1582,0.5,0.4,2,0
2020-12-17,center_chicago,Chicago,1535,1.3,0.5,3,0
2020-12-18,center_chicago,Chicago,1272,2.8,0.0,4,0
2020-12-19,center_chicago,Chicago,1085,7.9,0.0,5,0
2020-12-20,center_chicago,Chicago,864,4.2,0.0,6,0
2020-12-21,center_chicago,Chicago,1629,7.6,0.2,0,0
2020-12-22,center_chicago,Chicago,1684,5.0,0.1,1,0
2020-12-23,center_chicago,Chicago,2018,11.7,2.6,2,0
2020-12-24,center_chicago,Chicago,1875,10.2,3.1,3,0
2020-12-25,center_chicago,Chicago,593,-5.4,0.3,4,1
2020-12-26,center_chicago,Chicago,1037,1.3,0.0,5,0
2020-12-27,center_chicago,Chicago,865,7.5,0.0,6,0
2020-12-28,center_chicago,Chicago,1434,4.8,0.2,0,0
2020-12-29,center_chicago,Chicago,1269,-0.4,0.5,1,0
2020-12-30,center_chicago,Chicago,1576,2.2,12.8,2,0
2020-12-31,center_chicago,Chicago,1180,-1.0,0.0,3,0
2021-01-01,center_chicago,Chicago,542,0.9,9.4,4,1
2021-01-02,center_chicago,Chicago,1009,1.2,7.1,5,0
2021-01-03,center_chicago,Chicago,865,2.4,3.3,6,0
2021-01-04,center_chicago,Chicago,1441,1.6,0.0,0,0
2021-01-05,center_chicago,Chicago,1519,3.5,0.1,1,0
2021-01-06,center_chicago,Chicago,1729,1.8,0.0,2,0
2021-01-07,center_chicago,Chicago,1523,3.0,0.0,3,0
2021-01-08,center_chicago,Chicago,1352,1.9,0.0,4,0
2021-01-09,center_chicago,Chicago,974,1.6,0.0,5,0
2021-01-10,center_chicago,Chicago,683,-1.1,0.0,6,0
2021-01-11,center_chicago,Chicago,1301,-1.3,0.0,0,0
2021-01-12,center_chicago,Chicago,1509,4.5,0.0,1,0
2021-01-13,center_chicago,Chicago,1489,6.8,0.0,2,0
2021-01-14,center_chicago,Chicago,1545,4.9,0.8,3,0
2021-01-15,center_chicago,Chicago,1322,3.3,5.0,4,0
2021-01-16,center_chicago,Chicago,1124,3.3,2.1,5,0
2021-01-17,center_chicago,Chicago,768,1.4,2.8,6,0
2021-01-18,center_chicago,Chicago,578,-0.5,0.4,0,1
2021-01-19,center_chicago,Chicago,1282,-1.4,0.1,1,0
2021-01-20,center_chicago,Chicago,1454,-0.4,2.3,2,0
2021-01-21,center_chicago,Chicago,1675,4.4,0.0,3,0
2021-01-22,center_chicago,Chicago,1411,0.2,0.0,4,0
2021-01-23,center_chicago,Chicago,925,-0.2,0.0,5,0
2021-01-24,center_chicago,Chicago,788,2.3,2.2,6,0
2021-01-25,center_chicago,Chicago,1444,0.6,0.3,0,0
2021-01-26,center_chicago,Chicago,1170,-0.1,15.6,1,0
2021-01-27,center_chicago,Chicago,1281,-1.1,0.9,2,0
2021-01-28,center_chicago,Chicago,1379,-4.2,0.0,3,0
2021-01-29,center_chicago,Chicago,1067,-1.3,0.0,4,0
2021-01-30,center_chicago,Chicago,965,1.0,0.6,5,0
2021-01-31,center_chicago,Chicago,682,0.1,22.3,6,0
2021-02-01,center_chicago,Chicago,1638,0.3,0.8,0,0
2021-02-02,center_chicago,Chicago,1405,-0.2,0.0,1,0
2021-02-03,center_chicago,Chicago,1231,-1.7,0.0,2,0
2021-02-04,center_chicago,Chicago,1358,1.2,6.2,3,0
2021-02-05,center_chicago,Chicago,1374,0.6,2.4,4,0
2021-02-06,center_chicago,Chicago,892,-10.9,0.9,5,0
2021-02-07,center_chicago,Chicago,707,-12.1,1.1,6,0
2021-02-08,center_chicago,Chicago,1167,-11.0,1.1,0,0
2021-02-09,center_chicago,Chicago,1399,-10.2,0.8,1,0
2021-02-10,center_chicago,Chicago,1200,-8.1,0.7,2,0
2021-02-11,center_chicago,Chicago,1200,-5.4,0.4,3,0
2021-02-12,center_chicago,Chicago,1127,-5.1,0.7,4,0
2021-02-13,center_chicago,Chicago,906,-10.0,4.4,5,0
2021-02-14,center_chicago,Chicago,690,-13.1,0.2,6,0
2021-02-15,center_chicago,Chicago,569,-8.0,5.6,0,1
2021-02-16,center_chicago,Chicago,1136,-7.1,10.0,1,0
2021-02-17,center_chicago,Chicago,1208,-8.3,0.4,2,0
2021-02-18,center_chicago,Chicago,1292,-5.2,1.1,3,0
2021-02-19,center_chicago,Chicago,1170,-5.7,0.0,4,0
2021-02-20,center_chicago,Chicago,925,-6.6,0.0,5,0
2021-02-21,center_chicago,Chicago,836,0.5,0.4,6,0
2021-02-22,center_chicago,Chicago,1436,2.3,4.7,0,0
2021-02-23,center_chicago,Chicago,1508,4.8,0.0,1,0
2021-02-24,center_chicago,Chicago,1470,5.2,0.0,2,0
2021-02-25,center_chicago,Chicago,1637,2.5,0.0,3,0
2021-02-26,center_chicago,Chicago,1386,3.5,0.0,4,0
2021-02-27,center_chicago,Chicago,1285,10.4,2.6,5,0
2021-02-28,center_chicago,Chicago,1033,12.3,0.9,6,0
2021-03-01,center_chicago,Chicago,1667,3.1,0.0,0,0
2021-03-02,center_chicago,Chicago,1554,6.2,0.0,1,0
2021-03-03,center_chicago,Chicago,1870,10.1,0.0,2,0
2021-03-04,center_chicago,Chicago,1616,2.3,0.0,3,0
2021-03-05,center_chicago,Chicago,1261,6.2,0.0,4,0
2021-03-06,center_chicago,Chicago,1041,3.9,0.0,5,0
2021-03-07,center_chicago,Chicago,859,7.9,0.0,6,0
2021-03-08,center_chicago,Chicago,1976,16.5,0.0,0,0
2021-03-09,center_chicago,Chicago,1816,17.1,0.0,1,0
2021-03-10,center_chicago,Chicago,1853,19.0,0.3,2,0
2021-03-11,center_chicago,Chicago,1637,15.8,1.7,3,0
2021-03-12,center_chicago,Chicago,1359,8.4,0.0,4,0
2021-03-13,center_chicago,Chicago,1249,13.2,0.0,5,0
2021-03-14,center_chicago,Chicago,759,9.1,0.0,6,0
2021-03-15,center_chicago,Chicago,1514,3.0,5.0,0,0
2021-03-16,center_chicago,Chicago,1719,3.5,0.3,1,0
2021-03-17,center_chicago,Chicago,1453,3.9,1.1,2,0
2021-03-18,center_chicago,Chicago,1300,5.1,18.1,3,0
2021-03-19,center_chicago,Chicago,1267,3.8,0.0,4,0
2021-03-20,center_chicago,Chicago,1153,10.6,0.0,5,0
2021-03-21,center_chicago,Chicago,1048,16.0,0.0,6,0
2021-03-22,center_chicago,Chicago,1951,18.5,0.0,0,0
2021-03-23,center_chicago,Chicago,1736,16.2,3.3,1,0
2021-03-24,center_chicago,Chicago,1624,15.6,7.0,2,0
2021-03-25,center_chicago,Chicago,1857,12.2,0.3,3,0
2021-03-26,center_chicago,Chicago,1115,4.4,9.6,4,0
2021-03-27,center_chicago,Chicago,1229,18.8,0.4,5,0
2021-03-28,center_chicago,Chicago,1007,14.2,2.0,6,0
2021-03-29,center_chicago,Chicago,1713,15.4,0.0,0,0
2021-03-30,center_chicago,Chicago,1902,19.5,0.1,1,0
2021-03-31,center_chicago,Chicago,2006,12.4,0.4,2,0
2021-04-01,center_chicago,Chicago,1464,3.5,0.1,3,0
2021-04-02,center_chicago,Chicago,1434,8.8,0.0,4,0
2021-04-03,center_chicago,Chicago,1211,18.9,0.0,5,0
2021-04-04,center_chicago,Chicago,983,19.0,0.0,6,0
2021-04-05,center_chicago,Chicago,1890,22.5,0.3,0,0
2021-04-06,center_chicago,Chicago,2034,26.5,0.0,1,0
2021-04-07,center_chicago,Chicago,1987,25.6,1.1,2,0
2021-04-08,center_chicago,Chicago,1693,18.2,13.7,3,0
2021-04-09,center_chicago,Chicago,1547,17.2,1.6,4,0
2021-04-10,center_chicago,Chicago,1111,14.9,8.6,5,0
2021-04-11,center_chicago,Chicago,946,12.1,1.6,6,0
2021-04-12,center_chicago,Chicago,1891,16.7,1.8,0,0
2021-04-13,center_chicago,Chicago,1851,12.9,0.0,1,0
2021-04-14,center_chicago,Chicago,1751,10.6,0.0,2,0
2021-04-15,center_chicago,Chicago,1677,8.8,0.0,3,0
2021-04-16,center_chicago,Chicago,1387,8.1,0.0,4,0
2021-04-17,center_chicago,Chicago,996,8.6,0.0,5,0
2021-04-18,center_chicago,Chicago,1002,16.2,0.1,6,0
2021-04-19,center_chicago,Chicago,1727,15.1,2.8,0,0
2021-04-20,center_chicago,Chicago,1670,7.8,2.8,1,0
2021-04-21,center_chicago,Chicago,1545,8.5,2.6,2,0
2021-04-22,center_chicago,Chicago,1645,13.6,0.1,3,0
2021-04-23,center_chicago,Chicago,1598,16.7,0.0,4,0
2021-04-24,center_chicago,Chicago,1316,13.2,1.5,5,0
2021-04-25,center_chicago,Chicago,1004,12.6,0.7,6,0
2021-04-26,center_chicago,Chicago,1976,24.1,0.0,0,0
2021-04-27,center_chicago,Chicago,1728,29.8,0.0,1,0
2021-04-28,center_chicago,Chicago,1807,27.4,0.8,2,0
2021-04-29,center_chicago,Chicago,1501,13.5,13.0,3,0
2021-04-30,center_chicago,Chicago,1454,13.4,0.0,4,0
2021-05-01,center_chicago,Chicago,1115,26.0,0.0,5,0
2021-05-02,center_chicago,Chicago,919,28.0,0.1,6,0
2021-05-03,center_chicago,Chicago,1801,23.4,2.1,0,0
2021-05-04,center_chicago,Chicago,1887,19.5,4.0,1,0
2021-05-05,center_chicago,Chicago,1741,10.9,0.0,2,0
2021-05-06,center_chicago,Chicago,1618,10.0,6.8,3,0
2021-05-07,center_chicago,Chicago,1531,12.7,0.4,4,0
2021-05-08,center_chicago,Chicago,1051,9.1,0.0,5,0
2021-05-09,center_chicago,Chicago,594,9.2,25.0,6,0
2021-05-10,center_chicago,Chicago,1503,8.3,0.4,0,0
2021-05-11,center_chicago,Chicago,1563,8.9,0.2,1,0
2021-05-12,center_chicago,Chicago,1967,13.2,0.0,2,0
2021-05-13,center_chicago,Chicago,1800,17.8,0.0,3,0
2021-05-14,center_chicago,Chicago,1622,19.5,0.0,4,0
2021-05-15,center_chicago,Chicago,1218,16.9,1.6,5,0
2021-05-16,center_chicago,Chicago,1016,20.7,0.0,6,0
2021-05-17,center_chicago,Chicago,1756,18.7,0.0,0,0
2021-05-18,center_chicago,Chicago,1948,23.4,0.3,1,0
2021-05-19,center_chicago,Chicago,1757,23.5,10.5,2,0
2021-05-20,center_chicago,Chicago,1702,28.4,0.0,3,0
2021-05-21,center_chicago,Chicago,1549,29.6,0.0,4,0
2021-05-22,center_chicago,Chicago,1332,30.5,0.2,5,0
2021-05-23,center_chicago,Chicago,1002,29.1,4.1,6,0
2021-05-24,center_chicago,Chicago,1955,30.4,2.7,0,0
2021-05-25,center_chicago,Chicago,1894,30.0,0.7,1,0
2021-05-26,center_chicago,Chicago,1732,27.5,3.9,2,0
2021-05-27,center_chicago,Chicago,1712,22.0,3.1,3,0
2021-05-28,center_chicago,Chicago,1353,12.9,18.7,4,0
2021-05-29,center_chicago,Chicago,1135,13.4,3.5,5,0
2021-05-30,center_chicago,Chicago,898,17.9,0.0,6,0
2021-05-31,center_chicago,Chicago,953,21.5,0.0,0,1
2021-06-01,center_chicago,Chicago,1738,22.1,0.5,1,0
2021-06-02,center_chicago,Chicago,1714,21.2,0.0,2,0
2021-06-03,center_chicago,Chicago,1699,28.0,0.0,3,0
2021-06-04,center_chicago,Chicago,1602,33.3,0.1,4,0
2021-06-05,center_chicago,Chicago,1331,33.2,0.0,5,0
2021-06-06,center_chicago,Chicago,979,31.6,0.1,6,0
2021-06-07,center_chicago,Chicago,1457,27.0,22.9,0,0
2021-06-08,center_chicago,Chicago,1943,26.3,4.7,1,0
2021-06-09,center_chicago,Chicago,2011,27.3,1.3,2,0
2021-06-10,center_chicago,Chicago,1764,24.6,0.0,3,0
2021-06-11,center_chicago,Chicago,1493,28.2,0.0,4,0
2021-06-12,center_chicago,Chicago,1312,28.0,0.3,5,0
2021-06-13,center_chicago,Chicago,1079,26.0,0.5,6,0
2021-06-14,center_chicago,Chicago,1879,26.1,0.0,0,0
2021-06-15,center_chicago,Chicago,1780,22.6,0.0,1,0
2021-06-16,center_chicago,Chicago,1787,21.8,0.0,2,0
2021-06-17,center_chicago,Chicago,1795,33.2,0.0,3,0
2021-06-18,center_chicago,Chicago,827,32.3,0.3,4,1
2021-06-19,center_chicago,Chicago,632,33.4,0.2,5,1
2021-06-20,center_chicago,Chicago,1000,28.7,2.1,6,0
2021-06-21,center_chicago,Chicago,1535,26.1,12.5,0,0
2021-06-22,center_chicago,Chicago,1731,22.5,0.4,1,0
2021-06-23,center_chicago,Chicago,1912,25.8,0.7,2,0
2021-06-24,center_chicago,Chicago,1805,25.4,2.0,3,0
2021-06-25,center_chicago,Chicago,1189,26.5,43.0,4,0
2021-06-26,center_chicago,Chicago,873,27.2,40.6,5,0
2021-06-27,center_chicago,Chicago,890,28.0,6.1,6,0
2021-06-28,center_chicago,Chicago,1782,27.0,10.5,0,0
2021-06-29,center_chicago,Chicago,1821,28.1,12.0,1,0
2021-06-30,center_chicago,Chicago,1548,27.1,23.8,2,0
2021-07-01,center_chicago,Chicago,1977,25.9,1.3,3,0
2021-07-02,center_chicago,Chicago,1517,19.1,0.0,4,0
2021-07-03,center_chicago,Chicago,1154,29.6,0.0,5,0
2021-07-04,center_chicago,Chicago,540,31.8,0.0,6,1
2021-07-05,center_chicago,Chicago,929,32.5,0.0,0,1
2021-07-06,center_chicago,Chicago,1859,32.3,2.5,1,0
2021-07-07,center_chicago,Chicago,1813,29.5,1.1,2,0
2021-07-08,center_chicago,Chicago,1643,21.0,10.9,3,0
2021-07-09,center_chicago,Chicago,1425,21.9,0.1,4,0
2021-07-10,center_chicago,Chicago,1208,22.8,0.7,5,0
2021-07-11,center_chicago,Chicago,749,21.0,29.4,6,0
2021-07-12,center_chicago,Chicago,1554,22.5,9.0,0,0
2021-07-13,center_chicago,Chicago,1375,25.1,29.2,1,0
2021-07-14,center_chicago,Chicago,1847,29.5,1.4,2,0
2021-07-15,center_chicago,Chicago,1758,25.7,6.5,3,0
2021-07-16,center_chicago,Chicago,1423,22.5,11.5,4,0
2021-07-17,center_chicago,Chicago,1228,21.1,0.3,5,0
2021-07-18,center_chicago,Chicago,968,24.4,0.9,6,0
2021-07-19,center_chicago,Chicago,1768,25.3,0.0,0,0
2021-07-20,center_chicago,Chicago,2014,29.5,0.0,1,0
2021-07-21,center_chicago,Chicago,2027,21.5,0.2,2,0
2021-07-22,center_chicago,Chicago,1891,27.2,0.4,3,0
2021-07-23,center_chicago,Chicago,1651,30.1,1.9,4,0
2021-07-24,center_chicago,Chicago,1308,32.5,2.9,5,0
2021-07-25,center_chicago,Chicago,1054,31.5,0.9,6,0
2021-07-26,center_chicago,Chicago,1741,31.9,0.0,0,0
2021-07-27,center_chicago,Chicago,1845,33.2,0.0,1,0
2021-07-28,center_chicago,Chicago,1971,32.1,0.2,2,0
2021-07-29,center_chicago,Chicago,1847,31.0,0.1,3,0
2021-07-30,center_chicago,Chicago,1681,22.8,0.0,4,0
2021-07-31,center_chicago,Chicago,1180,27.1,0.3,5,0
2021-08-01,center_chicago,Chicago,1032,24.8,1.1,6,0
2021-08-02,center_chicago,Chicago,1900,23.8,0.5,0,0
2021-08-03,center_chicago,Chicago,2070,25.9,0.5,1,0
2021-08-04,center_chicago,Chicago,1852,27.4,0.0,2,0
2021-08-05,center_chicago,Chicago,1991,30.0,0.0,3,0
2021-08-06,center_chicago,Chicago,1271,27.4,6.7,4,0
2021-08-07,center_chicago,Chicago,1041,29.6,15.5,5,0
2021-08-08,center_chicago,Chicago,912,30.6,1.0,6,0
2021-08-09,center_chicago,Chicago,1402,27.4,26.5,0,0
2021-08-10,center_chicago,Chicago,1605,32.2,16.8,1,0
2021-08-11,center_chicago,Chicago,1609,31.0,15.3,2,0
2021-08-12,center_chicago,Chicago,1889,31.8,3.8,3,0
2021-08-13,center_chicago,Chicago,1641,25.9,0.6,4,0
2021-08-14,center_chicago,Chicago,1114,24.5,0.0,5,0
2021-08-15,center_chicago,Chicago,1027,24.4,0.0,6,0
2021-08-16,center_chicago,Chicago,1664,24.3,0.0,0,0
2021-08-17,center_chicago,Chicago,1824,26.0,0.4,1,0
2021-08-18,center_chicago,Chicago,1583,26.1,6.5,2,0
2021-08-19,center_chicago,Chicago,1680,27.3,2.2,3,0
2021-08-20,center_chicago,Chicago,1520,28.0,0.5,4,0
2021-08-21,center_chicago,Chicago,1231,30.8,0.5,5,0
2021-08-22,center_chicago,Chicago,976,26.3,0.6,6,0
2021-08-23,center_chicago,Chicago,1859,31.8,0.0,0,0
2021-08-24,center_chicago,Chicago,1962,32.6,3.3,1,0
2021-08-25,center_chicago,Chicago,1809,32.5,10.6,2,0
2021-08-26,center_chicago,Chicago,1389,28.4,20.1,3,0
2021-08-27,center_chicago,Chicago,1712,31.4,0.0,4,0
2021-08-28,center_chicago,Chicago,1095,32.1,5.3,5,0
2021-08-29,center_chicago,Chicago,958,30.5,2.8,6,0
2021-08-30,center_chicago,Chicago,1656,27.6,0.0,0,0
2021-08-31,center_chicago,Chicago,1852,25.9,0.0,1,0
2021-09-01,center_chicago,Chicago,2059,24.0,0.3,2,0
2021-09-02,center_chicago,Chicago,1867,23.9,0.0,3,0
2021-09-03,center_chicago,Chicago,1530,24.9,0.0,4,0
2021-09-04,center_chicago,Chicago,1276,25.0,4.4,5,0
2021-09-05,center_chicago,Chicago,1076,27.3,1.0,6,0
2021-09-06,center_chicago,Chicago,850,23.7,0.0,0,1
2021-09-07,center_chicago,Chicago,1539,30.6,16.5,1,0
2021-09-08,center_chicago,Chicago,1929,24.8,1.3,2,0
2021-09-09,center_chicago,Chicago,1921,21.3,0.1,3,0
2021-09-10,center_chicago,Chicago,1531,25.5,0.0,4,0
2021-09-11,center_chicago,Chicago,1345,30.3,0.0,5,0
2021-09-12,center_chicago,Chicago,918,31.6,0.0,6,0
2021-09-13,center_chicago,Chicago,1943,31.1,0.0,0,0
2021-09-14,center_chicago,Chicago,2020,30.2,0.2,1,0
2021-09-15,center_chicago,Chicago,1933,23.6,0.0,2,0
2021-09-16,center_chicago,Chicago,1854,26.3,0.0,3,0
2021-09-17,center_chicago,Chicago,1689,31.1,0.0,4,0
2021-09-18,center_chicago,Chicago,1193,29.3,0.0,5,0
2021-09-19,center_chicago,Chicago,1064,28.5,0.3,6,0
2021-09-20,center_chicago,Chicago,1746,28.0,11.0,0,0
2021-09-21,center_chicago,Chicago,1560,23.1,15.4,1,0
2021-09-22,center_chicago,Chicago,1899,17.1,4.8,2,0
2021-09-23,center_chicago,Chicago,1703,17.9,0.0,3,0
2021-09-24,center_chicago,Chicago,1511,23.9,0.0,4,0
2021-09-25,center_chicago,Chicago,1311,21.9,1.5,5,0
2021-09-26,center_chicago,Chicago,1035,26.0,0.0,6,0
2021-09-27,center_chicago,Chicago,1663,29.7,0.0,0,0
2021-09-28,center_chicago,Chicago,1990,20.2,0.2,1,0
2021-09-29,center_chicago,Chicago,1745,24.1,0.0,2,0
2021-09-30,center_chicago,Chicago,1763,24.0,0.0,3,0
2021-10-01,center_chicago,Chicago,1664,28.4,0.0,4,0
2021-10-02,center_chicago,Chicago,1059,23.9,7.8,5,0
2021-10-03,center_chicago,Chicago,775,23.4,26.4,6,0
2021-10-04,center_chicago,Chicago,1687,21.0,19.0,0,0
2021-10-05,center_chicago,Chicago,2012,18.4,1.4,1,0
2021-10-06,center_chicago,Chicago,2024,19.5,0.2,2,0
2021-10-07,center_chicago,Chicago,1469,22.6,19.6,3,0
2021-10-08,center_chicago,Chicago,1297,22.2,10.7,4,0
2021-10-09,center_chicago,Chicago,1258,24.2,2.6,5,0
2021-10-10,center_chicago,Chicago,1043,25.5,0.6,6,0
2021-10-11,center_chicago,Chicago,820,23.9,10.4,0,1
2021-10-12,center_chicago,Chicago,1586,21.4,15.6,1,0
2021-10-13,center_chicago,Chicago,1819,21.6,1.3,2,0
2021-10-14,center_chicago,Chicago,1518,21.0,14.7,3,0
2021-10-15,center_chicago,Chicago,1587,17.6,1.1,4,0
2021-10-16,center_chicago,Chicago,1196,14.4,1.0,5,0
2021-10-17,center_chicago,Chicago,898,17.5,0.0,6,0
2021-10-18,center_chicago,Chicago,1886,20.5,0.0,0,0
2021-10-19,center_chicago,Chicago,1876,19.9,0.0,1,0
2021-10-20,center_chicago,Chicago,1827,21.0,0.1,2,0
2021-10-21,center_chicago,Chicago,1634,18.5,2.0,3,0
2021-10-22,center_chicago,Chicago,1584,12.9,1.1,4,0
2021-10-23,center_chicago,Chicago,1200,12.3,0.0,5,0
2021-10-24,center_chicago,Chicago,882,10.6,14.1,6,0
2021-10-25,center_chicago,Chicago,1330,10.9,47.5,0,0
2021-10-26,center_chicago,Chicago,1905,12.2,0.0,1,0
2021-10-27,center_chicago,Chicago,2063,11.6,0.0,2,0
2021-10-28,center_chicago,Chicago,1853,13.3,3.6,3,0
2021-10-29,center_chicago,Chicago,1235,12.9,25.4,4,0
2021-10-30,center_chicago,Chicago,1086,13.1,6.7,5,0
2021-10-31,center_chicago,Chicago,931,11.9,0.0,6,0
2021-11-01,center_chicago,Chicago,1680,8.9,0.0,0,0
2021-11-02,center_chicago,Chicago,1684,7.4,0.0,1,0
2021-11-03,center_chicago,Chicago,1451,6.6,0.0,2,0
2021-11-04,center_chicago,Chicago,1543,7.8,0.0,3,0
2021-11-05,center_chicago,Chicago,1633,10.1,0.0,4,0
2021-11-06,center_chicago,Chicago,1202,13.4,0.0,5,0
2021-11-07,center_chicago,Chicago,1019,17.0,0.0,6,0
2021-11-08,center_chicago,Chicago,1826,17.2,0.0,0,0
2021-11-09,center_chicago,Chicago,2079,12.6,0.0,1,0
2021-11-10,center_chicago,Chicago,1738,12.6,0.0,2,0
2021-11-11,center_chicago,Chicago,826,12.7,11.8,3,1
2021-11-12,center_chicago,Chicago,1345,8.8,0.7,4,0
2021-11-13,center_chicago,Chicago,1110,5.0,0.0,5,0
2021-11-14,center_chicago,Chicago,868,3.4,4.0,6,0
2021-11-15,center_chicago,Chicago,1635,1.9,0.8,0,0
2021-11-16,center_chicago,Chicago,1614,9.1,0.0,1,0
2021-11-17,center_chicago,Chicago,1744,15.7,8.6,2,0
2021-11-18,center_chicago,Chicago,1571,9.0,0.0,3,0
2021-11-19,center_chicago,Chicago,1405,3.2,0.0,4,0
2021-11-20,center_chicago,Chicago,1153,8.8,0.0,5,0
2021-11-21,center_chicago,Chicago,1008,11.5,0.3,6,0
2021-11-22,center_chicago,Chicago,1393,5.9,0.0,0,0
2021-11-23,center_chicago,Chicago,1457,5.3,0.0,1,0
2021-11-24,center_chicago,Chicago,1697,9.9,0.0,2,0
2021-11-25,center_chicago,Chicago,780,9.1,4.2,3,1
2021-11-26,center_chicago,Chicago,1022,-0.2,0.0,4,0
2021-11-27,center_chicago,Chicago,1060,4.4,0.7,5,0
2021-11-28,center_chicago,Chicago,874,2.5,0.0,6,0
2021-11-29,center_chicago,Chicago,1634,3.7,0.2,0,0
2021-11-30,center_chicago,Chicago,1695,8.8,0.4,1,0
2021-12-01,center_chicago,Chicago,1655,9.4,0.4,2,0
2021-12-02,center_chicago,Chicago,1874,13.2,0.8,3,0
2021-12-03,center_chicago,Chicago,1411,7.9,0.5,4,0
2021-12-04,center_chicago,Chicago,1068,4.7,0.0,5,0
2021-12-05,center_chicago,Chicago,874,8.6,4.0,6,0
2021-12-06,center_chicago,Chicago,1610,5.9,1.4,0,0
2021-12-07,center_chicago,Chicago,1312,-3.5,0.0,1,0
2021-12-08,center_chicago,Chicago,1528,0.7,0.0,2,0
2021-12-09,center_chicago,Chicago,1602,7.1,0.0,3,0
2021-12-10,center_chicago,Chicago,1273,7.7,4.4,4,0
2021-12-11,center_chicago,Chicago,1138,14.4,17.8,5,0
2021-12-12,center_chicago,Chicago,819,8.4,0.0,6,0
2021-12-13,center_chicago,Chicago,1520,9.1,0.0,0,0
2021-12-14,center_chicago,Chicago,1822,10.1,0.0,1,0
2021-12-15,center_chicago,Chicago,1928,17.6,4.9,2,0
2021-12-16,center_chicago,Chicago,1738,16.8,1.1,3,0
2021-12-17,center_chicago,Chicago,1363,2.7,0.0,4,0
2021-12-18,center_chicago,Chicago,917,4.1,7.2,5,0
2021-12-19,center_chicago,Chicago,801,2.2,0.0,6,0
2021-12-20,center_chicago,Chicago,1688,5.0,0.0,0,0
2021-12-21,center_chicago,Chicago,1597,4.8,0.0,1,0
2021-12-22,center_chicago,Chicago,1628,1.6,0.0,2,0
2021-12-23,center_chicago,Chicago,1406,7.8,0.2,3,0
2021-12-24,center_chicago,Chicago,744,13.8,0.0,4,1
2021-12-25,center_chicago,Chicago,571,11.9,4.8,5,1
2021-12-26,center_chicago,Chicago,769,4.7,0.0,6,0
2021-12-27,center_chicago,Chicago,1427,9.9,11.1,0,0
2021-12-28,center_chicago,Chicago,1557,3.0,10.1,1,0
2021-12-29,center_chicago,Chicago,1585,2.7,0.4,2,0
2021-12-30,center_chicago,Chicago,1498,2.8,2.9,3,0
2021-12-31,center_chicago,Chicago,613,6.7,0.0,4,1
2022-01-01,center_chicago,Chicago,490,4.7,5.5,5,1
2022-01-02,center_chicago,Chicago,625,-0.4,7.0,6,0
2022-01-03,center_chicago,Chicago,1351,-6.2,0.0,0,0
2022-01-04,center_chicago,Chicago,1678,0.8,0.0,1,0
2022-01-05,center_chicago,Chicago,1274,-0.4,0.1,2,0
2022-01-06,center_chicago,Chicago,1243,-10.5,0.0,3,0
2022-01-07,center_chicago,Chicago,1171,-10.9,0.0,4,0
2022-01-08,center_chicago,Chicago,885,-1.2,0.1,5,0
2022-01-09,center_chicago,Chicago,853,1.0,1.2,6,0
2022-01-10,center_chicago,Chicago,1205,-8.4,0.2,0,0
2022-01-11,center_chicago,Chicago,1621,1.0,0.0,1,0
2022-01-12,center_chicago,Chicago,1687,4.8,0.2,2,0
2022-01-13,center_chicago,Chicago,1520,3.5,0.0,3,0
2022-01-14,center_chicago,Chicago,1457,1.1,0.0,4,0
2022-01-15,center_chicago,Chicago,907,-1.0,1.4,5,0
2022-01-16,center_chicago,Chicago,695,-3.1,0.0,6,0
2022-01-17,center_chicago,Chicago,572,-1.4,0.4,0,1
2022-01-18,center_chicago,Chicago,1575,5.8,0.0,1,0
2022-01-19,center_chicago,Chicago,1466,4.4,0.0,2,0
2022-01-20,center_chicago,Chicago,1194,-7.8,0.0,3,0
2022-01-21,center_chicago,Chicago,1080,-3.8,0.0,4,0
2022-01-22,center_chicago,Chicago,1111,0.7,0.3,5,0
2022-01-23,center_chicago,Chicago,661,-3.6,7.0,6,0
2022-01-24,center_chicago,Chicago,1382,-2.8,3.5,0,0
2022-01-25,center_chicago,Chicago,1321,-8.3,0.0,1,0
2022-01-26,center_chicago,Chicago,1420,-14.9,0.0,2,0
2022-01-27,center_chicago,Chicago,1243,-0.9,0.0,3,0
2022-01-28,center_chicago,Chicago,1104,-2.3,4.4,4,0
2022-01-29,center_chicago,Chicago,925,-7.5,0.1,5,0
2022-01-30,center_chicago,Chicago,733,-1.7,0.1,6,0
2022-01-31,center_chicago,Chicago,1251,-1.0,0.0,0,0
2022-02-01,center_chicago,Chicago,1753,6.1,2.4,1,0
2022-02-02,center_chicago,Chicago,1450,3.3,19.1,2,0
2022-02-03,center_chicago,Chicago,1347,-3.6,2.9,3,0
2022-02-04,center_chicago,Chicago,1152,-4.8,0.0,4,0
2022-02-05,center_chicago,Chicago,944,-7.4,0.3,5,0
2022-02-06,center_chicago,Chicago,663,-2.8,0.0,6,0
2022-02-07,center_chicago,Chicago,1174,-3.3,0.0,0,0
2022-02-08,center_chicago,Chicago,1494,0.8,0.0,1,0
2022-02-09,center_chicago,Chicago,1635,3.9,0.0,2,0
2022-02-10,center_chicago,Chicago,1488,1.5,0.3,3,0
2022-02-11,center_chicago,Chicago,1388,5.9,3.0,4,0
2022-02-12,center_chicago,Chicago,1031,0.2,0.4,5,0
2022-02-13,center_chicago,Chicago,708,-7.9,0.0,6,0
2022-02-14,center_chicago,Chicago,1295,-2.5,0.0,0,0
2022-02-15,center_chicago,Chicago,1608,2.3,0.0,1,0
2022-02-16,center_chicago,Chicago,1799,13.1,1.8,2,0
2022-02-17,center_chicago,Chicago,1059,9.9,31.0,3,0
2022-02-18,center_chicago,Chicago,1096,-1.9,2.2,4,0
2022-02-19,center_chicago,Chicago,813,-0.9,0.4,5,0
2022-02-20,center_chicago,Chicago,929,10.2,0.0,6,0
2022-02-21,center_chicago,Chicago,793,5.6,0.0,0,1
2022-02-22,center_chicago,Chicago,1593,11.5,12.8,1,0
2022-02-23,center_chicago,Chicago,1195,-1.4,0.0,2,0
2022-02-24,center_chicago,Chicago,1213,-2.3,1.2,3,0
2022-02-25,center_chicago,Chicago,1039,-2.8,4.4,4,0
2022-02-26,center_chicago,Chicago,1131,1.4,0.2,5,0
2022-02-27,center_chicago,Chicago,900,5.9,0.0,6,0
2022-02-28,center_chicago,Chicago,1794,12.1,0.0,0,0
2022-03-01,center_chicago,Chicago,1567,7.6,0.0,1,0
2022-03-02,center_chicago,Chicago,1832,12.1,0.3,2,0
2022-03-03,center_chicago,Chicago,1435,4.2,0.2,3,0
2022-03-04,center_chicago,Chicago,1442,3.0,0.0,4,0
2022-03-05,center_chicago,Chicago,1164,20.0,0.0,5,0
2022-03-06,center_chicago,Chicago,838,16.2,9.2,6,0
2022-03-07,center_chicago,Chicago,1514,2.9,13.0,0,0
2022-03-08,center_chicago,Chicago,1539,3.2,0.0,1,0
2022-03-09,center_chicago,Chicago,1523,5.8,0.0,2,0
2022-03-10,center_chicago,Chicago,1596,0.2,0.3,3,0
2022-03-11,center_chicago,Chicago,1302,1.6,3.1,4,0
2022-03-12,center_chicago,Chicago,917,-4.3,0.0,5,0
2022-03-13,center_chicago,Chicago,892,10.8,0.1,6,0
2022-03-14,center_chicago,Chicago,1748,15.2,0.0,0,0
2022-03-15,center_chicago,Chicago,1931,10.1,0.0,1,0
2022-03-16,center_chicago,Chicago,2059,19.2,0.0,2,0
2022-03-17,center_chicago,Chicago,1981,17.5,3.3,3,0
2022-03-18,center_chicago,Chicago,1142,6.9,15.4,4,0
2022-03-19,center_chicago,Chicago,856,4.3,10.1,5,0
2022-03-20,center_chicago,Chicago,970,14.8,0.5,6,0
2022-03-21,center_chicago,Chicago,1703,21.1,0.0,0,0
2022-03-22,center_chicago,Chicago,2082,14.8,3.4,1,0
2022-03-23,center_chicago,Chicago,1279,15.6,22.1,2,0
2022-03-24,center_chicago,Chicago,1664,11.1,2.9,3,0
2022-03-25,center_chicago,Chicago,1308,8.8,2.1,4,0
2022-03-26,center_chicago,Chicago,1153,4.3,0.0,5,0
2022-03-27,center_chicago,Chicago,885,0.6,0.0,6,0
2022-03-28,center_chicago,Chicago,1177,-1.6,0.0,0,0
2022-03-29,center_chicago,Chicago,1537,4.7,0.0,1,0
2022-03-30,center_chicago,Chicago,1386,16.1,24.5,2,0
2022-03-31,center_chicago,Chicago,1342,13.9,27.0,3,0
2022-04-01,center_chicago,Chicago,1375,4.3,1.1,4,0
2022-04-02,center_chicago,Chicago,1001,5.7,5.3,5,0
2022-04-03,center_chicago,Chicago,814,6.4,0.1,6,0
2022-04-04,center_chicago,Chicago,1766,12.4,10.7,0,0
2022-04-05,center_chicago,Chicago,1701,7.9,0.0,1,0
2022-04-06,center_chicago,Chicago,1648,13.6,15.2,2,0
2022-04-07,center_chicago,Chicago,1590,9.9,1.3,3,0
2022-04-08,center_chicago,Chicago,1412,4.9,3.9,4,0
2022-04-09,center_chicago,Chicago,1104,6.0,2.1,5,0
2022-04-10,center_chicago,Chicago,1080,13.9,0.0,6,0
2022-04-11,center_chicago,Chicago,1647,14.8,2.5,0,0
2022-04-12,center_chicago,Chicago,1983,18.2,0.0,1,0
2022-04-13,center_chicago,Chicago,1795,21.7,13.2,2,0
2022-04-14,center_chicago,Chicago,1670,15.8,6.1,3,0
2022-04-15,center_chicago,Chicago,1431,12.0,1.1,4,0
2022-04-16,center_chicago,Chicago,1041,7.9,0.0,5,0
2022-04-17,center_chicago,Chicago,878,3.7,0.0,6,0
2022-04-18,center_chicago,Chicago,1507,6.6,6.4,0,0
2022-04-19,center_chicago,Chicago,1677,6.8,0.2,1,0
2022-04-20,center_chicago,Chicago,1634,9.9,0.9,2,0
2022-04-21,center_chicago,Chicago,1704,19.5,5.9,3,0
2022-04-22,center_chicago,Chicago,1410,15.9,3.7,4,0
2022-04-23,center_chicago,Chicago,1212,25.8,0.1,5,0
2022-04-24,center_chicago,Chicago,965,23.1,5.0,6,0
2022-04-25,center_chicago,Chicago,1756,19.2,0.0,0,0
2022-04-26,center_chicago,Chicago,1807,10.9,0.0,1,0
2022-04-27,center_chicago,Chicago,1733,5.9,0.0,2,0
2022-04-28,center_chicago,Chicago,1656,8.6,1.3,3,0
2022-04-29,center_chicago,Chicago,1683,14.3,0.0,4,0
2022-04-30,center_chicago,Chicago,1016,19.8,23.3,5,0
2022-05-01,center_chicago,Chicago,942,16.4,8.0,6,0
2022-05-02,center_chicago,Chicago,1909,13.1,0.0,0,0
2022-05-03,center_chicago,Chicago,1181,9.1,25.8,1,0
2022-05-04,center_chicago,Chicago,1624,8.9,0.6,2,0
2022-05-05,center_chicago,Chicago,1369,9.9,8.6,3,0
2022-05-06,center_chicago,Chicago,1149,8.6,9.9,4,0
2022-05-07,center_chicago,Chicago,1155,12.3,0.0,5,0
2022-05-08,center_chicago,Chicago,969,16.5,0.0,6,0
2022-05-09,center_chicago,Chicago,1843,23.5,0.0,0,0
2022-05-10,center_chicago,Chicago,1866,29.4,0.0,1,0
2022-05-11,center_chicago,Chicago,1746,25.9,3.3,2,0
2022-05-12,center_chicago,Chicago,1821,29.6,0.0,3,0
2022-05-13,center_chicago,Chicago,1701,29.0,0.0,4,0
2022-05-14,center_chicago,Chicago,1286,26.1,0.0,5,0
2022-05-15,center_chicago,Chicago,939,20.9,0.1,6,0
2022-05-16,center_chicago,Chicago,1636,24.6,0.8,0,0
2022-05-17,center_chicago,Chicago,1822,23.3,0.0,1,0
2022-05-18,center_chicago,Chicago,1761,15.9,7.2,2,0
2022-05-19,center_chicago,Chicago,1869,28.5,0.2,3,0
2022-05-20,center_chicago,Chicago,1495,30.5,0.3,4,0
2022-05-21,center_chicago,Chicago,909,20.2,38.5,5,0
2022-05-22,center_chicago,Chicago,1025,16.1,1.3,6,0
2022-05-23,center_chicago,Chicago,1755,13.4,0.0,0,0
2022-05-24,center_chicago,Chicago,1775,15.4,0.0,1,0
2022-05-25,center_chicago,Chicago,1846,23.7,4.5,2,0
2022-05-26,center_chicago,Chicago,1574,23.6,7.4,3,0
2022-05-27,center_chicago,Chicago,1108,20.5,31.5,4,0
2022-05-28,center_chicago,Chicago,1174,20.5,0.0,5,0
2022-05-29,center_chicago,Chicago,1036,27.0,0.0,6,0
2022-05-30,center_chicago,Chicago,818,29.0,0.0,0,1
2022-05-31,center_chicago,Chicago,2000,28.5,0.1,1,0
2022-06-01,center_chicago,Chicago,1815,27.2,9.0,2,0
2022-06-02,center_chicago,Chicago,1692,21.4,0.7,3,0
2022-06-03,center_chicago,Chicago,1463,26.7,0.0,4,0
2022-06-04,center_chicago,Chicago,1187,23.8,0.0,5,0
2022-06-05,center_chicago,Chicago,1055,21.8,0.6,6,0
2022-06-06,center_chicago,Chicago,1516,25.9,12.8,0,0
2022-06-07,center_chicago,Chicago,1760,21.7,11.5,1,0
2022-06-08,center_chicago,Chicago,1832,19.1,6.4,2,0
2022-06-09,center_chicago,Chicago,1655,24.6,0.0,3,0
2022-06-10,center_chicago,Chicago,1451,25.1,0.6,4,0
2022-06-11,center_chicago,Chicago,1137,23.1,0.0,5,0
2022-06-12,center_chicago,Chicago,1068,22.4,2.2,6,0
2022-06-13,center_chicago,Chicago,1819,29.5,1.8,0,0
2022-06-14,center_chicago,Chicago,1448,35.8,5.9,1,0
2022-06-15,center_chicago,Chicago,1468,35.8,0.0,2,0
2022-06-16,center_chicago,Chicago,1727,34.9,0.0,3,0
2022-06-17,center_chicago,Chicago,1717,32.5,0.0,4,0
2022-06-18,center_chicago,Chicago,1255,24.2,0.0,5,0
2022-06-19,center_chicago,Chicago,444,29.8,0.0,6,1
2022-06-20,center_chicago,Chicago,953,35.0,0.0,0,1
2022-06-21,center_chicago,Chicago,1546,37.4,0.0,1,0
2022-06-22,center_chicago,Chicago,1985,34.8,0.0,2,0
2022-06-23,center_chicago,Chicago,1815,27.5,0.0,3,0
2022-06-24,center_chicago,Chicago,1457,31.0,0.0,4,0
2022-06-25,center_chicago,Chicago,1066,26.8,12.1,5,0
2022-06-26,center_chicago,Chicago,926,27.0,6.7,6,0
2022-06-27,center_chicago,Chicago,1642,24.0,0.0,0,0
2022-06-28,center_chicago,Chicago,1972,28.7,0.0,1,0
2022-06-29,center_chicago,Chicago,2054,27.7,2.4,2,0
2022-06-30,center_chicago,Chicago,1659,34.0,0.0,3,0
2022-07-01,center_chicago,Chicago,1585,31.0,0.3,4,0
2022-07-02,center_chicago,Chicago,1344,26.1,0.0,5,0
2022-07-03,center_chicago,Chicago,1077,27.5,0.0,6,0
2022-07-04,center_chicago,Chicago,930,33.0,0.2,0,1
2022-07-05,center_chicago,Chicago,1845,29.5,9.4,1,0
2022-07-06,center_chicago,Chicago,1307,25.4,40.2,2,0
2022-07-07,center_chicago,Chicago,1637,26.8,0.0,3,0
2022-07-08,center_chicago,Chicago,1439,24.9,10.5,4,0
2022-07-09,center_chicago,Chicago,1114,22.0,5.4,5,0
2022-07-10,center_chicago,Chicago,1076,27.8,0.0,6,0
2022-07-11,center_chicago,Chicago,1974,30.1,0.0,0,0
2022-07-12,center_chicago,Chicago,2028,30.1,0.0,1,0
2022-07-13,center_chicago,Chicago,2027,26.8,0.4,2,0
2022-07-14,center_chicago,Chicago,1757,23.3,0.0,3,0
2022-07-15,center_chicago,Chicago,1134,24.6,21.7,4,0
2022-07-16,center_chicago,Chicago,1326,22.8,4.0,5,0
2022-07-17,center_chicago,Chicago,953,23.4,3.0,6,0
2022-07-18,center_chicago,Chicago,1833,29.0,0.5,0,0
2022-07-19,center_chicago,Chicago,2007,30.2,0.0,1,0
2022-07-20,center_chicago,Chicago,1767,31.3,0.7,2,0
2022-07-21,center_chicago,Chicago,1875,30.5,3.0,3,0
2022-07-22,center_chicago,Chicago,1622,31.2,0.0,4,0
2022-07-23,center_chicago,Chicago,1210,30.2,10.9,5,0
2022-07-24,center_chicago,Chicago,943,30.2,11.1,6,0
2022-07-25,center_chicago,Chicago,1683,27.4,0.7,0,0
2022-07-26,center_chicago,Chicago,1757,25.0,0.0,1,0
2022-07-27,center_chicago,Chicago,1850,28.8,1.1,2,0
2022-07-28,center_chicago,Chicago,1802,27.5,0.6,3,0
2022-07-29,center_chicago,Chicago,1446,26.4,0.2,4,0
2022-07-30,center_chicago,Chicago,1112,25.9,0.0,5,0
2022-07-31,center_chicago,Chicago,972,28.6,0.0,6,0
2022-08-01,center_chicago,Chicago,1892,30.8,2.3,0,0
2022-08-02,center_chicago,Chicago,1864,30.8,0.0,1,0
2022-08-03,center_chicago,Chicago,1826,29.8,1.8,2,0
2022-08-04,center_chicago,Chicago,1653,27.9,7.0,3,0
2022-08-05,center_chicago,Chicago,1418,26.9,0.1,4,0
2022-08-06,center_chicago,Chicago,1236,32.3,1.8,5,0
2022-08-07,center_chicago,Chicago,766,29.7,34.1,6,0
2022-08-08,center_chicago,Chicago,1457,27.8,30.8,0,0
2022-08-09,center_chicago,Chicago,1895,21.4,0.2,1,0
2022-08-10,center_chicago,Chicago,1883,26.1,0.0,2,0
2022-08-11,center_chicago,Chicago,1808,25.4,0.1,3,0
2022-08-12,center_chicago,Chicago,1502,24.0,0.0,4,0
2022-08-13,center_chicago,Chicago,1172,25.5,1.6,5,0
2022-08-14,center_chicago,Chicago,914,24.0,0.6,6,0
2022-08-15,center_chicago,Chicago,1718,23.0,1.5,0,0
2022-08-16,center_chicago,Chicago,2032,23.5,0.0,1,0
2022-08-17,center_chicago,Chicago,2017,24.5,0.1,2,0
2022-08-18,center_chicago,Chicago,1747,26.9,0.3,3,0
2022-08-19,center_chicago,Chicago,1485,29.8,0.0,4,0
2022-08-20,center_chicago,Chicago,1137,26.0,16.9,5,0
2022-08-21,center_chicago,Chicago,842,24.0,17.8,6,0
2022-08-22,center_chicago,Chicago,1934,23.8,0.1,0,0
2022-08-23,center_chicago,Chicago,1983,26.0,0.0,1,0
2022-08-24,center_chicago,Chicago,1959,26.6,0.0,2,0
2022-08-25,center_chicago,Chicago,1652,28.1,8.3,3,0
2022-08-26,center_chicago,Chicago,1523,24.5,0.7,4,0
2022-08-27,center_chicago,Chicago,1201,24.8,0.0,5,0
2022-08-28,center_chicago,Chicago,890,31.0,2.0,6,0
2022-08-29,center_chicago,Chicago,1758,32.2,16.1,0,0
2022-08-30,center_chicago,Chicago,1771,26.9,0.0,1,0
2022-08-31,center_chicago,Chicago,1817,29.4,0.0,2,0
2022-09-01,center_chicago,Chicago,1972,30.8,0.0,3,0
2022-09-02,center_chicago,Chicago,1579,30.0,0.0,4,0
2022-09-03,center_chicago,Chicago,1188,26.7,0.1,5,0
2022-09-04,center_chicago,Chicago,955,22.2,3.7,6,0
2022-09-05,center_chicago,Chicago,898,21.4,0.6,0,1
2022-09-06,center_chicago,Chicago,1979,24.0,1.3,1,0
2022-09-07,center_chicago,Chicago,1766,23.8,1.0,2,0
2022-09-08,center_chicago,Chicago,1749,27.2,0.0,3,0
2022-09-09,center_chicago,Chicago,1487,28.2,0.0,4,0
2022-09-10,center_chicago,Chicago,1225,28.0,0.0,5,0
2022-09-11,center_chicago,Chicago,778,24.9,38.7,6,0
2022-09-12,center_chicago,Chicago,1743,17.0,10.2,0,0
2022-09-13,center_chicago,Chicago,1833,22.9,0.5,1,0
2022-09-14,center_chicago,Chicago,1902,22.8,0.0,2,0
2022-09-15,center_chicago,Chicago,1721,27.4,0.0,3,0
2022-09-16,center_chicago,Chicago,1610,28.2,0.0,4,0
2022-09-17,center_chicago,Chicago,1231,30.2,0.0,5,0
2022-09-18,center_chicago,Chicago,941,29.6,0.4,6,0
2022-09-19,center_chicago,Chicago,1647,26.0,5.5,0,0
2022-09-20,center_chicago,Chicago,1714,30.9,9.2,1,0
2022-09-21,center_chicago,Chicago,1819,28.2,0.0,2,0
2022-09-22,center_chicago,Chicago,1751,22.9,0.0,3,0
2022-09-23,center_chicago,Chicago,1492,17.4,0.0,4,0
2022-09-24,center_chicago,Chicago,1341,22.6,0.6,5,0
2022-09-25,center_chicago,Chicago,880,19.7,9.9,6,0
2022-09-26,center_chicago,Chicago,1828,17.0,0.9,0,0
2022-09-27,center_chicago,Chicago,1738,14.1,0.5,1,0
2022-09-28,center_chicago,Chicago,1874,13.4,0.1,2,0
2022-09-29,center_chicago,Chicago,1724,14.8,0.0,3,0
2022-09-30,center_chicago,Chicago,1583,16.1,0.0,4,0
2022-10-01,center_chicago,Chicago,1217,17.9,0.0,5,0
2022-10-02,center_chicago,Chicago,1009,16.3,0.0,6,0
2022-10-03,center_chicago,Chicago,1747,16.1,0.0,0,0
2022-10-04,center_chicago,Chicago,1719,21.5,0.0,1,0
2022-10-05,center_chicago,Chicago,1752,23.8,0.0,2,0
2022-10-06,center_chicago,Chicago,1646,23.8,0.4,3,0
2022-10-07,center_chicago,Chicago,1659,15.2,4.6,4,0
2022-10-08,center_chicago,Chicago,1285,13.9,0.0,5,0
2022-10-09,center_chicago,Chicago,1067,19.5,0.0,6,0
2022-10-10,center_chicago,Chicago,955,19.5,0.1,0,1
2022-10-11,center_chicago,Chicago,1536,22.1,5.4,1,0
2022-10-12,center_chicago,Chicago,1706,20.8,12.8,2,0
2022-10-13,center_chicago,Chicago,1758,12.1,0.6,3,0
2022-10-14,center_chicago,Chicago,1573,14.9,0.0,4,0
2022-10-15,center_chicago,Chicago,1261,11.4,3.9,5,0
2022-10-16,center_chicago,Chicago,941,12.6,0.0,6,0
2022-10-17,center_chicago,Chicago,1542,9.1,0.6,0,0
2022-10-18,center_chicago,Chicago,1467,7.6,0.6,1,0
2022-10-19,center_chicago,Chicago,1470,8.1,0.0,2,0
2022-10-20,center_chicago,Chicago,1717,14.6,0.0,3,0
2022-10-21,center_chicago,Chicago,1651,22.0,0.0,4,0
2022-10-22,center_chicago,Chicago,1352,24.5,0.0,5,0
2022-10-23,center_chicago,Chicago,920,24.0,0.0,6,0
2022-10-24,center_chicago,Chicago,1807,22.8,2.1,0,0
2022-10-25,center_chicago,Chicago,1517,20.8,25.2,1,0
2022-10-26,center_chicago,Chicago,1661,12.1,17.8,2,0
2022-10-27,center_chicago,Chicago,1627,9.8,0.0,3,0
2022-10-28,center_chicago,Chicago,1650,11.6,0.0,4,0
2022-10-29,center_chicago,Chicago,1163,13.7,0.0,5,0
2022-10-30,center_chicago,Chicago,908,13.4,0.0,6,0
2022-10-31,center_chicago,Chicago,1527,13.6,12.7,0,0
2022-11-01,center_chicago,Chicago,1866,18.6,0.1,1,0
2022-11-02,center_chicago,Chicago,1972,19.9,0.0,2,0
2022-11-03,center_chicago,Chicago,1809,20.9,0.0,3,0
2022-11-04,center_chicago,Chicago,1627,20.3,1.8,4,0
2022-11-05,center_chicago,Chicago,1143,19.8,14.1,5,0
2022-11-06,center_chicago,Chicago,898,15.8,0.0,6,0
2022-11-07,center_chicago,Chicago,1797,11.7,0.0,0,0
2022-11-08,center_chicago,Chicago,1770,10.9,0.0,1,0
2022-11-09,center_chicago,Chicago,1829,19.5,0.4,2,0
2022-11-10,center_chicago,Chicago,1918,21.6,0.0,3,0
2022-11-11,center_chicago,Chicago,795,16.9,0.0,4,1
2022-11-12,center_chicago,Chicago,1077,3.2,0.0,5,0
2022-11-13,center_chicago,Chicago,911,2.8,0.0,6,0
2022-11-14,center_chicago,Chicago,1566,4.4,0.0,0,0
2022-11-15,center_chicago,Chicago,1739,3.3,4.8,1,0
2022-11-16,center_chicago,Chicago,1591,2.0,4.1,2,0
2022-11-17,center_chicago,Chicago,1525,2.0,0.2,3,0
2022-11-18,center_chicago,Chicago,1126,-0.6,0.2,4,0
2022-11-19,center_chicago,Chicago,862,-1.1,0.0,5,0
2022-11-20,center_chicago,Chicago,908,0.3,0.0,6,0
2022-11-21,center_chicago,Chicago,1402,7.4,0.0,0,0
2022-11-22,center_chicago,Chicago,1765,9.1,0.0,1,0
2022-11-23,center_chicago,Chicago,1778,12.1,0.0,2,0
2022-11-24,center_chicago,Chicago,973,11.0,0.0,3,1
2022-11-25,center_chicago,Chicago,1604,10.0,0.0,4,0
2022-11-26,center_chicago,Chicago,1174,11.5,0.0,5,0
2022-11-27,center_chicago,Chicago,804,7.0,7.3,6,0
2022-11-28,center_chicago,Chicago,1661,8.0,0.0,0,0
2022-11-29,center_chicago,Chicago,1757,13.9,0.0,1,0
2022-11-30,center_chicago,Chicago,1810,12.6,5.7,2,0
2022-12-01,center_chicago,Chicago,1461,1.8,0.0,3,0
2022-12-02,center_chicago,Chicago,1455,10.1,0.0,4,0
2022-12-03,center_chicago,Chicago,984,9.6,0.3,5,0
2022-12-04,center_chicago,Chicago,770,3.4,0.0,6,0
2022-12-05,center_chicago,Chicago,1666,6.2,0.0,0,0
2022-12-06,center_chicago,Chicago,1495,6.6,0.1,1,0
2022-12-07,center_chicago,Chicago,1497,7.6,0.0,2,0
2022-12-08,center_chicago,Chicago,1645,5.2,0.0,3,0
2022-12-09,center_chicago,Chicago,1096,3.0,12.0,4,0
2022-12-10,center_chicago,Chicago,1058,4.1,0.1,5,0
2022-12-11,center_chicago,Chicago,891,4.2,0.1,6,0
2022-12-12,center_chicago,Chicago,1421,5.1,0.3,0,0
2022-12-13,center_chicago,Chicago,1452,3.6,0.0,1,0
2022-12-14,center_chicago,Chicago,1323,7.2,11.5,2,0
2022-12-15,center_chicago,Chicago,1205,4.7,26.3,3,0
2022-12-16,center_chicago,Chicago,1217,0.6,1.0,4,0
2022-12-17,center_chicago,Chicago,907,-2.3,0.0,5,0
2022-12-18,center_chicago,Chicago,736,-4.4,0.0,6,0
2022-12-19,center_chicago,Chicago,1165,-3.5,0.0,0,0
2022-12-20,center_chicago,Chicago,1742,2.2,0.0,1,0
2022-12-21,center_chicago,Chicago,1232,-0.3,0.0,2,0
2022-12-22,center_chicago,Chicago,1642,1.2,3.9,3,0
2022-12-23,center_chicago,Chicago,1094,-14.3,1.8,4,0
2022-12-24,center_chicago,Chicago,926,-9.4,0.2,5,0
2022-12-25,center_chicago,Chicago,329,-9.6,0.0,6,1
2022-12-26,center_chicago,Chicago,688,-5.1,1.1,0,1
2022-12-27,center_chicago,Chicago,1430,-2.6,0.0,1,0
2022-12-28,center_chicago,Chicago,1571,7.1,0.0,2,0
2022-12-29,center_chicago,Chicago,1738,13.6,0.0,3,0
2022-12-30,center_chicago,Chicago,1561,11.9,0.3,4,0
2022-12-31,center_chicago,Chicago,1042,2.2,0.0,5,0
2023-01-01,center_chicago,Chicago,412,8.5,3.6,6,1
2023-01-02,center_chicago,Chicago,822,4.6,0.0,0,1
2023-01-03,center_chicago,Chicago,1848,12.7,12.4,1,0
2023-01-04,center_chicago,Chicago,1821,10.9,1.0,2,0
2023-01-05,center_chicago,Chicago,1565,1.0,1.3,3,0
2023-01-06,center_chicago,Chicago,1398,0.9,0.0,4,0
2023-01-07,center_chicago,Chicago,1077,0.7,0.0,5,0
2023-01-08,center_chicago,Chicago,863,1.5,0.0,6,0
2023-01-09,center_chicago,Chicago,1543,5.7,0.0,0,0
2023-01-10,center_chicago,Chicago,1523,8.0,0.4,1,0
2023-01-11,center_chicago,Chicago,1803,10.6,0.0,2,0
2023-01-12,center_chicago,Chicago,1503,7.9,0.1,3,0
2023-01-13,center_chicago,Chicago,1435,2.3,0.8,4,0
2023-01-14,center_chicago,Chicago,1076,0.2,0.0,5,0
2023-01-15,center_chicago,Chicago,828,5.1,0.0,6,0
2023-01-16,center_chicago,Chicago,688,7.3,8.7,0,1
2023-01-17,center_chicago,Chicago,1504,8.6,0.1,1,0
2023-01-18,center_chicago,Chicago,1764,3.5,0.0,2,0
2023-01-19,center_chicago,Chicago,1284,5.2,16.9,3,0
2023-01-20,center_chicago,Chicago,1289,2.8,1.3,4,0
2023-01-21,center_chicago,Chicago,1082,2.5,0.0,5,0
2023-01-22,center_chicago,Chicago,817,0.8,2.3,6,0
2023-01-23,center_chicago,Chicago,1166,-0.3,0.3,0,0
2023-01-24,center_chicago,Chicago,1594,1.6,0.0,1,0
2023-01-25,center_chicago,Chicago,1525,0.9,8.5,2,0
2023-01-26,center_chicago,Chicago,1615,0.3,2.1,3,0
2023-01-27,center_chicago,Chicago,1231,2.8,0.7,4,0
2023-01-28,center_chicago,Chicago,1059,0.9,1.6,5,0
2023-01-29,center_chicago,Chicago,728,-0.6,1.9,6,0
2023-01-30,center_chicago,Chicago,1283,-4.1,1.2,0,0
2023-01-31,center_chicago,Chicago,1288,-10.3,0.0,1,0
2023-02-01,center_chicago,Chicago,1374,-2.8,0.0,2,0
2023-02-02,center_chicago,Chicago,1211,-0.2,0.0,3,0
2023-02-03,center_chicago,Chicago,1042,-3.8,0.0,4,0
2023-02-04,center_chicago,Chicago,1126,5.4,0.0,5,0
2023-02-05,center_chicago,Chicago,916,5.8,0.0,6,0
2023-02-06,center_chicago,Chicago,1674,5.2,0.0,0,0
2023-02-07,center_chicago,Chicago,1563,9.6,0.0,1,0
2023-02-08,center_chicago,Chicago,1667,5.4,0.0,2,0
2023-02-09,center_chicago,Chicago,1372,9.2,18.6,3,0
2023-02-10,center_chicago,Chicago,1314,3.0,0.7,4,0
2023-02-11,center_chicago,Chicago,1097,6.9,0.0,5,0
2023-02-12,center_chicago,Chicago,961,10.0,0.0,6,0
2023-02-13,center_chicago,Chicago,1570,9.8,0.0,0,0
2023-02-14,center_chicago,Chicago,1877,11.5,0.6,1,0
2023-02-15,center_chicago,Chicago,2074,10.0,4.6,2,0
2023-02-16,center_chicago,Chicago,1469,2.5,9.6,3,0
2023-02-17,center_chicago,Chicago,1024,-0.3,4.2,4,0
2023-02-18,center_chicago,Chicago,1034,7.4,0.0,5,0
2023-02-19,center_chicago,Chicago,929,10.4,0.0,6,0
2023-02-20,center_chicago,Chicago,756,5.8,0.0,0,1
2023-02-21,center_chicago,Chicago,1482,3.7,0.0,1,0
2023-02-22,center_chicago,Chicago,1161,1.9,24.8,2,0
2023-02-23,center_chicago,Chicago,1398,7.3,6.3,3,0
2023-02-24,center_chicago,Chicago,1059,-0.8,0.0,4,0
2023-02-25,center_chicago,Chicago,1139,4.0,1.7,5,0
2023-02-26,center_chicago,Chicago,834,6.8,0.0,6,0
2023-02-27,center_chicago,Chicago,1788,14.7,19.1,0,0
2023-02-28,center_chicago,Chicago,1561,8.4,0.0,1,0
2023-03-01,center_chicago,Chicago,1968,14.1,4.2,2,0
2023-03-02,center_chicago,Chicago,1392,7.3,0.0,3,0
2023-03-03,center_chicago,Chicago,1303,2.7,5.7,4,0
2023-03-04,center_chicago,Chicago,1046,8.8,1.1,5,0
2023-03-05,center_chicago,Chicago,786,5.3,0.5,6,0
2023-03-06,center_chicago,Chicago,1573,12.9,9.9,0,0
2023-03-07,center_chicago,Chicago,1714,4.2,0.0,1,0
2023-03-08,center_chicago,Chicago,1527,4.6,0.0,2,0
2023-03-09,center_chicago,Chicago,1565,3.1,1.3,3,0
2023-03-10,center_chicago,Chicago,1301,1.6,12.0,4,0
2023-03-11,center_chicago,Chicago,1122,3.5,0.0,5,0
2023-03-12,center_chicago,Chicago,749,3.3,5.6,6,0
2023-03-13,center_chicago,Chicago,1554,1.7,1.2,0,0
2023-03-14,center_chicago,Chicago,1604,0.1,0.1,1,0
2023-03-15,center_chicago,Chicago,1634,9.4,0.0,2,0
2023-03-16,center_chicago,Chicago,1968,10.1,0.5,3,0
2023-03-17,center_chicago,Chicago,1111,9.8,5.3,4,0
2023-03-18,center_chicago,Chicago,855,-0.9,0.0,5,0
2023-03-19,center_chicago,Chicago,869,4.7,0.0,6,0
2023-03-20,center_chicago,Chicago,1647,9.9,0.0,0,0
2023-03-21,center_chicago,Chicago,1506,9.9,0.0,1,0
2023-03-22,center_chicago,Chicago,2064,13.2,0.7,2,0
2023-03-23,center_chicago,Chicago,1515,8.4,4.5,3,0
2023-03-24,center_chicago,Chicago,1424,4.6,0.0,4,0
2023-03-25,center_chicago,Chicago,883,5.6,19.3,5,0
2023-03-26,center_chicago,Chicago,917,5.8,0.3,6,0
2023-03-27,center_chicago,Chicago,1684,4.4,0.0,0,0
2023-03-28,center_chicago,Chicago,1588,9.0,0.6,1,0
2023-03-29,center_chicago,Chicago,1500,6.9,0.2,2,0
2023-03-30,center_chicago,Chicago,1562,9.0,0.0,3,0
2023-03-31,center_chicago,Chicago,1558,20.4,3.0,4,0
2023-04-01,center_chicago,Chicago,1088,15.2,10.1,5,0
2023-04-02,center_chicago,Chicago,998,11.4,0.0,6,0
2023-04-03,center_chicago,Chicago,1817,12.4,2.1,0,0
2023-04-04,center_chicago,Chicago,1548,20.9,14.3,1,0
2023-04-05,center_chicago,Chicago,1330,22.1,21.8,2,0
2023-04-06,center_chicago,Chicago,1814,10.9,0.0,3,0
2023-04-07,center_chicago,Chicago,1203,8.6,0.0,4,0
2023-04-08,center_chicago,Chicago,1250,12.8,0.0,5,0
2023-04-09,center_chicago,Chicago,1057,17.6,0.0,6,0
2023-04-10,center_chicago,Chicago,1695,19.8,0.0,0,0
2023-04-11,center_chicago,Chicago,1754,23.1,0.0,1,0
2023-04-12,center_chicago,Chicago,1935,24.7,0.0,2,0
2023-04-13,center_chicago,Chicago,1652,25.7,0.0,3,0
2023-04-14,center_chicago,Chicago,1453,24.7,0.0,4,0
2023-04-15,center_chicago,Chicago,1188,26.7,0.3,5,0
2023-04-16,center_chicago,Chicago,877,23.6,7.2,6,0
2023-04-17,center_chicago,Chicago,1532,5.4,3.2,0,0
2023-04-18,center_chicago,Chicago,1896,12.9,0.0,1,0
2023-04-19,center_chicago,Chicago,2022,19.8,0.0,2,0
2023-04-20,center_chicago,Chicago,1739,25.8,4.6,3,0
2023-04-21,center_chicago,Chicago,1509,18.0,1.4,4,0
2023-04-22,center_chicago,Chicago,1187,14.4,1.8,5,0
2023-04-23,center_chicago,Chicago,821,6.2,3.0,6,0
2023-04-24,center_chicago,Chicago,1500,9.8,0.2,0,0
2023-04-25,center_chicago,Chicago,1702,7.6,4.0,1,0
2023-04-26,center_chicago,Chicago,1539,6.7,0.0,2,0
2023-04-27,center_chicago,Chicago,1643,15.7,0.0,3,0
2023-04-28,center_chicago,Chicago,1632,11.2,0.0,4,0
2023-04-29,center_chicago,Chicago,1330,14.8,3.0,5,0
2023-04-30,center_chicago,Chicago,917,10.6,2.5,6,0
2023-05-01,center_chicago,Chicago,1299,7.2,6.2,0,0
2023-05-02,center_chicago,Chicago,1922,11.5,0.7,1,0
2023-05-03,center_chicago,Chicago,1521,8.1,0.0,2,0
2023-05-04,center_chicago,Chicago,1642,17.9,0.0,3,0
2023-05-05,center_chicago,Chicago,1704,23.9,0.0,4,0
2023-05-06,center_chicago,Chicago,1277,24.6,0.4,5,0
2023-05-07,center_chicago,Chicago,1032,24.6,0.5,6,0
2023-05-08,center_chicago,Chicago,1595,14.9,12.0,0,0
2023-05-09,center_chicago,Chicago,1726,13.1,0.2,1,0
2023-05-10,center_chicago,Chicago,2025,18.6,0.0,2,0
2023-05-11,center_chicago,Chicago,1665,23.4,0.0,3,0
2023-05-12,center_chicago,Chicago,1519,19.6,13.1,4,0
2023-05-13,center_chicago,Chicago,1066,15.3,6.9,5,0
2023-05-14,center_chicago,Chicago,1011,13.7,0.0,6,0
2023-05-15,center_chicago,Chicago,1824,13.2,0.0,0,0
2023-05-16,center_chicago,Chicago,1914,25.1,0.0,1,0
2023-05-17,center_chicago,Chicago,1790,12.9,0.0,2,0
2023-05-18,center_chicago,Chicago,1668,19.0,0.0,3,0
2023-05-19,center_chicago,Chicago,1408,23.4,5.2,4,0
2023-05-20,center_chicago,Chicago,1299,16.4,0.0,5,0
2023-05-21,center_chicago,Chicago,984,22.6,0.0,6,0
2023-05-22,center_chicago,Chicago,1837,22.8,0.0,0,0
2023-05-23,center_chicago,Chicago,1743,26.1,0.0,1,0
2023-05-24,center_chicago,Chicago,2054,21.6,0.0,2,0
2023-05-25,center_chicago,Chicago,1895,13.4,0.0,3,0
2023-05-26,center_chicago,Chicago,1409,17.0,0.0,4,0
2023-05-27,center_chicago,Chicago,1128,19.6,0.0,5,0
2023-05-28,center_chicago,Chicago,961,22.3,0.0,6,0
2023-05-29,center_chicago,Chicago,842,22.9,0.0,0,1
2023-05-30,center_chicago,Chicago,1778,26.2,0.0,1,0
2023-05-31,center_chicago,Chicago,2039,30.1,2.5,2,0
2023-06-01,center_chicago,Chicago,1967,30.1,0.0,3,0
2023-06-02,center_chicago,Chicago,1589,27.2,0.0,4,0
2023-06-03,center_chicago,Chicago,1272,25.5,0.0,5,0
2023-06-04,center_chicago,Chicago,933,23.0,0.0,6,0
2023-06-05,center_chicago,Chicago,1766,25.1,0.0,0,0
2023-06-06,center_chicago,Chicago,1859,23.0,0.2,1,0
2023-06-07,center_chicago,Chicago,1853,19.0,0.0,2,0
2023-06-08,center_chicago,Chicago,1732,19.7,0.0,3,0
2023-06-09,center_chicago,Chicago,1526,23.4,0.0,4,0
2023-06-10,center_chicago,Chicago,1247,28.9,0.0,5,0
2023-06-11,center_chicago,Chicago,890,25.6,4.4,6,0
2023-06-12,center_chicago,Chicago,1944,18.9,0.0,0,0
2023-06-13,center_chicago,Chicago,1771,19.4,7.2,1,0
2023-06-14,center_chicago,Chicago,1766,19.1,4.7,2,0
2023-06-15,center_chicago,Chicago,1939,27.2,0.2,3,0
2023-06-16,center_chicago,Chicago,1692,17.3,0.0,4,0
2023-06-17,center_chicago,Chicago,1224,22.5,0.0,5,0
2023-06-18,center_chicago,Chicago,1041,25.7,0.0,6,0
2023-06-19,center_chicago,Chicago,933,25.9,0.0,0,1
2023-06-20,center_chicago,Chicago,1988,23.0,0.0,1,0
2023-06-21,center_chicago,Chicago,1940,26.3,0.0,2,0
2023-06-22,center_chicago,Chicago,1897,25.0,0.0,3,0
2023-06-23,center_chicago,Chicago,1586,25.2,0.0,4,0
2023-06-24,center_chicago,Chicago,1295,28.6,0.0,5,0
2023-06-25,center_chicago,Chicago,949,29.5,6.2,6,0
2023-06-26,center_chicago,Chicago,1582,24.2,5.1,0,0
2023-06-27,center_chicago,Chicago,1794,21.3,1.1,1,0
2023-06-28,center_chicago,Chicago,1742,25.4,0.1,2,0
2023-06-29,center_chicago,Chicago,1325,30.3,32.5,3,0
2023-06-30,center_chicago,Chicago,1699,30.6,0.3,4,0
2023-07-01,center_chicago,Chicago,1189,26.5,18.4,5,0
2023-07-02,center_chicago,Chicago,768,23.2,141.0,6,0
2023-07-03,center_chicago,Chicago,1721,23.7,1.8,0,0
2023-07-04,center_chicago,Chicago,1009,29.6,0.0,1,1
2023-07-05,center_chicago,Chicago,1601,29.7,6.0,2,0
2023-07-06,center_chicago,Chicago,1450,23.9,34.0,3,0
2023-07-07,center_chicago,Chicago,1447,23.0,0.0,4,0
2023-07-08,center_chicago,Chicago,1090,20.9,7.9,5,0
2023-07-09,center_chicago,Chicago,1028,26.1,0.3,6,0
2023-07-10,center_chicago,Chicago,1856,29.0,0.0,0,0
2023-07-11,center_chicago,Chicago,1786,28.8,7.0,1,0
2023-07-12,center_chicago,Chicago,1455,25.2,33.4,2,0
2023-07-13,center_chicago,Chicago,1985,22.9,0.4,3,0
2023-07-14,center_chicago,Chicago,1556,31.0,0.0,4,0
2023-07-15,center_chicago,Chicago,1220,28.3,11.9,5,0
2023-07-16,center_chicago,Chicago,999,27.7,0.0,6,0
2023-07-17,center_chicago,Chicago,1890,25.0,0.0,0,0
2023-07-18,center_chicago,Chicago,1743,22.8,0.0,1,0
2023-07-19,center_chicago,Chicago,2052,25.8,0.0,2,0
2023-07-20,center_chicago,Chicago,1732,30.0,0.9,3,0
2023-07-21,center_chicago,Chicago,1698,25.6,0.1,4,0
2023-07-22,center_chicago,Chicago,1194,28.2,0.0,5,0
2023-07-23,center_chicago,Chicago,915,26.3,0.0,6,0
2023-07-24,center_chicago,Chicago,1793,27.9,0.0,0,0
2023-07-25,center_chicago,Chicago,1813,30.9,0.0,1,0
2023-07-26,center_chicago,Chicago,1415,32.0,21.1,2,0
2023-07-27,center_chicago,Chicago,1777,28.8,0.0,3,0
2023-07-28,center_chicago,Chicago,1277,32.2,9.3,4,0
2023-07-29,center_chicago,Chicago,1083,23.5,14.7,5,0
2023-07-30,center_chicago,Chicago,921,23.8,0.1,6,0
2023-07-31,center_chicago,Chicago,1800,25.0,0.2,0,0
2023-08-01,center_chicago,Chicago,1845,27.9,0.3,1,0
2023-08-02,center_chicago,Chicago,1846,28.3,0.0,2,0
2023-08-03,center_chicago,Chicago,1672,28.0,0.0,3,0
2023-08-04,center_chicago,Chicago,1647,26.9,0.0,4,0
2023-08-05,center_chicago,Chicago,1125,22.9,18.8,5,0
2023-08-06,center_chicago,Chicago,918,22.0,10.3,6,0
2023-08-07,center_chicago,Chicago,1719,23.0,0.6,0,0
2023-08-08,center_chicago,Chicago,1840,28.0,0.2,1,0
2023-08-09,center_chicago,Chicago,2013,27.0,0.2,2,0
2023-08-10,center_chicago,Chicago,1975,27.8,2.5,3,0
2023-08-11,center_chicago,Chicago,1418,27.9,8.7,4,0
2023-08-12,center_chicago,Chicago,1017,26.6,7.8,5,0
2023-08-13,center_chicago,Chicago,993,25.5,0.9,6,0
2023-08-14,center_chicago,Chicago,1584,23.2,14.3,0,0
2023-08-15,center_chicago,Chicago,1819,21.2,13.3,1,0
2023-08-16,center_chicago,Chicago,1963,26.4,0.0,2,0
2023-08-17,center_chicago,Chicago,1694,26.0,10.4,3,0
2023-08-18,center_chicago,Chicago,1625,22.8,0.0,4,0
2023-08-19,center_chicago,Chicago,1309,26.5,0.3,5,0
2023-08-20,center_chicago,Chicago,1017,27.6,0.0,6,0
2023-08-21,center_chicago,Chicago,1810,24.8,0.0,0,0
2023-08-22,center_chicago,Chicago,1925,28.0,0.0,1,0
2023-08-23,center_chicago,Chicago,1599,36.6,0.0,2,0
2023-08-24,center_chicago,Chicago,1441,37.0,0.0,3,0
2023-08-25,center_chicago,Chicago,1173,28.5,22.0,4,0
2023-08-26,center_chicago,Chicago,1125,24.7,0.8,5,0
2023-08-27,center_chicago,Chicago,1080,20.8,0.0,6,0
2023-08-28,center_chicago,Chicago,1792,23.5,0.0,0,0
2023-08-29,center_chicago,Chicago,1736,28.9,0.2,1,0
2023-08-30,center_chicago,Chicago,2074,20.8,0.3,2,0
2023-08-31,center_chicago,Chicago,1754,21.7,0.0,3,0
2023-09-01,center_chicago,Chicago,1635,26.4,0.0,4,0
2023-09-02,center_chicago,Chicago,1300,31.4,0.0,5,0
2023-09-03,center_chicago,Chicago,914,34.6,0.0,6,0
2023-09-04,center_chicago,Chicago,958,33.3,0.1,0,1
2023-09-05,center_chicago,Chicago,1960,32.6,0.1,1,0
2023-09-06,center_chicago,Chicago,1737,29.7,6.1,2,0
2023-09-07,center_chicago,Chicago,1916,21.1,2.3,3,0
2023-09-08,center_chicago,Chicago,1423,18.8,13.1,4,0
2023-09-09,center_chicago,Chicago,1262,20.9,0.0,5,0
2023-09-10,center_chicago,Chicago,905,23.2,0.0,6,0
2023-09-11,center_chicago,Chicago,1239,22.8,42.5,0,0
2023-09-12,center_chicago,Chicago,1755,18.2,6.6,1,0
2023-09-13,center_chicago,Chicago,1965,18.0,4.8,2,0
2023-09-14,center_chicago,Chicago,1797,19.6,0.0,3,0
2023-09-15,center_chicago,Chicago,1599,23.3,0.0,4,0
2023-09-16,center_chicago,Chicago,1258,19.4,1.5,5,0
2023-09-17,center_chicago,Chicago,713,18.5,51.2,6,0
2023-09-18,center_chicago,Chicago,1710,17.8,0.4,0,0
2023-09-19,center_chicago,Chicago,1643,19.2,8.1,1,0
2023-09-20,center_chicago,Chicago,1939,25.5,0.3,2,0
2023-09-21,center_chicago,Chicago,1932,22.2,0.1,3,0
2023-09-22,center_chicago,Chicago,1503,23.5,1.5,4,0
2023-09-23,center_chicago,Chicago,1114,22.4,0.0,5,0
2023-09-24,center_chicago,Chicago,972,21.9,0.0,6,0
2023-09-25,center_chicago,Chicago,1783,21.2,3.7,0,0
2023-09-26,center_chicago,Chicago,1797,21.6,17.4,1,0
2023-09-27,center_chicago,Chicago,1845,19.5,9.1,2,0
2023-09-28,center_chicago,Chicago,1752,19.5,1.0,3,0
2023-09-29,center_chicago,Chicago,1653,21.5,0.1,4,0
2023-09-30,center_chicago,Chicago,1233,25.2,0.0,5,0
2023-10-01,center_chicago,Chicago,936,24.7,0.0,6,0
2023-10-02,center_chicago,Chicago,1696,26.5,0.0,0,0
2023-10-03,center_chicago,Chicago,2052,27.8,0.0,1,0
2023-10-04,center_chicago,Chicago,1754,27.8,0.0,2,0
2023-10-05,center_chicago,Chicago,1555,23.1,11.2,3,0
2023-10-06,center_chicago,Chicago,1556,18.1,0.9,4,0
2023-10-07,center_chicago,Chicago,1336,13.7,0.1,5,0
2023-10-08,center_chicago,Chicago,935,12.2,0.0,6,0
2023-10-09,center_chicago,Chicago,965,12.6,0.0,0,1
2023-10-10,center_chicago,Chicago,2081,15.2,0.0,1,0
2023-10-11,center_chicago,Chicago,1961,17.3,0.0,2,0
2023-10-12,center_chicago,Chicago,1244,15.3,21.7,3,0
2023-10-13,center_chicago,Chicago,1332,14.4,13.8,4,0
2023-10-14,center_chicago,Chicago,881,13.2,21.1,5,0
2023-10-15,center_chicago,Chicago,1032,13.8,1.6,6,0
2023-10-16,center_chicago,Chicago,1691,12.5,1.9,0,0
2023-10-17,center_chicago,Chicago,1853,15.4,0.0,1,0
2023-10-18,center_chicago,Chicago,2080,18.0,0.0,2,0
2023-10-19,center_chicago,Chicago,1644,15.9,3.8,3,0
2023-10-20,center_chicago,Chicago,1456,14.6,6.9,4,0
2023-10-21,center_chicago,Chicago,1139,17.5,1.0,5,0
2023-10-22,center_chicago,Chicago,1047,11.6,2.3,6,0
2023-10-23,center_chicago,Chicago,1878,16.8,0.0,0,0
2023-10-24,center_chicago,Chicago,1792,24.5,0.3,1,0
2023-10-25,center_chicago,Chicago,1542,20.7,9.0,2,0
2023-10-26,center_chicago,Chicago,1743,19.5,7.9,3,0
2023-10-27,center_chicago,Chicago,1343,21.4,6.0,4,0
2023-10-28,center_chicago,Chicago,1312,15.8,2.5,5,0
2023-10-29,center_chicago,Chicago,737,9.9,10.7,6,0
2023-10-30,center_chicago,Chicago,1544,6.5,1.7,0,0
2023-10-31,center_chicago,Chicago,1615,2.8,1.4,1,0
2023-11-01,center_chicago,Chicago,1523,5.3,0.6,2,0
2023-11-02,center_chicago,Chicago,1786,10.6,0.0,3,0
2023-11-03,center_chicago,Chicago,1685,11.8,0.0,4,0
2023-11-04,center_chicago,Chicago,1344,12.4,0.1,5,0
2023-11-05,center_chicago,Chicago,980,13.8,0.0,6,0
2023-11-06,center_chicago,Chicago,1859,19.7,1.3,0,0
2023-11-07,center_chicago,Chicago,1713,15.1,0.0,1,0
2023-11-08,center_chicago,Chicago,1610,15.3,11.2,2,0
2023-11-09,center_chicago,Chicago,1992,12.1,1.0,3,0
2023-11-10,center_chicago,Chicago,602,8.1,0.0,4,1
2023-11-11,center_chicago,Chicago,505,9.9,0.0,5,1
2023-11-12,center_chicago,Chicago,916,11.8,0.0,6,0
2023-11-13,center_chicago,Chicago,1741,14.8,0.0,0,0
2023-11-14,center_chicago,Chicago,2034,13.9,0.0,1,0
2023-11-15,center_chicago,Chicago,1819,15.6,0.0,2,0
2023-11-16,center_chicago,Chicago,1828,16.8,0.0,3,0
2023-11-17,center_chicago,Chicago,1540,15.5,0.7,4,0
2023-11-18,center_chicago,Chicago,1138,9.8,0.0,5,0
2023-11-19,center_chicago,Chicago,763,9.8,0.0,6,0
2023-11-20,center_chicago,Chicago,1441,8.1,0.1,0,0
2023-11-21,center_chicago,Chicago,1554,7.8,16.9,1,0
2023-11-22,center_chicago,Chicago,1698,7.2,0.0,2,0
2023-11-23,center_chicago,Chicago,792,6.8,0.0,3,1
2023-11-24,center_chicago,Chicago,1257,4.7,0.0,4,0
2023-11-25,center_chicago,Chicago,1043,1.9,0.0,5,0
2023-11-26,center_chicago,Chicago,842,1.5,3.3,6,0
2023-11-27,center_chicago,Chicago,1553,0.2,0.0,0,0
2023-11-28,center_chicago,Chicago,1266,-4.2,0.0,1,0
2023-11-29,center_chicago,Chicago,1685,5.6,0.0,2,0
2023-11-30,center_chicago,Chicago,1837,10.4,0.0,3,0
2023-12-01,center_chicago,Chicago,1256,6.6,17.0,4,0
2023-12-02,center_chicago,Chicago,967,6.1,1.9,5,0
2023-12-03,center_chicago,Chicago,811,4.8,7.6,6,0
2023-12-04,center_chicago,Chicago,1512,4.8,0.0,0,0
2023-12-05,center_chicago,Chicago,1750,4.5,2.8,1,0
2023-12-06,center_chicago,Chicago,1624,3.4,0.4,2,0
2023-12-07,center_chicago,Chicago,1692,10.8,0.0,3,0
2023-12-08,center_chicago,Chicago,1661,13.2,0.0,4,0
2023-12-09,center_chicago,Chicago,1219,12.1,2.0,5,0
2023-12-10,center_chicago,Chicago,865,5.3,0.0,6,0
2023-12-11,center_chicago,Chicago,1397,1.6,0.0,0,0
2023-12-12,center_chicago,Chicago,1697,2.6,0.0,1,0
2023-12-13,center_chicago,Chicago,1659,3.7,0.0,2,0
2023-12-14,center_chicago,Chicago,1666,8.4,0.0,3,0
2023-12-15,center_chicago,Chicago,1673,10.3,0.0,4,0
2023-12-16,center_chicago,Chicago,984,5.7,6.1,5,0
2023-12-17,center_chicago,Chicago,845,6.7,3.0,6,0
2023-12-18,center_chicago,Chicago,1479,5.2,0.1,0,0
2023-12-19,center_chicago,Chicago,1708,0.3,0.0,1,0
2023-12-20,center_chicago,Chicago,1657,5.5,0.0,2,0
2023-12-21,center_chicago,Chicago,1509,5.7,0.0,3,0
2023-12-22,center_chicago,Chicago,1206,8.1,4.2,4,0
2023-12-23,center_chicago,Chicago,987,7.8,9.7,5,0
2023-12-24,center_chicago,Chicago,929,13.3,0.0,6,0
2023-12-25,center_chicago,Chicago,957,11.2,2.1,0,1
2023-12-26,center_chicago,Chicago,1658,11.2,6.7,1,0
2023-12-27,center_chicago,Chicago,1686,4.8,0.0,2,0
2023-12-28,center_chicago,Chicago,1390,4.7,1.5,3,0
2023-12-29,center_chicago,Chicago,1111,4.8,7.1,4,0
2023-12-30,center_chicago,Chicago,981,5.7,0.0,5,0
2023-12-31,center_chicago,Chicago,898,2.2,1.5,6,0
2020-01-01,center_dallas,Dallas,423,13.1,0.0,2,1
2020-01-02,center_dallas,Dallas,843,16.4,0.0,3,0
2020-01-03,center_dallas,Dallas,756,14.4,0.4,4,0
2020-01-04,center_dallas,Dallas,658,13.1,0.0,5,0
2020-01-05,center_dallas,Dallas,506,19.9,0.0,6,0
2020-01-06,center_dallas,Dallas,852,16.8,0.0,0,0
2020-01-07,center_dallas,Dallas,900,16.0,0.0,1,0
2020-01-08,center_dallas,Dallas,902,16.9,0.0,2,0
2020-01-09,center_dallas,Dallas,949,20.0,2.5,3,0
2020-01-10,center_dallas,Dallas,577,21.1,26.2,4,0
2020-01-11,center_dallas,Dallas,485,18.2,35.0,5,0
2020-01-12,center_dallas,Dallas,445,13.8,0.0,6,0
2020-01-13,center_dallas,Dallas,908,17.5,0.0,0,0
2020-01-14,center_dallas,Dallas,870,19.5,0.1,1,0
2020-01-15,center_dallas,Dallas,957,24.4,3.5,2,0
2020-01-16,center_dallas,Dallas,743,21.7,16.6,3,0
2020-01-17,center_dallas,Dallas,716,17.9,8.7,4,0
2020-01-18,center_dallas,Dallas,491,17.2,7.5,5,0
2020-01-19,center_dallas,Dallas,514,10.5,0.0,6,0
2020-01-20,center_dallas,Dallas,472,11.2,0.0,0,1
2020-01-21,center_dallas,Dallas,1009,11.4,0.0,1,0
2020-01-22,center_dallas,Dallas,778,8.2,10.7,2,0
2020-01-23,center_dallas,Dallas,769,13.6,6.4,3,0
2020-01-24,center_dallas,Dallas,802,13.9,0.0,4,0
2020-01-25,center_dallas,Dallas,642,17.4,0.0,5,0
2020-01-26,center_dallas,Dallas,483,16.5,0.7,6,0
2020-01-27,center_dallas,Dallas,874,17.2,0.0,0,0
2020-01-28,center_dallas,Dallas,833,18.6,17.6,1,0
2020-01-29,center_dallas,Dallas,719,9.8,0.0,2,0
2020-01-30,center_dallas,Dallas,684,7.5,0.3,3,0
2020-01-31,center_dallas,Dallas,696,12.1,0.1,4,0
2020-02-01,center_dallas,Dallas,555,16.5,0.0,5,0
2020-02-02,center_dallas,Dallas,448,22.9,0.0,6,0
2020-02-03,center_dallas,Dallas,905,21.5,1.4,0,0
2020-02-04,center_dallas,Dallas,854,18.2,11.4,1,0
2020-02-05,center_dallas,Dallas,642,7.3,5.2,2,0
2020-02-06,center_dallas,Dallas,797,7.4,1.1,3,0
2020-02-07,center_dallas,Dallas,837,14.6,0.0,4,0
2020-02-08,center_dallas,Dallas,583,16.5,0.0,5,0
2020-02-09,center_dallas,Dallas,531,22.0,3.2,6,0
2020-02-10,center_dallas,Dallas,788,19.0,6.1,0,0
2020-02-11,center_dallas,Dallas,642,6.9,9.8,1,0
2020-02-12,center_dallas,Dallas,678,11.4,39.2,2,0
2020-02-13,center_dallas,Dallas,713,8.6,0.0,3,0
2020-02-14,center_dallas,Dallas,596,9.8,0.0,4,0
2020-02-15,center_dallas,Dallas,584,17.2,0.0,5,0
2020-02-16,center_dallas,Dallas,492,22.9,0.0,6,0
2020-02-17,center_dallas,Dallas,478,24.3,0.0,0,1
2020-02-18,center_dallas,Dallas,787,21.6,12.6,1,0
2020-02-19,center_dallas,Dallas,896,12.5,9.5,2,0
2020-02-20,center_dallas,Dallas,812,11.1,16.2,3,0
2020-02-21,center_dallas,Dallas,635,8.1,0.0,4,0
2020-02-22,center_dallas,Dallas,561,13.6,0.0,5,0
2020-02-23,center_dallas,Dallas,506,16.8,1.1,6,0
2020-02-24,center_dallas,Dallas,867,17.9,1.9,0,0
2020-02-25,center_dallas,Dallas,940,15.1,0.0,1,0
2020-02-26,center_dallas,Dallas,849,12.3,0.1,2,0
2020-02-27,center_dallas,Dallas,813,14.5,0.0,3,0
2020-02-28,center_dallas,Dallas,815,16.7,0.0,4,0
2020-02-29,center_dallas,Dallas,546,21.4,0.0,5,0
2020-03-01,center_dallas,Dallas,515,23.5,1.2,6,0
2020-03-02,center_dallas,Dallas,943,24.1,0.0,0,0
2020-03-03,center_dallas,Dallas,1009,20.4,0.9,1,0
2020-03-04,center_dallas,Dallas,757,17.7,25.1,2,0
2020-03-05,center_dallas,Dallas,723,19.6,9.1,3,0
2020-03-06,center_dallas,Dallas,695,17.6,0.0,4,0
2020-03-07,center_dallas,Dallas,650,16.1,0.0,5,0
2020-03-08,center_dallas,Dallas,463,19.4,0.0,6,0
2020-03-09,center_dallas,Dallas,828,24.5,4.0,0,0
2020-03-10,center_dallas,Dallas,856,24.8,0.1,1,0
2020-03-11,center_dallas,Dallas,1010,28.5,0.0,2,0
2020-03-12,center_dallas,Dallas,869,28.3,0.5,3,0
2020-03-13,center_dallas,Dallas,608,25.0,37.8,4,0
2020-03-14,center_dallas,Dallas,558,22.6,4.9,5,0
2020-03-15,center_dallas,Dallas,529,16.5,4.8,6,0
2020-03-16,center_dallas,Dallas,649,21.9,30.4,0,0
2020-03-17,center_dallas,Dallas,800,22.5,6.2,1,0
2020-03-18,center_dallas,Dallas,684,25.8,54.6,2,0
2020-03-19,center_dallas,Dallas,703,26.1,31.4,3,0
2020-03-20,center_dallas,Dallas,713,22.3,8.7,4,0
2020-03-21,center_dallas,Dallas,610,16.5,0.0,5,0
2020-03-22,center_dallas,Dallas,337,19.0,20.2,6,0
2020-03-23,center_dallas,Dallas,871,21.5,0.4,0,0
2020-03-24,center_dallas,Dallas,873,27.0,0.4,1,0
2020-03-25,center_dallas,Dallas,965,28.2,0.0,2,0
2020-03-26,center_dallas,Dallas,817,28.5,0.0,3,0
2020-03-27,center_dallas,Dallas,838,27.4,0.0,4,0
2020-03-28,center_dallas,Dallas,531,26.2,9.9,5,0
2020-03-29,center_dallas,Dallas,493,21.5,0.0,6,0
2020-03-30,center_dallas,Dallas,820,19.5,6.9,0,0
2020-03-31,center_dallas,Dallas,997,18.6,2.5,1,0
2020-04-01,center_dallas,Dallas,941,21.4,0.0,2,0
2020-04-02,center_dallas,Dallas,944,21.8,0.2,3,0
2020-04-03,center_dallas,Dallas,750,21.2,8.8,4,0
2020-04-04,center_dallas,Dallas,496,12.6,7.8,5,0
2020-04-05,center_dallas,Dallas,496,17.3,0.7,6,0
2020-04-06,center_dallas,Dallas,830,22.0,4.4,0,0
2020-04-07,center_dallas,Dallas,978,29.1,0.6,1,0
2020-04-08,center_dallas,Dallas,882,32.0,0.0,2,0
2020-04-09,center_dallas,Dallas,954,28.5,1.1,3,0
2020-04-10,center_dallas,Dallas,799,20.9,0.1,4,0
2020-04-11,center_dallas,Dallas,581,20.5,11.8,5,0
2020-04-12,center_dallas,Dallas,397,26.1,31.8,6,0
2020-04-13,center_dallas,Dallas,934,21.9,0.0,0,0
2020-04-14,center_dallas,Dallas,994,12.6,0.0,1,0
2020-04-15,center_dallas,Dallas,854,15.4,0.0,2,0
2020-04-16,center_dallas,Dallas,958,21.0,0.0,3,0
2020-04-17,center_dallas,Dallas,721,20.1,0.4,4,0
2020-04-18,center_dallas,Dallas,573,18.2,3.6,5,0
2020-04-19,center_dallas,Dallas,490,26.9,4.3,6,0
2020-04-20,center_dallas,Dallas,924,24.4,0.0,0,0
2020-04-21,center_dallas,Dallas,948,27.1,1.4,1,0
2020-04-22,center_dallas,Dallas,864,28.1,7.2,2,0
2020-04-23,center_dallas,Dallas,843,26.9,0.0,3,0
2020-04-24,center_dallas,Dallas,766,30.8,0.1,4,0
2020-04-25,center_dallas,Dallas,624,26.1,0.0,5,0
2020-04-26,center_dallas,Dallas,477,26.8,0.0,6,0
2020-04-27,center_dallas,Dallas,811,28.0,0.0,0,0
2020-04-28,center_dallas,Dallas,995,31.0,0.0,1,0
2020-04-29,center_dallas,Dallas,642,28.3,42.3,2,0
2020-04-30,center_dallas,Dallas,840,25.9,0.0,3,0
2020-05-01,center_dallas,Dallas,758,30.0,0.0,4,0
2020-05-02,center_dallas,Dallas,613,31.5,0.3,5,0
2020-05-03,center_dallas,Dallas,444,32.3,0.0,6,0
2020-05-04,center_dallas,Dallas,848,33.3,0.0,0,0
2020-05-05,center_dallas,Dallas,845,30.5,4.9,1,0
2020-05-06,center_dallas,Dallas,998,27.0,0.0,2,0
2020-05-07,center_dallas,Dallas,802,29.8,0.0,3,0
2020-05-08,center_dallas,Dallas,825,26.6,3.0,4,0
2020-05-09,center_dallas,Dallas,621,22.2,0.0,5,0
2020-05-10,center_dallas,Dallas,478,24.0,0.0,6,0
2020-05-11,center_dallas,Dallas,839,26.5,0.0,0,0
2020-05-12,center_dallas,Dallas,794,25.3,16.0,1,0
2020-05-13,center_dallas,Dallas,937,28.8,1.1,2,0
2020-05-14,center_dallas,Dallas,846,29.2,0.7,3,0
2020-05-15,center_dallas,Dallas,755,30.3,0.0,4,0
2020-05-16,center_dallas,Dallas,452,24.4,55.6,5,0
2020-05-17,center_dallas,Dallas,471,27.8,13.8,6,0
2020-05-18,center_dallas,Dallas,943,30.0,0.0,0,0
2020-05-19,center_dallas,Dallas,846,32.2,0.0,1,0
2020-05-20,center_dallas,Dallas,995,29.5,0.0,2,0
2020-05-21,center_dallas,Dallas,801,27.0,6.2,3,0
2020-05-22,center_dallas,Dallas,813,27.5,4.0,4,0
2020-05-23,center_dallas,Dallas,622,29.9,0.2,5,0
2020-05-24,center_dallas,Dallas,426,27.0,12.3,6,0
2020-05-25,center_dallas,Dallas,305,22.5,66.4,0,1
2020-05-26,center_dallas,Dallas,901,22.8,0.8,1,0
2020-05-27,center_dallas,Dallas,969,27.9,0.0,2,0
2020-05-28,center_dallas,Dallas,907,28.1,0.7,3,0
2020-05-29,center_dallas,Dallas,712,28.9,0.1,4,0
2020-05-30,center_dallas,Dallas,571,29.1,0.0,5,0
2020-05-31,center_dallas,Dallas,446,29.5,0.0,6,0
2020-06-01,center_dallas,Dallas,964,28.9,0.4,0,0
2020-06-02,center_dallas,Dallas,888,29.8,2.8,1,0
2020-06-03,center_dallas,Dallas,984,32.5,0.0,2,0
2020-06-04,center_dallas,Dallas,800,34.5,0.1,3,0
2020-06-05,center_dallas,Dallas,728,34.9,0.0,4,0
2020-06-06,center_dallas,Dallas,646,34.7,0.0,5,0
2020-06-07,center_dallas,Dallas,474,33.8,0.1,6,0
2020-06-08,center_dallas,Dallas,816,35.0,0.0,0,0
2020-06-09,center_dallas,Dallas,769,37.8,0.0,1,0
2020-06-10,center_dallas,Dallas,852,32.8,0.0,2,0
2020-06-11,center_dallas,Dallas,914,32.0,0.0,3,0
2020-06-12,center_dallas,Dallas,822,32.3,0.0,4,0
2020-06-13,center_dallas,Dallas,551,33.4,0.0,5,0
2020-06-14,center_dallas,Dallas,452,33.8,0.0,6,0
2020-06-15,center_dallas,Dallas,896,32.8,0.6,0,0
2020-06-16,center_dallas,Dallas,1009,32.3,1.4,1,0
2020-06-17,center_dallas,Dallas,954,34.8,0.0,2,0
2020-06-18,center_dallas,Dallas,910,34.3,0.0,3,0
2020-06-19,center_dallas,Dallas,766,33.8,0.2,4,0
2020-06-20,center_dallas,Dallas,663,33.1,2.2,5,0
2020-06-21,center_dallas,Dallas,346,29.1,33.9,6,0
2020-06-22,center_dallas,Dallas,804,34.2,0.0,0,0
2020-06-23,center_dallas,Dallas,730,29.3,28.7,1,0
2020-06-24,center_dallas,Dallas,888,30.3,1.4,2,0
2020-06-25,center_dallas,Dallas,810,31.4,0.2,3,0
2020-06-26,center_dallas,Dallas,766,29.9,3.7,4,0
2020-06-27,center_dallas,Dallas,606,31.9,2.8,5,0
2020-06-28,center_dallas,Dallas,444,31.5,3.3,6,0
2020-06-29,center_dallas,Dallas,917,33.3,0.1,0,0
2020-06-30,center_dallas,Dallas,909,34.6,0.0,1,0
2020-07-01,center_dallas,Dallas,924,34.7,0.0,2,0
2020-07-02,center_dallas,Dallas,939,32.2,3.8,3,0
2020-07-03,center_dallas,Dallas,355,34.1,0.0,4,1
2020-07-04,center_dallas,Dallas,314,34.8,0.0,5,1
2020-07-05,center_dallas,Dallas,492,32.8,0.4,6,0
2020-07-06,center_dallas,Dallas,764,32.2,8.0,0,0
2020-07-07,center_dallas,Dallas,763,30.8,7.1,1,0
2020-07-08,center_dallas,Dallas,902,32.2,2.3,2,0
2020-07-09,center_dallas,Dallas,882,34.6,0.1,3,0
2020-07-10,center_dallas,Dallas,815,33.8,0.0,4,0
2020-07-11,center_dallas,Dallas,487,36.0,0.0,5,0
2020-07-12,center_dallas,Dallas,410,38.1,0.0,6,0
2020-07-13,center_dallas,Dallas,658,38.2,0.0,0,0
2020-07-14,center_dallas,Dallas,757,38.2,0.0,1,0
2020-07-15,center_dallas,Dallas,745,36.7,0.4,2,0
2020-07-16,center_dallas,Dallas,691,36.5,0.0,3,0
2020-07-17,center_dallas,Dallas,725,34.8,1.3,4,0
2020-07-18,center_dallas,Dallas,545,34.5,0.1,5,0
2020-07-19,center_dallas,Dallas,512,34.2,0.1,6,0
2020-07-20,center_dallas,Dallas,950,34.0,0.2,0,0
2020-07-21,center_dallas,Dallas,861,31.0,2.1,1,0
2020-07-22,center_dallas,Dallas,761,31.6,6.0,2,0
2020-07-23,center_dallas,Dallas,825,33.0,3.5,3,0
2020-07-24,center_dallas,Dallas,712,35.0,0.2,4,0
2020-07-25,center_dallas,Dallas,570,34.9,0.8,5,0
2020-07-26,center_dallas,Dallas,510,31.9,1.0,6,0
2020-07-27,center_dallas,Dallas,828,32.7,0.5,0,0
2020-07-28,center_dallas,Dallas,775,31.4,16.9,1,0
2020-07-29,center_dallas,Dallas,896,33.1,0.8,2,0
2020-07-30,center_dallas,Dallas,722,35.7,0.0,3,0
2020-07-31,center_dallas,Dallas,801,34.9,4.0,4,0
2020-08-01,center_dallas,Dallas,596,32.0,0.0,5,0
2020-08-02,center_dallas,Dallas,449,34.3,0.0,6,0
2020-08-03,center_dallas,Dallas,948,34.0,0.0,0,0
2020-08-04,center_dallas,Dallas,886,32.7,0.0,1,0
2020-08-05,center_dallas,Dallas,919,32.9,1.4,2,0
2020-08-06,center_dallas,Dallas,679,36.0,0.3,3,0
2020-08-07,center_dallas,Dallas,621,36.0,0.0,4,0
2020-08-08,center_dallas,Dallas,530,36.2,0.0,5,0
2020-08-09,center_dallas,Dallas,399,35.9,0.0,6,0
2020-08-10,center_dallas,Dallas,752,36.7,0.0,0,0
2020-08-11,center_dallas,Dallas,706,37.0,0.0,1,0
2020-08-12,center_dallas,Dallas,689,37.8,0.0,2,0
2020-08-13,center_dallas,Dallas,693,38.7,0.0,3,0
2020-08-14,center_dallas,Dallas,625,39.6,0.0,4,0
2020-08-15,center_dallas,Dallas,527,39.2,0.0,5,0
2020-08-16,center_dallas,Dallas,391,39.0,0.9,6,0
2020-08-17,center_dallas,Dallas,820,34.9,6.5,0,0
2020-08-18,center_dallas,Dallas,813,35.5,0.0,1,0
2020-08-19,center_dallas,Dallas,948,33.3,0.0,2,0
2020-08-20,center_dallas,Dallas,959,32.5,0.0,3,0
2020-08-21,center_dallas,Dallas,733,33.1,0.0,4,0
2020-08-22,center_dallas,Dallas,625,34.3,0.0,5,0
2020-08-23,center_dallas,Dallas,456,34.5,0.0,6,0
2020-08-24,center_dallas,Dallas,807,34.8,0.0,0,0
2020-08-25,center_dallas,Dallas,950,34.3,0.0,1,0
2020-08-26,center_dallas,Dallas,953,32.8,3.9,2,0
2020-08-27,center_dallas,Dallas,939,33.4,1.2,3,0
2020-08-28,center_dallas,Dallas,666,38.3,0.1,4,0
2020-08-29,center_dallas,Dallas,510,40.0,0.0,5,0
2020-08-30,center_dallas,Dallas,294,36.0,21.3,6,0
2020-08-31,center_dallas,Dallas,640,36.3,0.0,0,0
2020-09-01,center_dallas,Dallas,700,35.2,9.0,1,0
2020-09-02,center_dallas,Dallas,709,28.4,69.0,2,0
2020-09-03,center_dallas,Dallas,836,26.4,7.5,3,0
2020-09-04,center_dallas,Dallas,808,28.9,2.4,4,0
2020-09-05,center_dallas,Dallas,502,30.6,5.9,5,0
2020-09-06,center_dallas,Dallas,458,31.4,0.0,6,0
2020-09-07,center_dallas,Dallas,472,32.5,0.2,0,1
2020-09-08,center_dallas,Dallas,887,30.6,4.8,1,0
2020-09-09,center_dallas,Dallas,933,29.6,2.6,2,0
2020-09-10,center_dallas,Dallas,673,22.4,20.3,3,0
2020-09-11,center_dallas,Dallas,784,25.1,0.6,4,0
2020-09-12,center_dallas,Dallas,643,29.0,0.0,5,0
2020-09-13,center_dallas,Dallas,490,30.5,0.2,6,0
2020-09-14,center_dallas,Dallas,935,29.8,0.1,0,0
2020-09-15,center_dallas,Dallas,955,29.5,1.7,1,0
2020-09-16,center_dallas,Dallas,955,29.4,1.0,2,0
2020-09-17,center_dallas,Dallas,820,30.1,2.3,3,0
2020-09-18,center_dallas,Dallas,786,29.5,0.2,4,0
2020-09-19,center_dallas,Dallas,562,27.7,0.0,5,0
2020-09-20,center_dallas,Dallas,512,28.0,0.0,6,0
2020-09-21,center_dallas,Dallas,757,25.5,11.5,0,0
2020-09-22,center_dallas,Dallas,775,23.8,8.2,1,0
2020-09-23,center_dallas,Dallas,837,24.0,0.0,2,0
2020-09-24,center_dallas,Dallas,877,25.8,0.0,3,0
2020-09-25,center_dallas,Dallas,712,26.6,0.0,4,0
2020-09-26,center_dallas,Dallas,575,29.4,0.0,5,0
2020-09-27,center_dallas,Dallas,528,31.8,0.3,6,0
2020-09-28,center_dallas,Dallas,968,29.0,0.7,0,0
2020-09-29,center_dallas,Dallas,950,25.9,0.0,1,0
2020-09-30,center_dallas,Dallas,859,30.9,0.0,2,0
2020-10-01,center_dallas,Dallas,803,27.2,0.0,3,0
2020-10-02,center_dallas,Dallas,819,24.1,0.0,4,0
2020-10-03,center_dallas,Dallas,599,28.6,0.0,5,0
2020-10-04,center_dallas,Dallas,477,25.6,1.3,6,0
2020-10-05,center_dallas,Dallas,838,25.8,0.0,0,0
2020-10-06,center_dallas,Dallas,993,29.8,0.0,1,0
2020-10-07,center_dallas,Dallas,859,31.0,0.0,2,0
2020-10-08,center_dallas,Dallas,956,30.1,0.0,3,0
2020-10-09,center_dallas,Dallas,717,30.2,0.0,4,0
2020-10-10,center_dallas,Dallas,609,30.6,0.0,5,0
2020-10-11,center_dallas,Dallas,372,35.7,0.0,6,0
2020-10-12,center_dallas,Dallas,427,31.2,0.0,0,1
2020-10-13,center_dallas,Dallas,871,27.5,0.0,1,0
2020-10-14,center_dallas,Dallas,990,32.5,0.0,2,0
2020-10-15,center_dallas,Dallas,800,28.9,0.9,3,0
2020-10-16,center_dallas,Dallas,779,21.5,0.0,4,0
2020-10-17,center_dallas,Dallas,581,26.2,0.0,5,0
2020-10-18,center_dallas,Dallas,473,31.4,0.3,6,0
2020-10-19,center_dallas,Dallas,810,28.1,0.2,0,0
2020-10-20,center_dallas,Dallas,858,29.5,1.6,1,0
2020-10-21,center_dallas,Dallas,999,28.5,0.1,2,0
2020-10-22,center_dallas,Dallas,842,29.5,0.2,3,0
2020-10-23,center_dallas,Dallas,727,26.0,19.0,4,0
2020-10-24,center_dallas,Dallas,587,15.9,0.0,5,0
2020-10-25,center_dallas,Dallas,492,20.5,0.1,6,0
2020-10-26,center_dallas,Dallas,800,15.3,14.5,0,0
2020-10-27,center_dallas,Dallas,746,7.8,7.0,1,0
2020-10-28,center_dallas,Dallas,669,10.4,21.8,2,0
2020-10-29,center_dallas,Dallas,959,15.2,0.0,3,0
2020-10-30,center_dallas,Dallas,802,17.2,0.0,4,0
2020-10-31,center_dallas,Dallas,578,20.1,0.0,5,0
2020-11-01,center_dallas,Dallas,522,20.9,0.0,6,0
2020-11-02,center_dallas,Dallas,820,19.5,0.0,0,0
2020-11-03,center_dallas,Dallas,987,23.2,0.0,1,0
2020-11-04,center_dallas,Dallas,980,22.8,0.0,2,0
2020-11-05,center_dallas,Dallas,941,25.3,0.0,3,0
2020-11-06,center_dallas,Dallas,828,23.1,0.1,4,0
2020-11-07,center_dallas,Dallas,548,23.4,0.0,5,0
2020-11-08,center_dallas,Dallas,452,23.5,0.0,6,0
2020-11-09,center_dallas,Dallas,888,26.2,0.1,0,0
2020-11-10,center_dallas,Dallas,885,23.1,1.1,1,0
2020-11-11,center_dallas,Dallas,498,21.4,0.0,2,1
2020-11-12,center_dallas,Dallas,938,25.9,0.1,3,0
2020-11-13,center_dallas,Dallas,823,22.3,0.7,4,0
2020-11-14,center_dallas,Dallas,556,28.8,0.9,5,0
2020-11-15,center_dallas,Dallas,472,25.0,0.0,6,0
2020-11-16,center_dallas,Dallas,805,20.0,0.0,0,0
2020-11-17,center_dallas,Dallas,955,22.0,0.0,1,0
2020-11-18,center_dallas,Dallas,898,22.8,0.0,2,0
2020-11-19,center_dallas,Dallas,916,24.5,0.0,3,0
2020-11-20,center_dallas,Dallas,810,24.7,0.0,4,0
2020-11-21,center_dallas,Dallas,613,23.0,3.5,5,0
2020-11-22,center_dallas,Dallas,460,22.0,2.0,6,0
2020-11-23,center_dallas,Dallas,853,16.9,0.0,0,0
2020-11-24,center_dallas,Dallas,974,21.2,4.8,1,0
2020-11-25,center_dallas,Dallas,986,20.6,4.4,2,0
2020-11-26,center_dallas,Dallas,480,22.5,0.0,3,1
2020-11-27,center_dallas,Dallas,787,18.2,0.7,4,0
2020-11-28,center_dallas,Dallas,544,17.5,0.1,5,0
2020-11-29,center_dallas,Dallas,417,12.4,14.8,6,0
2020-11-30,center_dallas,Dallas,839,10.1,0.0,0,0
2020-12-01,center_dallas,Dallas,913,13.0,0.0,1,0
2020-12-02,center_dallas,Dallas,915,15.3,1.6,2,0
2020-12-03,center_dallas,Dallas,852,10.2,0.0,3,0
2020-12-04,center_dallas,Dallas,819,12.2,0.0,4,0
2020-12-05,center_dallas,Dallas,555,14.8,0.0,5,0
2020-12-06,center_dallas,Dallas,443,14.6,2.3,6,0
2020-12-07,center_dallas,Dallas,798,15.9,0.0,0,0
2020-12-08,center_dallas,Dallas,973,19.9,0.0,1,0
2020-12-09,center_dallas,Dallas,965,23.9,0.0,2,0
2020-12-10,center_dallas,Dallas,973,23.6,0.0,3,0
2020-12-11,center_dallas,Dallas,678,20.4,9.5,4,0
2020-12-12,center_dallas,Dallas,614,16.2,0.4,5,0
2020-12-13,center_dallas,Dallas,374,8.4,13.5,6,0
2020-12-14,center_dallas,Dallas,739,8.7,0.3,0,0
2020-12-15,center_dallas,Dallas,836,7.1,0.6,1,0
2020-12-16,center_dallas,Dallas,727,7.2,0.8,2,0
2020-12-17,center_dallas,Dallas,835,14.6,0.0,3,0
2020-12-18,center_dallas,Dallas,699,16.7,0.0,4,0
2020-12-19,center_dallas,Dallas,553,14.8,1.7,5,0
2020-12-20,center_dallas,Dallas,484,16.7,0.0,6,0
2020-12-21,center_dallas,Dallas,923,20.2,0.0,0,0
2020-12-22,center_dallas,Dallas,906,20.1,0.0,1,0
2020-12-23,center_dallas,Dallas,976,21.1,0.0,2,0
2020-12-24,center_dallas,Dallas,839,11.6,0.0,3,0
2020-12-25,center_dallas,Dallas,357,14.4,0.0,4,1
2020-12-26,center_dallas,Dallas,578,19.1,0.0,5,0
2020-12-27,center_dallas,Dallas,474,23.0,0.0,6,0
2020-12-28,center_dallas,Dallas,967,15.2,0.5,0,0
2020-12-29,center_dallas,Dallas,995,21.1,1.3,1,0
2020-12-30,center_dallas,Dallas,696,18.9,20.6,2,0
2020-12-31,center_dallas,Dallas,520,5.8,51.7,3,0
2021-01-01,center_dallas,Dallas,301,6.8,11.3,4,1
2021-01-02,center_dallas,Dallas,625,11.8,0.0,5,0
2021-01-03,center_dallas,Dallas,479,16.4,0.0,6,0
2021-01-04,center_dallas,Dallas,964,17.0,0.0,0,0
2021-01-05,center_dallas,Dallas,939,16.6,0.0,1,0
2021-01-06,center_dallas,Dallas,821,15.6,11.9,2,0
2021-01-07,center_dallas,Dallas,689,9.2,3.0,3,0
2021-01-08,center_dallas,Dallas,614,8.7,0.0,4,0
2021-01-09,center_dallas,Dallas,546,7.8,0.0,5,0
2021-01-10,center_dallas,Dallas,379,5.3,4.5,6,0
2021-01-11,center_dallas,Dallas,707,7.4,1.1,0,0
2021-01-12,center_dallas,Dallas,966,10.6,0.0,1,0
2021-01-13,center_dallas,Dallas,998,14.9,0.0,2,0
2021-01-14,center_dallas,Dallas,944,16.1,0.0,3,0
2021-01-15,center_dallas,Dallas,721,11.2,0.0,4,0
2021-01-16,center_dallas,Dallas,567,12.0,0.0,5,0
2021-01-17,center_dallas,Dallas,508,14.9,0.0,6,0
2021-01-18,center_dallas,Dallas,453,17.0,0.0,0,1
2021-01-19,center_dallas,Dallas,868,14.9,16.6,1,0
2021-01-20,center_dallas,Dallas,878,12.1,5.6,2,0
2021-01-21,center_dallas,Dallas,833,14.3,2.5,3,0
2021-01-22,center_dallas,Dallas,821,12.9,2.4,4,0
2021-01-23,center_dallas,Dallas,609,13.9,0.5,5,0
2021-01-24,center_dallas,Dallas,418,18.0,8.3,6,0
2021-01-25,center_dallas,Dallas,824,20.5,4.6,0,0
2021-01-26,center_dallas,Dallas,903,13.6,0.0,1,0
2021-01-27,center_dallas,Dallas,880,10.1,0.2,2,0
2021-01-28,center_dallas,Dallas,698,8.6,0.0,3,0
2021-01-29,center_dallas,Dallas,830,15.4,0.0,4,0
2021-01-30,center_dallas,Dallas,618,22.5,3.1,5,0
2021-01-31,center_dallas,Dallas,485,17.8,0.0,6,0
2021-02-01,center_dallas,Dallas,916,13.1,0.0,0,0
2021-02-02,center_dallas,Dallas,888,15.5,0.0,1,0
2021-02-03,center_dallas,Dallas,914,20.0,0.0,2,0
2021-02-04,center_dallas,Dallas,858,19.4,0.0,3,0
2021-02-05,center_dallas,Dallas,731,13.4,0.0,4,0
2021-02-06,center_dallas,Dallas,577,15.8,1.1,5,0
2021-02-07,center_dallas,Dallas,449,13.4,0.0,6,0
2021-02-08,center_dallas,Dallas,922,19.5,0.9,0,0
2021-02-09,center_dallas,Dallas,986,15.9,0.3,1,0
2021-02-10,center_dallas,Dallas,741,5.0,3.3,2,0
2021-02-11,center_dallas,Dallas,763,5.2,4.4,3,0
2021-02-12,center_dallas,Dallas,593,2.2,0.2,4,0
2021-02-13,center_dallas,Dallas,562,0.4,0.2,5,0
2021-02-14,center_dallas,Dallas,306,-1.7,3.1,6,0
2021-02-15,center_dallas,Dallas,321,-10.2,2.7,0,1
2021-02-16,center_dallas,Dallas,705,-8.2,0.0,1,0
2021-02-17,center_dallas,Dallas,642,-3.5,4.0,2,0
2021-02-18,center_dallas,Dallas,629,-2.1,0.0,3,0
2021-02-19,center_dallas,Dallas,690,0.6,0.0,4,0
2021-02-20,center_dallas,Dallas,624,11.1,0.0,5,0
2021-02-21,center_dallas,Dallas,460,20.7,0.0,6,0
2021-02-22,center_dallas,Dallas,810,18.9,0.0,0,0
2021-02-23,center_dallas,Dallas,909,23.8,0.0,1,0
2021-02-24,center_dallas,Dallas,993,21.2,0.0,2,0
2021-02-25,center_dallas,Dallas,891,18.1,3.3,3,0
2021-02-26,center_dallas,Dallas,613,17.4,60.3,4,0
2021-02-27,center_dallas,Dallas,462,22.6,30.2,5,0
2021-02-28,center_dallas,Dallas,463,22.1,9.8,6,0
2021-03-01,center_dallas,Dallas,811,13.6,8.1,0,0
2021-03-02,center_dallas,Dallas,840,14.8,0.2,1,0
2021-03-03,center_dallas,Dallas,874,18.5,0.0,2,0
2021-03-04,center_dallas,Dallas,820,20.6,0.1,3,0
2021-03-05,center_dallas,Dallas,767,20.0,0.3,4,0
2021-03-06,center_dallas,Dallas,553,16.3,0.0,5,0
2021-03-07,center_dallas,Dallas,435,17.5,0.0,6,0
2021-03-08,center_dallas,Dallas,919,19.6,0.0,0,0
2021-03-09,center_dallas,Dallas,988,21.2,1.4,1,0
2021-03-10,center_dallas,Dallas,1000,23.6,0.4,2,0
2021-03-11,center_dallas,Dallas,874,25.6,1.3,3,0
2021-03-12,center_dallas,Dallas,709,26.0,2.9,4,0
2021-03-13,center_dallas,Dallas,615,24.2,2.1,5,0
2021-03-14,center_dallas,Dallas,417,23.8,6.9,6,0
2021-03-15,center_dallas,Dallas,934,25.7,0.0,0,0
2021-03-16,center_dallas,Dallas,833,25.4,0.0,1,0
2021-03-17,center_dallas,Dallas,907,23.4,10.0,2,0
2021-03-18,center_dallas,Dallas,899,15.5,0.0,3,0
2021-03-19,center_dallas,Dallas,735,17.6,0.0,4,0
2021-03-20,center_dallas,Dallas,650,18.6,0.0,5,0
2021-03-21,center_dallas,Dallas,472,19.4,0.0,6,0
2021-03-22,center_dallas,Dallas,815,17.9,13.5,0,0
2021-03-23,center_dallas,Dallas,830,21.5,9.1,1,0
2021-03-24,center_dallas,Dallas,976,23.8,3.6,2,0
2021-03-25,center_dallas,Dallas,690,19.6,42.1,3,0
2021-03-26,center_dallas,Dallas,748,23.9,0.0,4,0
2021-03-27,center_dallas,Dallas,580,25.9,0.1,5,0
2021-03-28,center_dallas,Dallas,495,22.8,0.2,6,0
2021-03-29,center_dallas,Dallas,869,23.1,0.0,0,0
2021-03-30,center_dallas,Dallas,915,27.1,0.0,1,0
2021-03-31,center_dallas,Dallas,864,23.0,2.7,2,0
2021-04-01,center_dallas,Dallas,820,18.2,0.0,3,0
2021-04-02,center_dallas,Dallas,795,19.0,0.0,4,0
2021-04-03,center_dallas,Dallas,593,21.8,0.1,5,0
2021-04-04,center_dallas,Dallas,516,22.8,0.0,6,0
2021-04-05,center_dallas,Dallas,967,25.1,0.0,0,0
2021-04-06,center_dallas,Dallas,877,27.5,0.8,1,0
2021-04-07,center_dallas,Dallas,909,26.2,1.2,2,0
2021-04-08,center_dallas,Dallas,943,27.7,0.0,3,0
2021-04-09,center_dallas,Dallas,718,29.5,0.2,4,0
2021-04-10,center_dallas,Dallas,662,22.5,2.4,5,0
2021-04-11,center_dallas,Dallas,459,28.3,0.0,6,0
2021-04-12,center_dallas,Dallas,930,30.1,0.0,0,0
2021-04-13,center_dallas,Dallas,879,27.8,1.7,1,0
2021-04-14,center_dallas,Dallas,887,24.8,14.9,2,0
2021-04-15,center_dallas,Dallas,841,21.1,10.2,3,0
2021-04-16,center_dallas,Dallas,610,17.0,26.9,4,0
2021-04-17,center_dallas,Dallas,616,16.8,0.0,5,0
2021-04-18,center_dallas,Dallas,514,18.9,0.1,6,0
2021-04-19,center_dallas,Dallas,960,21.5,0.0,0,0
2021-04-20,center_dallas,Dallas,1017,20.2,0.0,1,0
2021-04-21,center_dallas,Dallas,899,15.4,0.0,2,0
2021-04-22,center_dallas,Dallas,909,17.9,0.0,3,0
2021-04-23,center_dallas,Dallas,746,22.1,8.6,4,0
2021-04-24,center_dallas,Dallas,591,23.9,2.2,5,0
2021-04-25,center_dallas,Dallas,463,26.1,0.0,6,0
2021-04-26,center_dallas,Dallas,932,27.3,0.0,0,0
2021-04-27,center_dallas,Dallas,858,25.9,0.4,1,0
2021-04-28,center_dallas,Dallas,986,29.8,0.8,2,0
2021-04-29,center_dallas,Dallas,663,24.7,64.6,3,0
2021-04-30,center_dallas,Dallas,726,22.3,8.2,4,0
2021-05-01,center_dallas,Dallas,533,23.0,17.0,5,0
2021-05-02,center_dallas,Dallas,455,26.3,7.6,6,0
2021-05-03,center_dallas,Dallas,969,30.5,0.0,0,0
2021-05-04,center_dallas,Dallas,711,23.3,23.0,1,0
2021-05-05,center_dallas,Dallas,972,22.4,0.0,2,0
2021-05-06,center_dallas,Dallas,870,26.0,0.0,3,0
2021-05-07,center_dallas,Dallas,815,27.9,0.0,4,0
2021-05-08,center_dallas,Dallas,609,30.0,0.4,5,0
2021-05-09,center_dallas,Dallas,505,29.3,2.0,6,0
2021-05-10,center_dallas,Dallas,729,24.4,27.0,0,0
2021-05-11,center_dallas,Dallas,724,18.9,20.1,1,0
2021-05-12,center_dallas,Dallas,1010,19.2,0.8,2,0
2021-05-13,center_dallas,Dallas,883,22.4,0.0,3,0
2021-05-14,center_dallas,Dallas,782,23.7,0.0,4,0
2021-05-15,center_dallas,Dallas,585,26.2,0.0,5,0
2021-05-16,center_dallas,Dallas,349,24.5,22.6,6,0
2021-05-17,center_dallas,Dallas,807,28.9,8.3,0,0
2021-05-18,center_dallas,Dallas,829,25.9,10.5,1,0
2021-05-19,center_dallas,Dallas,866,26.4,0.7,2,0
2021-05-20,center_dallas,Dallas,652,24.0,24.5,3,0
2021-05-21,center_dallas,Dallas,832,27.0,1.6,4,0
2021-05-22,center_dallas,Dallas,505,26.5,8.8,5,0
2021-05-23,center_dallas,Dallas,451,24.2,19.3,6,0
2021-05-24,center_dallas,Dallas,625,25.6,20.5,0,0
2021-05-25,center_dallas,Dallas,709,26.8,56.6,1,0
2021-05-26,center_dallas,Dallas,962,30.4,0.4,2,0
2021-05-27,center_dallas,Dallas,967,29.5,0.5,3,0
2021-05-28,center_dallas,Dallas,627,28.5,30.0,4,0
2021-05-29,center_dallas,Dallas,646,27.5,0.6,5,0
2021-05-30,center_dallas,Dallas,475,25.7,0.2,6,0
2021-05-31,center_dallas,Dallas,423,26.0,8.6,0,1
2021-06-01,center_dallas,Dallas,785,24.2,16.4,1,0
2021-06-02,center_dallas,Dallas,842,25.2,0.5,2,0
2021-06-03,center_dallas,Dallas,852,26.4,0.1,3,0
2021-06-04,center_dallas,Dallas,826,25.4,2.0,4,0
2021-06-05,center_dallas,Dallas,539,27.1,15.3,5,0
2021-06-06,center_dallas,Dallas,347,28.5,31.1,6,0
2021-06-07,center_dallas,Dallas,628,25.6,34.9,0,0
2021-06-08,center_dallas,Dallas,912,31.0,0.8,1,0
2021-06-09,center_dallas,Dallas,920,31.5,1.9,2,0
2021-06-10,center_dallas,Dallas,938,31.0,0.0,3,0
2021-06-11,center_dallas,Dallas,824,32.2,0.4,4,0
2021-06-12,center_dallas,Dallas,568,33.3,0.0,5,0
2021-06-13,center_dallas,Dallas,460,33.9,0.4,6,0
2021-06-14,center_dallas,Dallas,946,33.3,1.6,0,0
2021-06-15,center_dallas,Dallas,867,33.2,0.0,1,0
2021-06-16,center_dallas,Dallas,868,34.2,0.0,2,0
2021-06-17,center_dallas,Dallas,825,33.8,0.0,3,0
2021-06-18,center_dallas,Dallas,349,33.2,0.0,4,1
2021-06-19,center_dallas,Dallas,284,33.5,0.0,5,1
2021-06-20,center_dallas,Dallas,512,34.8,0.0,6,0
2021-06-21,center_dallas,Dallas,799,33.0,6.2,0,0
2021-06-22,center_dallas,Dallas,751,28.6,9.1,1,0
2021-06-23,center_dallas,Dallas,989,34.0,0.8,2,0
2021-06-24,center_dallas,Dallas,713,35.5,0.0,3,0
2021-06-25,center_dallas,Dallas,634,35.4,0.1,4,0
2021-06-26,center_dallas,Dallas,621,34.8,0.3,5,0
2021-06-27,center_dallas,Dallas,436,32.1,5.3,6,0
2021-06-28,center_dallas,Dallas,812,27.0,16.0,0,0
2021-06-29,center_dallas,Dallas,733,29.3,43.5,1,0
2021-06-30,center_dallas,Dallas,934,29.4,4.2,2,0
2021-07-01,center_dallas,Dallas,853,32.1,0.6,3,0
2021-07-02,center_dallas,Dallas,626,29.8,16.7,4,0
2021-07-03,center_dallas,Dallas,458,28.9,26.2,5,0
2021-07-04,center_dallas,Dallas,245,29.5,4.0,6,1
2021-07-05,center_dallas,Dallas,431,29.9,0.7,0,1
2021-07-06,center_dallas,Dallas,759,31.1,21.1,1,0
2021-07-07,center_dallas,Dallas,945,30.8,1.7,2,0
2021-07-08,center_dallas,Dallas,925,31.9,0.1,3,0
2021-07-09,center_dallas,Dallas,729,31.1,2.2,4,0
2021-07-10,center_dallas,Dallas,608,33.1,0.6,5,0
2021-07-11,center_dallas,Dallas,524,33.0,0.5,6,0
2021-07-12,center_dallas,Dallas,915,31.8,0.7,0,0
2021-07-13,center_dallas,Dallas,949,32.5,0.5,1,0
2021-07-14,center_dallas,Dallas,853,31.8,0.1,2,0
2021-07-15,center_dallas,Dallas,831,32.2,3.0,3,0
2021-07-16,center_dallas,Dallas,810,34.2,0.0,4,0
2021-07-17,center_dallas,Dallas,657,35.0,0.0,5,0
2021-07-18,center_dallas,Dallas,505,34.8,0.0,6,0
2021-07-19,center_dallas,Dallas,602,29.2,60.6,0,0
2021-07-20,center_dallas,Dallas,862,29.6,7.4,1,0
2021-07-21,center_dallas,Dallas,872,30.0,1.0,2,0
2021-07-22,center_dallas,Dallas,893,33.2,0.0,3,0
2021-07-23,center_dallas,Dallas,782,34.8,0.1,4,0
2021-07-24,center_dallas,Dallas,443,37.0,0.0,5,0
2021-07-25,center_dallas,Dallas,405,37.2,0.0,6,0
2021-07-26,center_dallas,Dallas,709,36.8,0.0,0,0
2021-07-27,center_dallas,Dallas,788,36.3,0.0,1,0
2021-07-28,center_dallas,Dallas,888,35.0,0.1,2,0
2021-07-29,center_dallas,Dallas,712,35.2,0.1,3,0
2021-07-30,center_dallas,Dallas,561,35.6,0.2,4,0
2021-07-31,center_dallas,Dallas,471,36.3,0.0,5,0
2021-08-01,center_dallas,Dallas,504,34.3,2.2,6,0
2021-08-02,center_dallas,Dallas,630,29.2,64.8,0,0
2021-08-03,center_dallas,Dallas,838,29.9,0.6,1,0
2021-08-04,center_dallas,Dallas,838,30.4,0.3,2,0
2021-08-05,center_dallas,Dallas,833,31.0,0.0,3,0
2021-08-06,center_dallas,Dallas,698,32.2,0.0,4,0
2021-08-07,center_dallas,Dallas,620,32.9,0.7,5,0
2021-08-08,center_dallas,Dallas,364,35.8,0.0,6,0
2021-08-09,center_dallas,Dallas,670,36.3,0.0,0,0
2021-08-10,center_dallas,Dallas,680,36.3,0.0,1,0
2021-08-11,center_dallas,Dallas,803,36.3,0.0,2,0
2021-08-12,center_dallas,Dallas,715,36.0,0.0,3,0
2021-08-13,center_dallas,Dallas,834,34.5,0.0,4,0
2021-08-14,center_dallas,Dallas,536,31.5,7.5,5,0
2021-08-15,center_dallas,Dallas,488,30.6,3.1,6,0
2021-08-16,center_dallas,Dallas,902,30.1,0.9,0,0
2021-08-17,center_dallas,Dallas,896,32.2,2.8,1,0
2021-08-18,center_dallas,Dallas,641,29.5,31.4,2,0
2021-08-19,center_dallas,Dallas,701,30.9,25.9,3,0
2021-08-20,center_dallas,Dallas,792,33.5,0.0,4,0
2021-08-21,center_dallas,Dallas,584,34.0,0.0,5,0
2021-08-22,center_dallas,Dallas,521,34.2,0.0,6,0
2021-08-23,center_dallas,Dallas,955,35.0,0.0,0,0
2021-08-24,center_dallas,Dallas,784,35.5,0.0,1,0
2021-08-25,center_dallas,Dallas,854,34.8,0.0,2,0
2021-08-26,center_dallas,Dallas,958,33.5,0.9,3,0
2021-08-27,center_dallas,Dallas,754,32.8,0.4,4,0
2021-08-28,center_dallas,Dallas,650,32.8,1.0,5,0
2021-08-29,center_dallas,Dallas,437,31.2,8.3,6,0
2021-08-30,center_dallas,Dallas,826,33.3,1.4,0,0
2021-08-31,center_dallas,Dallas,912,34.5,0.0,1,0
2021-09-01,center_dallas,Dallas,795,36.0,0.0,2,0
2021-09-02,center_dallas,Dallas,760,35.8,0.0,3,0
2021-09-03,center_dallas,Dallas,638,35.4,0.0,4,0
2021-09-04,center_dallas,Dallas,499,35.3,0.0,5,0
2021-09-05,center_dallas,Dallas,484,34.0,0.9,6,0
2021-09-06,center_dallas,Dallas,399,34.0,0.2,0,1
2021-09-07,center_dallas,Dallas,896,34.5,0.0,1,0
2021-09-08,center_dallas,Dallas,898,34.2,1.4,2,0
2021-09-09,center_dallas,Dallas,809,33.2,0.0,3,0
2021-09-10,center_dallas,Dallas,832,33.8,0.0,4,0
2021-09-11,center_dallas,Dallas,622,33.0,0.0,5,0
2021-09-12,center_dallas,Dallas,475,32.6,0.0,6,0
2021-09-13,center_dallas,Dallas,929,31.2,0.9,0,0
2021-09-14,center_dallas,Dallas,864,30.0,0.5,1,0
2021-09-15,center_dallas,Dallas,867,30.5,0.0,2,0
2021-09-16,center_dallas,Dallas,909,31.8,0.0,3,0
2021-09-17,center_dallas,Dallas,837,31.6,0.0,4,0
2021-09-18,center_dallas,Dallas,576,33.0,0.2,5,0
2021-09-19,center_dallas,Dallas,458,32.0,0.1,6,0
2021-09-20,center_dallas,Dallas,735,37.9,0.0,0,0
2021-09-21,center_dallas,Dallas,878,34.8,0.5,1,0
2021-09-22,center_dallas,Dallas,873,27.4,0.0,2,0
2021-09-23,center_dallas,Dallas,813,27.8,0.0,3,0
2021-09-24,center_dallas,Dallas,806,30.0,0.0,4,0
2021-09-25,center_dallas,Dallas,626,31.1,0.0,5,0
2021-09-26,center_dallas,Dallas,483,31.8,0.0,6,0
2021-09-27,center_dallas,Dallas,920,30.7,0.0,0,0
2021-09-28,center_dallas,Dallas,861,32.4,0.2,1,0
2021-09-29,center_dallas,Dallas,848,29.1,12.7,2,0
2021-09-30,center_dallas,Dallas,840,30.5,1.3,3,0
2021-10-01,center_dallas,Dallas,751,24.7,10.4,4,0
2021-10-02,center_dallas,Dallas,570,27.6,15.5,5,0
2021-10-03,center_dallas,Dallas,512,28.4,0.0,6,0
2021-10-04,center_dallas,Dallas,934,30.0,0.0,0,0
2021-10-05,center_dallas,Dallas,847,28.6,0.0,1,0
2021-10-06,center_dallas,Dallas,929,28.9,0.0,2,0
2021-10-07,center_dallas,Dallas,932,32.0,0.0,3,0
2021-10-08,center_dallas,Dallas,810,33.0,0.0,4,0
2021-10-09,center_dallas,Dallas,614,33.0,0.0,5,0
2021-10-10,center_dallas,Dallas,525,33.1,0.3,6,0
2021-10-11,center_dallas,Dallas,301,30.2,21.0,0,1
2021-10-12,center_dallas,Dallas,905,28.7,0.0,1,0
2021-10-13,center_dallas,Dallas,683,25.6,43.1,2,0
2021-10-14,center_dallas,Dallas,712,28.8,76.5,3,0
2021-10-15,center_dallas,Dallas,824,25.1,0.1,4,0
2021-10-16,center_dallas,Dallas,655,20.5,0.0,5,0
2021-10-17,center_dallas,Dallas,505,20.9,0.0,6,0
2021-10-18,center_dallas,Dallas,932,22.4,0.0,0,0
2021-10-19,center_dallas,Dallas,945,25.2,0.0,1,0
2021-10-20,center_dallas,Dallas,961,27.3,0.1,2,0
2021-10-21,center_dallas,Dallas,803,26.6,0.0,3,0
2021-10-22,center_dallas,Dallas,716,27.6,2.7,4,0
2021-10-23,center_dallas,Dallas,617,28.6,0.4,5,0
2021-10-24,center_dallas,Dallas,512,29.0,0.3,6,0
2021-10-25,center_dallas,Dallas,870,29.6,4.6,0,0
2021-10-26,center_dallas,Dallas,924,30.5,0.0,1,0
2021-10-27,center_dallas,Dallas,712,26.0,25.8,2,0
2021-10-28,center_dallas,Dallas,972,21.0,0.0,3,0
2021-10-29,center_dallas,Dallas,732,19.5,0.0,4,0
2021-10-30,center_dallas,Dallas,553,21.5,0.0,5,0
2021-10-31,center_dallas,Dallas,493,25.3,0.0,6,0
2021-11-01,center_dallas,Dallas,937,24.7,0.0,0,0
2021-11-02,center_dallas,Dallas,656,20.9,30.4,1,0
2021-11-03,center_dallas,Dallas,671,11.6,23.1,2,0
2021-11-04,center_dallas,Dallas,913,12.7,0.0,3,0
2021-11-05,center_dallas,Dallas,838,14.5,0.0,4,0
2021-11-06,center_dallas,Dallas,634,17.5,0.0,5,0
2021-11-07,center_dallas,Dallas,446,21.7,0.0,6,0
2021-11-08,center_dallas,Dallas,910,22.8,0.0,0,0
2021-11-09,center_dallas,Dallas,942,23.5,0.0,1,0
2021-11-10,center_dallas,Dallas,757,23.5,13.6,2,0
2021-11-11,center_dallas,Dallas,340,18.9,32.3,3,1
2021-11-12,center_dallas,Dallas,824,18.6,0.0,4,0
2021-11-13,center_dallas,Dallas,625,16.2,0.0,5,0
2021-11-14,center_dallas,Dallas,464,19.5,0.0,6,0
2021-11-15,center_dallas,Dallas,896,25.5,0.0,0,0
2021-11-16,center_dallas,Dallas,898,25.9,0.0,1,0
2021-11-17,center_dallas,Dallas,834,27.0,0.0,2,0
2021-11-18,center_dallas,Dallas,972,20.2,0.0,3,0
2021-11-19,center_dallas,Dallas,722,15.7,0.0,4,0
2021-11-20,center_dallas,Dallas,632,22.5,0.0,5,0
2021-11-21,center_dallas,Dallas,484,21.7,0.0,6,0
2021-11-22,center_dallas,Dallas,923,17.2,0.0,0,0
2021-11-23,center_dallas,Dallas,843,20.0,0.0,1,0
2021-11-24,center_dallas,Dallas,956,24.5,0.0,2,0
2021-11-25,center_dallas,Dallas,387,22.0,11.8,3,1
2021-11-26,center_dallas,Dallas,776,12.9,0.0,4,0
2021-11-27,center_dallas,Dallas,571,15.4,2.3,5,0
2021-11-28,center_dallas,Dallas,464,17.5,9.5,6,0
2021-11-29,center_dallas,Dallas,893,20.5,0.0,0,0
2021-11-30,center_dallas,Dallas,992,22.7,0.0,1,0
2021-12-01,center_dallas,Dallas,953,22.3,0.0,2,0
2021-12-02,center_dallas,Dallas,949,24.5,0.0,3,0
2021-12-03,center_dallas,Dallas,731,23.6,0.0,4,0
2021-12-04,center_dallas,Dallas,617,25.0,1.0,5,0
2021-12-05,center_dallas,Dallas,443,24.1,3.1,6,0
2021-12-06,center_dallas,Dallas,908,22.1,0.7,0,0
2021-12-07,center_dallas,Dallas,984,13.9,0.0,1,0
2021-12-08,center_dallas,Dallas,875,16.1,0.0,2,0
2021-12-09,center_dallas,Dallas,830,26.1,0.0,3,0
2021-12-10,center_dallas,Dallas,713,27.0,1.9,4,0
2021-12-11,center_dallas,Dallas,583,22.5,0.1,5,0
2021-12-12,center_dallas,Dallas,459,13.4,0.0,6,0
2021-12-13,center_dallas,Dallas,872,18.0,0.0,0,0
2021-12-14,center_dallas,Dallas,888,23.8,0.3,1,0
2021-12-15,center_dallas,Dallas,914,26.0,0.5,2,0
2021-12-16,center_dallas,Dallas,898,24.2,4.9,3,0
2021-12-17,center_dallas,Dallas,830,25.5,3.0,4,0
2021-12-18,center_dallas,Dallas,489,22.2,13.3,5,0
2021-12-19,center_dallas,Dallas,451,9.2,0.0,6,0
2021-12-20,center_dallas,Dallas,855,10.4,7.0,0,0
2021-12-21,center_dallas,Dallas,1014,15.3,0.0,1,0
2021-12-22,center_dallas,Dallas,963,17.0,0.0,2,0
2021-12-23,center_dallas,Dallas,909,22.1,0.0,3,0
2021-12-24,center_dallas,Dallas,404,24.1,0.0,4,1
2021-12-25,center_dallas,Dallas,315,25.8,0.0,5,1
2021-12-26,center_dallas,Dallas,447,24.0,0.2,6,0
2021-12-27,center_dallas,Dallas,798,24.8,0.0,0,0
2021-12-28,center_dallas,Dallas,987,25.6,0.7,1,0
2021-12-29,center_dallas,Dallas,772,22.5,9.4,2,0
2021-12-30,center_dallas,Dallas,822,22.5,0.0,3,0
2021-12-31,center_dallas,Dallas,409,21.4,0.2,4,1
2022-01-01,center_dallas,Dallas,242,23.4,29.5,5,1
2022-01-02,center_dallas,Dallas,389,3.7,0.0,6,0
2022-01-03,center_dallas,Dallas,823,10.4,0.0,0,0
2022-01-04,center_dallas,Dallas,994,15.1,0.0,1,0
2022-01-05,center_dallas,Dallas,965,14.2,0.0,2,0
2022-01-06,center_dallas,Dallas,825,10.6,0.0,3,0
2022-01-07,center_dallas,Dallas,592,7.8,0.0,4,0
2022-01-08,center_dallas,Dallas,577,17.0,1.8,5,0
2022-01-09,center_dallas,Dallas,485,16.4,0.2,6,0
2022-01-10,center_dallas,Dallas,972,10.9,0.0,0,0
2022-01-11,center_dallas,Dallas,906,13.4,0.0,1,0
2022-01-12,center_dallas,Dallas,853,15.7,0.4,2,0
2022-01-13,center_dallas,Dallas,960,20.4,0.0,3,0
2022-01-14,center_dallas,Dallas,763,23.2,0.0,4,0
2022-01-15,center_dallas,Dallas,572,19.5,0.1,5,0
2022-01-16,center_dallas,Dallas,523,10.3,0.0,6,0
2022-01-17,center_dallas,Dallas,404,15.8,0.0,0,1
2022-01-18,center_dallas,Dallas,885,21.9,0.0,1,0
2022-01-19,center_dallas,Dallas,840,19.0,1.3,2,0
2022-01-20,center_dallas,Dallas,702,7.9,0.0,3,0
2022-01-21,center_dallas,Dallas,654,4.1,0.0,4,0
2022-01-22,center_dallas,Dallas,558,8.1,0.0,5,0
2022-01-23,center_dallas,Dallas,504,16.8,0.0,6,0
2022-01-24,center_dallas,Dallas,908,13.6,1.4,0,0
2022-01-25,center_dallas,Dallas,911,13.8,2.9,1,0
2022-01-26,center_dallas,Dallas,889,10.8,0.0,2,0
2022-01-27,center_dallas,Dallas,861,11.6,0.6,3,0
2022-01-28,center_dallas,Dallas,720,12.5,0.0,4,0
2022-01-29,center_dallas,Dallas,651,18.6,0.0,5,0
2022-01-30,center_dallas,Dallas,512,20.0,0.0,6,0
2022-01-31,center_dallas,Dallas,965,17.9,0.4,0,0
2022-02-01,center_dallas,Dallas,982,21.6,0.1,1,0
2022-02-02,center_dallas,Dallas,904,17.6,3.1,2,0
2022-02-03,center_dallas,Dallas,575,2.0,34.5,3,0
2022-02-04,center_dallas,Dallas,637,2.2,0.0,4,0
2022-02-05,center_dallas,Dallas,503,7.0,0.0,5,0
2022-02-06,center_dallas,Dallas,518,12.2,0.0,6,0
2022-02-07,center_dallas,Dallas,850,13.2,0.0,0,0
2022-02-08,center_dallas,Dallas,1001,18.0,0.0,1,0
2022-02-09,center_dallas,Dallas,1012,19.0,0.0,2,0
2022-02-10,center_dallas,Dallas,916,20.5,0.0,3,0
2022-02-11,center_dallas,Dallas,784,24.2,0.0,4,0
2022-02-12,center_dallas,Dallas,641,19.6,0.9,5,0
2022-02-13,center_dallas,Dallas,469,17.2,0.0,6,0
2022-02-14,center_dallas,Dallas,897,20.9,0.0,0,0
2022-02-15,center_dallas,Dallas,903,21.2,0.0,1,0
2022-02-16,center_dallas,Dallas,970,22.0,2.5,2,0
2022-02-17,center_dallas,Dallas,721,18.9,11.3,3,0
2022-02-18,center_dallas,Dallas,821,10.1,0.0,4,0
2022-02-19,center_dallas,Dallas,648,17.0,0.0,5,0
2022-02-20,center_dallas,Dallas,521,19.2,0.0,6,0
2022-02-21,center_dallas,Dallas,447,26.9,0.4,0,1
2022-02-22,center_dallas,Dallas,874,22.6,0.8,1,0
2022-02-23,center_dallas,Dallas,819,6.2,3.3,2,0
2022-02-24,center_dallas,Dallas,684,2.5,3.0,3,0
2022-02-25,center_dallas,Dallas,713,5.7,0.0,4,0
2022-02-26,center_dallas,Dallas,477,4.6,3.8,5,0
2022-02-27,center_dallas,Dallas,461,11.9,0.7,6,0
2022-02-28,center_dallas,Dallas,904,16.7,0.0,0,0
2022-03-01,center_dallas,Dallas,924,21.5,0.0,1,0
2022-03-02,center_dallas,Dallas,843,23.8,0.0,2,0
2022-03-03,center_dallas,Dallas,818,24.9,0.0,3,0
2022-03-04,center_dallas,Dallas,708,22.8,0.4,4,0
2022-03-05,center_dallas,Dallas,561,25.5,0.5,5,0
2022-03-06,center_dallas,Dallas,484,26.1,3.0,6,0
2022-03-07,center_dallas,Dallas,729,25.8,7.0,0,0
2022-03-08,center_dallas,Dallas,690,9.1,10.9,1,0
2022-03-09,center_dallas,Dallas,956,13.4,0.0,2,0
2022-03-10,center_dallas,Dallas,914,18.4,0.0,3,0
2022-03-11,center_dallas,Dallas,790,16.5,0.0,4,0
2022-03-12,center_dallas,Dallas,645,12.3,0.0,5,0
2022-03-13,center_dallas,Dallas,448,17.4,0.0,6,0
2022-03-14,center_dallas,Dallas,895,25.0,1.5,0,0
2022-03-15,center_dallas,Dallas,947,20.9,4.8,1,0
2022-03-16,center_dallas,Dallas,866,25.5,0.0,2,0
2022-03-17,center_dallas,Dallas,945,23.2,0.1,3,0
2022-03-18,center_dallas,Dallas,796,21.1,0.6,4,0
2022-03-19,center_dallas,Dallas,660,23.4,0.0,5,0
2022-03-20,center_dallas,Dallas,488,26.2,0.0,6,0
2022-03-21,center_dallas,Dallas,676,23.5,62.2,0,0
2022-03-22,center_dallas,Dallas,839,18.2,10.1,1,0
2022-03-23,center_dallas,Dallas,879,16.2,0.0,2,0
2022-03-24,center_dallas,Dallas,923,18.2,0.0,3,0
2022-03-25,center_dallas,Dallas,817,24.6,0.0,4,0
2022-03-26,center_dallas,Dallas,630,28.2,0.0,5,0
2022-03-27,center_dallas,Dallas,510,32.8,0.0,6,0
2022-03-28,center_dallas,Dallas,867,29.2,0.0,0,0
2022-03-29,center_dallas,Dallas,884,28.5,0.2,1,0
2022-03-30,center_dallas,Dallas,875,24.1,12.4,2,0
2022-03-31,center_dallas,Dallas,800,19.6,0.0,3,0
2022-04-01,center_dallas,Dallas,760,22.3,0.0,4,0
2022-04-02,center_dallas,Dallas,562,23.4,1.8,5,0
2022-04-03,center_dallas,Dallas,456,28.5,0.0,6,0
2022-04-04,center_dallas,Dallas,912,26.7,0.1,0,0
2022-04-05,center_dallas,Dallas,751,32.2,27.9,1,0
2022-04-06,center_dallas,Dallas,937,29.1,0.0,2,0
2022-04-07,center_dallas,Dallas,862,20.0,0.0,3,0
2022-04-08,center_dallas,Dallas,722,18.8,0.0,4,0
2022-04-09,center_dallas,Dallas,562,28.8,0.0,5,0
2022-04-10,center_dallas,Dallas,447,29.2,0.0,6,0
2022-04-11,center_dallas,Dallas,930,30.6,1.0,0,0
2022-04-12,center_dallas,Dallas,840,29.1,4.4,1,0
2022-04-13,center_dallas,Dallas,874,24.0,19.9,2,0
2022-04-14,center_dallas,Dallas,809,24.2,0.0,3,0
2022-04-15,center_dallas,Dallas,732,27.9,0.1,4,0
2022-04-16,center_dallas,Dallas,641,31.4,0.4,5,0
2022-04-17,center_dallas,Dallas,431,24.7,11.0,6,0
2022-04-18,center_dallas,Dallas,957,24.4,0.0,0,0
2022-04-19,center_dallas,Dallas,983,24.1,0.0,1,0
2022-04-20,center_dallas,Dallas,810,31.5,7.1,2,0
2022-04-21,center_dallas,Dallas,953,30.1,1.2,3,0
2022-04-22,center_dallas,Dallas,738,30.8,0.8,4,0
2022-04-23,center_dallas,Dallas,607,29.0,1.3,5,0
2022-04-24,center_dallas,Dallas,405,28.7,7.7,6,0
2022-04-25,center_dallas,Dallas,654,22.7,78.3,0,0
2022-04-26,center_dallas,Dallas,977,21.9,0.0,1,0
2022-04-27,center_dallas,Dallas,954,24.6,0.0,2,0
2022-04-28,center_dallas,Dallas,939,27.5,0.3,3,0
2022-04-29,center_dallas,Dallas,797,28.1,0.8,4,0
2022-04-30,center_dallas,Dallas,650,28.4,0.7,5,0
2022-05-01,center_dallas,Dallas,448,30.2,0.0,6,0
2022-05-02,center_dallas,Dallas,846,30.1,6.4,0,0
2022-05-03,center_dallas,Dallas,806,23.5,6.4,1,0
2022-05-04,center_dallas,Dallas,869,30.9,11.4,2,0
2022-05-05,center_dallas,Dallas,614,26.5,34.9,3,0
2022-05-06,center_dallas,Dallas,774,28.0,0.0,4,0
2022-05-07,center_dallas,Dallas,622,31.4,0.2,5,0
2022-05-08,center_dallas,Dallas,518,33.3,0.0,6,0
2022-05-09,center_dallas,Dallas,829,34.3,0.1,0,0
2022-05-10,center_dallas,Dallas,927,33.5,0.3,1,0
2022-05-11,center_dallas,Dallas,974,32.5,0.0,2,0
2022-05-12,center_dallas,Dallas,819,33.6,0.0,3,0
2022-05-13,center_dallas,Dallas,782,34.1,0.0,4,0
2022-05-14,center_dallas,Dallas,579,32.6,0.1,5,0
2022-05-15,center_dallas,Dallas,386,35.8,0.0,6,0
2022-05-16,center_dallas,Dallas,859,32.3,0.0,0,0
2022-05-17,center_dallas,Dallas,687,36.2,0.0,1,0
2022-05-18,center_dallas,Dallas,721,35.6,0.0,2,0
2022-05-19,center_dallas,Dallas,695,36.2,0.0,3,0
2022-05-20,center_dallas,Dallas,590,36.7,12.5,4,0
2022-05-21,center_dallas,Dallas,495,31.7,7.1,5,0
2022-05-22,center_dallas,Dallas,487,22.6,0.5,6,0
2022-05-23,center_dallas,Dallas,917,27.0,0.5,0,0
2022-05-24,center_dallas,Dallas,711,27.4,28.1,1,0
2022-05-25,center_dallas,Dallas,868,21.4,19.9,2,0
2022-05-26,center_dallas,Dallas,962,29.2,0.0,3,0
2022-05-27,center_dallas,Dallas,723,30.5,0.0,4,0
2022-05-28,center_dallas,Dallas,551,34.0,0.0,5,0
2022-05-29,center_dallas,Dallas,493,34.3,0.0,6,0
2022-05-30,center_dallas,Dallas,452,35.0,0.8,0,1
2022-05-31,center_dallas,Dallas,909,34.5,0.7,1,0
2022-06-01,center_dallas,Dallas,877,33.2,1.2,2,0
2022-06-02,center_dallas,Dallas,682,31.5,33.4,3,0
2022-06-03,center_dallas,Dallas,696,27.2,4.9,4,0
2022-06-04,center_dallas,Dallas,547,30.0,15.5,5,0
2022-06-05,center_dallas,Dallas,394,30.6,9.6,6,0
2022-06-06,center_dallas,Dallas,744,35.2,0.0,0,0
2022-06-07,center_dallas,Dallas,835,34.2,0.0,1,0
2022-06-08,center_dallas,Dallas,883,32.6,0.1,2,0
2022-06-09,center_dallas,Dallas,842,32.2,7.0,3,0
2022-06-10,center_dallas,Dallas,556,35.9,2.1,4,0
2022-06-11,center_dallas,Dallas,462,38.2,1.4,5,0
2022-06-12,center_dallas,Dallas,362,39.8,0.0,6,0
2022-06-13,center_dallas,Dallas,712,38.8,0.0,0,0
2022-06-14,center_dallas,Dallas,721,37.5,0.0,1,0
2022-06-15,center_dallas,Dallas,780,36.8,0.0,2,0
2022-06-16,center_dallas,Dallas,763,37.4,0.0,3,0
2022-06-17,center_dallas,Dallas,589,36.0,0.0,4,0
2022-06-18,center_dallas,Dallas,547,33.1,9.2,5,0
2022-06-19,center_dallas,Dallas,191,36.5,1.7,6,1
2022-06-20,center_dallas,Dallas,349,37.5,0.3,0,1
2022-06-21,center_dallas,Dallas,729,37.2,0.0,1,0
2022-06-22,center_dallas,Dallas,783,36.2,0.0,2,0
2022-06-23,center_dallas,Dallas,755,37.2,0.0,3,0
2022-06-24,center_dallas,Dallas,590,38.9,0.0,4,0
2022-06-25,center_dallas,Dallas,479,38.5,0.0,5,0
2022-06-26,center_dallas,Dallas,401,38.0,0.0,6,0
2022-06-27,center_dallas,Dallas,848,33.5,8.7,0,0
2022-06-28,center_dallas,Dallas,965,32.6,4.0,1,0
2022-06-29,center_dallas,Dallas,847,33.9,0.0,2,0
2022-06-30,center_dallas,Dallas,645,35.8,0.1,3,0
2022-07-01,center_dallas,Dallas,601,35.8,0.0,4,0
2022-07-02,center_dallas,Dallas,469,35.6,0.3,5,0
2022-07-03,center_dallas,Dallas,402,38.0,3.4,6,0
2022-07-04,center_dallas,Dallas,320,38.3,0.0,0,1
2022-07-05,center_dallas,Dallas,810,39.0,0.0,1,0
2022-07-06,center_dallas,Dallas,723,39.6,0.0,2,0
2022-07-07,center_dallas,Dallas,757,39.7,0.0,3,0
2022-07-08,center_dallas,Dallas,551,40.2,0.0,4,0
2022-07-09,center_dallas,Dallas,467,39.2,0.9,5,0
2022-07-10,center_dallas,Dallas,376,38.8,0.1,6,0
2022-07-11,center_dallas,Dallas,742,38.8,0.0,0,0
2022-07-12,center_dallas,Dallas,670,39.6,0.0,1,0
2022-07-13,center_dallas,Dallas,716,39.7,0.0,2,0
2022-07-14,center_dallas,Dallas,769,36.2,4.3,3,0
2022-07-15,center_dallas,Dallas,562,37.8,0.0,4,0
2022-07-16,center_dallas,Dallas,475,38.1,0.0,5,0
2022-07-17,center_dallas,Dallas,423,40.2,0.0,6,0
2022-07-18,center_dallas,Dallas,669,41.9,0.0,0,0
2022-07-19,center_dallas,Dallas,790,42.0,0.0,1,0
2022-07-20,center_dallas,Dallas,786,42.4,0.0,2,0
2022-07-21,center_dallas,Dallas,706,40.6,3.1,3,0
2022-07-22,center_dallas,Dallas,612,39.3,0.0,4,0
2022-07-23,center_dallas,Dallas,488,38.5,0.0,5,0
2022-07-24,center_dallas,Dallas,354,39.2,0.0,6,0
2022-07-25,center_dallas,Dallas,734,39.8,0.0,0,0
2022-07-26,center_dallas,Dallas,701,39.5,0.0,1,0
2022-07-27,center_dallas,Dallas,694,39.5,0.0,2,0
2022-07-28,center_dallas,Dallas,760,39.2,0.0,3,0
2022-07-29,center_dallas,Dallas,619,38.8,0.3,4,0
2022-07-30,center_dallas,Dallas,473,33.0,27.8,5,0
2022-07-31,center_dallas,Dallas,339,39.1,5.5,6,0
2022-08-01,center_dallas,Dallas,711,38.5,0.0,0,0
2022-08-02,center_dallas,Dallas,711,39.5,0.0,1,0
2022-08-03,center_dallas,Dallas,768,40.0,0.0,2,0
2022-08-04,center_dallas,Dallas,709,40.0,0.0,3,0
2022-08-05,center_dallas,Dallas,552,40.0,0.0,4,0
2022-08-06,center_dallas,Dallas,507,38.9,0.7,5,0
2022-08-07,center_dallas,Dallas,389,37.5,0.0,6,0
2022-08-08,center_dallas,Dallas,681,38.2,0.3,0,0
2022-08-09,center_dallas,Dallas,794,33.8,16.9,1,0
2022-08-10,center_dallas,Dallas,686,35.5,4.1,2,0
2022-08-11,center_dallas,Dallas,753,34.8,8.7,3,0
2022-08-12,center_dallas,Dallas,595,35.8,0.3,4,0
2022-08-13,center_dallas,Dallas,475,36.4,0.4,5,0
2022-08-14,center_dallas,Dallas,365,37.3,0.0,6,0
2022-08-15,center_dallas,Dallas,682,37.5,0.2,0,0
2022-08-16,center_dallas,Dallas,796,37.5,0.0,1,0
2022-08-17,center_dallas,Dallas,741,38.5,0.1,2,0
2022-08-18,center_dallas,Dallas,776,31.3,19.5,3,0
2022-08-19,center_dallas,Dallas,777,32.3,2.2,4,0
2022-08-20,center_dallas,Dallas,601,35.0,0.1,5,0
2022-08-21,center_dallas,Dallas,414,32.5,19.8,6,0
2022-08-22,center_dallas,Dallas,635,29.0,110.5,0,0
2022-08-23,center_dallas,Dallas,896,30.1,4.4,1,0
2022-08-24,center_dallas,Dallas,909,30.0,8.3,2,0
2022-08-25,center_dallas,Dallas,882,30.5,0.4,3,0
2022-08-26,center_dallas,Dallas,782,30.7,3.6,4,0
2022-08-27,center_dallas,Dallas,590,33.0,2.0,5,0
2022-08-28,center_dallas,Dallas,467,34.2,0.2,6,0
2022-08-29,center_dallas,Dallas,849,32.8,0.6,0,0
2022-08-30,center_dallas,Dallas,832,31.2,12.6,1,0
2022-08-31,center_dallas,Dallas,840,32.5,2.8,2,0
2022-09-01,center_dallas,Dallas,670,29.0,21.0,3,0
2022-09-02,center_dallas,Dallas,525,31.2,35.5,4,0
2022-09-03,center_dallas,Dallas,594,31.6,3.1,5,0
2022-09-04,center_dallas,Dallas,480,32.7,1.9,6,0
2022-09-05,center_dallas,Dallas,451,32.3,0.0,0,1
2022-09-06,center_dallas,Dallas,975,32.9,0.5,1,0
2022-09-07,center_dallas,Dallas,859,33.9,0.0,2,0
2022-09-08,center_dallas,Dallas,830,32.8,0.3,3,0
2022-09-09,center_dallas,Dallas,761,31.8,0.0,4,0
2022-09-10,center_dallas,Dallas,617,31.5,0.0,5,0
2022-09-11,center_dallas,Dallas,504,30.0,0.0,6,0
2022-09-12,center_dallas,Dallas,833,30.0,0.0,0,0
2022-09-13,center_dallas,Dallas,879,32.7,0.0,1,0
2022-09-14,center_dallas,Dallas,1004,31.8,0.0,2,0
2022-09-15,center_dallas,Dallas,951,31.2,0.0,3,0
2022-09-16,center_dallas,Dallas,831,32.9,0.1,4,0
2022-09-17,center_dallas,Dallas,611,33.8,1.8,5,0
2022-09-18,center_dallas,Dallas,516,34.8,0.1,6,0
2022-09-19,center_dallas,Dallas,813,34.6,0.0,0,0
2022-09-20,center_dallas,Dallas,698,35.8,0.0,1,0
2022-09-21,center_dallas,Dallas,735,36.0,0.0,2,0
2022-09-22,center_dallas,Dallas,776,35.7,0.0,3,0
2022-09-23,center_dallas,Dallas,569,36.1,0.0,4,0
2022-09-24,center_dallas,Dallas,440,36.0,0.0,5,0
2022-09-25,center_dallas,Dallas,424,36.5,0.2,6,0
2022-09-26,center_dallas,Dallas,962,30.6,0.0,0,0
2022-09-27,center_dallas,Dallas,966,31.0,0.0,1,0
2022-09-28,center_dallas,Dallas,961,31.8,0.0,2,0
2022-09-29,center_dallas,Dallas,820,28.4,0.0,3,0
2022-09-30,center_dallas,Dallas,773,26.4,0.0,4,0
2022-10-01,center_dallas,Dallas,624,27.2,0.0,5,0
2022-10-02,center_dallas,Dallas,517,28.0,0.0,6,0
2022-10-03,center_dallas,Dallas,914,28.7,0.0,0,0
2022-10-04,center_dallas,Dallas,962,29.2,0.0,1,0
2022-10-05,center_dallas,Dallas,961,30.2,0.0,2,0
2022-10-06,center_dallas,Dallas,821,31.5,0.0,3,0
2022-10-07,center_dallas,Dallas,809,30.9,0.0,4,0
2022-10-08,center_dallas,Dallas,578,27.8,0.0,5,0
2022-10-09,center_dallas,Dallas,481,29.1,0.4,6,0
2022-10-10,center_dallas,Dallas,451,30.9,0.0,0,1
2022-10-11,center_dallas,Dallas,861,29.1,0.0,1,0
2022-10-12,center_dallas,Dallas,975,34.7,0.0,2,0
2022-10-13,center_dallas,Dallas,954,30.0,0.0,3,0
2022-10-14,center_dallas,Dallas,797,30.6,0.0,4,0
2022-10-15,center_dallas,Dallas,570,33.5,0.0,5,0
2022-10-16,center_dallas,Dallas,380,30.2,24.0,6,0
2022-10-17,center_dallas,Dallas,812,20.4,0.0,0,0
2022-10-18,center_dallas,Dallas,988,17.2,0.0,1,0
2022-10-19,center_dallas,Dallas,990,17.5,0.0,2,0
2022-10-20,center_dallas,Dallas,818,26.2,0.0,3,0
2022-10-21,center_dallas,Dallas,839,31.6,0.0,4,0
2022-10-22,center_dallas,Dallas,614,30.0,0.0,5,0
2022-10-23,center_dallas,Dallas,489,29.4,0.0,6,0
2022-10-24,center_dallas,Dallas,692,27.0,22.2,0,0
2022-10-25,center_dallas,Dallas,898,19.6,11.5,1,0
2022-10-26,center_dallas,Dallas,928,20.7,0.0,2,0
2022-10-27,center_dallas,Dallas,947,21.5,0.0,3,0
2022-10-28,center_dallas,Dallas,564,19.0,40.9,4,0
2022-10-29,center_dallas,Dallas,576,18.9,17.9,5,0
2022-10-30,center_dallas,Dallas,451,22.3,1.0,6,0
2022-10-31,center_dallas,Dallas,908,23.2,0.0,0,0
2022-11-01,center_dallas,Dallas,863,23.5,0.0,1,0
2022-11-02,center_dallas,Dallas,852,23.0,0.2,2,0
2022-11-03,center_dallas,Dallas,969,26.1,0.7,3,0
2022-11-04,center_dallas,Dallas,525,24.2,26.4,4,0
2022-11-05,center_dallas,Dallas,654,17.9,0.0,5,0
2022-11-06,center_dallas,Dallas,441,25.8,0.0,6,0
2022-11-07,center_dallas,Dallas,912,26.6,2.8,0,0
2022-11-08,center_dallas,Dallas,839,27.0,13.7,1,0
2022-11-09,center_dallas,Dallas,846,26.7,0.2,2,0
2022-11-10,center_dallas,Dallas,817,25.0,0.2,3,0
2022-11-11,center_dallas,Dallas,272,21.3,23.1,4,1
2022-11-12,center_dallas,Dallas,466,9.8,0.0,5,0
2022-11-13,center_dallas,Dallas,444,10.4,0.0,6,0
2022-11-14,center_dallas,Dallas,635,8.8,14.6,0,0
2022-11-15,center_dallas,Dallas,834,9.3,0.0,1,0
2022-11-16,center_dallas,Dallas,916,11.8,0.0,2,0
2022-11-17,center_dallas,Dallas,827,13.6,0.0,3,0
2022-11-18,center_dallas,Dallas,769,10.1,0.0,4,0
2022-11-19,center_dallas,Dallas,552,7.4,0.4,5,0
2022-11-20,center_dallas,Dallas,508,10.1,0.4,6,0
2022-11-21,center_dallas,Dallas,846,12.1,2.7,0,0
2022-11-22,center_dallas,Dallas,903,13.6,0.0,1,0
2022-11-23,center_dallas,Dallas,865,15.6,2.2,2,0
2022-11-24,center_dallas,Dallas,299,15.9,54.2,3,1
2022-11-25,center_dallas,Dallas,715,14.8,9.6,4,0
2022-11-26,center_dallas,Dallas,431,16.3,30.6,5,0
2022-11-27,center_dallas,Dallas,502,16.0,0.3,6,0
2022-11-28,center_dallas,Dallas,796,18.5,0.0,0,0
2022-11-29,center_dallas,Dallas,958,25.1,0.2,1,0
2022-11-30,center_dallas,Dallas,987,19.4,0.0,2,0
2022-12-01,center_dallas,Dallas,835,10.9,0.2,3,0
2022-12-02,center_dallas,Dallas,825,20.9,2.8,4,0
2022-12-03,center_dallas,Dallas,638,17.4,0.0,5,0
2022-12-04,center_dallas,Dallas,467,13.5,0.0,6,0
2022-12-05,center_dallas,Dallas,959,24.5,1.3,0,0
2022-12-06,center_dallas,Dallas,996,23.5,0.0,1,0
2022-12-07,center_dallas,Dallas,913,24.0,10.9,2,0
2022-12-08,center_dallas,Dallas,956,24.5,2.6,3,0
2022-12-09,center_dallas,Dallas,626,21.5,16.9,4,0
2022-12-10,center_dallas,Dallas,641,22.9,4.7,5,0
2022-12-11,center_dallas,Dallas,444,16.2,11.9,6,0
2022-12-12,center_dallas,Dallas,920,17.4,1.1,0,0
2022-12-13,center_dallas,Dallas,797,20.9,14.5,1,0
2022-12-14,center_dallas,Dallas,892,14.6,3.9,2,0
2022-12-15,center_dallas,Dallas,912,11.8,0.0,3,0
2022-12-16,center_dallas,Dallas,652,8.9,0.0,4,0
2022-12-17,center_dallas,Dallas,552,9.4,0.0,5,0
2022-12-18,center_dallas,Dallas,468,11.2,0.0,6,0
2022-12-19,center_dallas,Dallas,721,8.9,0.1,0,0
2022-12-20,center_dallas,Dallas,921,11.9,0.0,1,0
2022-12-21,center_dallas,Dallas,992,10.4,0.0,2,0
2022-12-22,center_dallas,Dallas,824,7.5,0.0,3,0
2022-12-23,center_dallas,Dallas,501,-4.6,0.0,4,0
2022-12-24,center_dallas,Dallas,541,1.5,0.0,5,0
2022-12-25,center_dallas,Dallas,190,8.8,0.0,6,1
2022-12-26,center_dallas,Dallas,433,12.6,0.0,0,1
2022-12-27,center_dallas,Dallas,810,8.2,0.0,1,0
2022-12-28,center_dallas,Dallas,855,19.7,0.0,2,0
2022-12-29,center_dallas,Dallas,972,21.9,0.1,3,0
2022-12-30,center_dallas,Dallas,820,16.4,0.0,4,0
2022-12-31,center_dallas,Dallas,614,21.2,0.0,5,0
2023-01-01,center_dallas,Dallas,245,22.4,0.0,6,1
2023-01-02,center_dallas,Dallas,402,22.1,17.9,0,1
2023-01-03,center_dallas,Dallas,962,21.0,0.1,1,0
2023-01-04,center_dallas,Dallas,844,15.6,0.0,2,0
2023-01-05,center_dallas,Dallas,844,14.3,0.0,3,0
2023-01-06,center_dallas,Dallas,747,19.2,0.0,4,0
2023-01-07,center_dallas,Dallas,643,19.2,0.0,5,0
2023-01-08,center_dallas,Dallas,445,14.6,0.0,6,0
2023-01-09,center_dallas,Dallas,857,18.6,0.0,0,0
2023-01-10,center_dallas,Dallas,901,24.9,0.0,1,0
2023-01-11,center_dallas,Dallas,957,26.4,0.0,2,0
2023-01-12,center_dallas,Dallas,883,23.5,0.0,3,0
2023-01-13,center_dallas,Dallas,697,12.8,0.0,4,0
2023-01-14,center_dallas,Dallas,642,15.1,0.0,5,0
2023-01-15,center_dallas,Dallas,488,21.1,0.0,6,0
2023-01-16,center_dallas,Dallas,457,23.0,0.0,0,1
2023-01-17,center_dallas,Dallas,980,23.4,0.0,1,0
2023-01-18,center_dallas,Dallas,876,21.6,1.6,2,0
2023-01-19,center_dallas,Dallas,826,16.5,0.0,3,0
2023-01-20,center_dallas,Dallas,790,14.1,0.0,4,0
2023-01-21,center_dallas,Dallas,630,13.4,0.7,5,0
2023-01-22,center_dallas,Dallas,510,11.4,0.0,6,0
2023-01-23,center_dallas,Dallas,950,10.6,0.0,0,0
2023-01-24,center_dallas,Dallas,605,9.8,24.1,1,0
2023-01-25,center_dallas,Dallas,726,8.6,5.5,2,0
2023-01-26,center_dallas,Dallas,808,11.4,0.0,3,0
2023-01-27,center_dallas,Dallas,694,15.2,0.0,4,0
2023-01-28,center_dallas,Dallas,605,18.5,0.0,5,0
2023-01-29,center_dallas,Dallas,494,17.2,0.1,6,0
2023-01-30,center_dallas,Dallas,761,1.5,1.6,0,0
2023-01-31,center_dallas,Dallas,608,-1.0,15.9,1,0
2023-02-01,center_dallas,Dallas,730,0.6,3.6,2,0
2023-02-02,center_dallas,Dallas,719,2.5,7.1,3,0
2023-02-03,center_dallas,Dallas,777,10.6,2.8,4,0
2023-02-04,center_dallas,Dallas,627,14.4,0.0,5,0
2023-02-05,center_dallas,Dallas,468,19.0,0.0,6,0
2023-02-06,center_dallas,Dallas,823,21.4,0.7,0,0
2023-02-07,center_dallas,Dallas,807,19.8,15.3,1,0
2023-02-08,center_dallas,Dallas,680,10.1,61.4,2,0
2023-02-09,center_dallas,Dallas,955,15.7,0.0,3,0
2023-02-10,center_dallas,Dallas,741,12.8,0.8,4,0
2023-02-11,center_dallas,Dallas,581,11.8,0.2,5,0
2023-02-12,center_dallas,Dallas,503,17.1,0.0,6,0
2023-02-13,center_dallas,Dallas,864,17.9,0.0,0,0
2023-02-14,center_dallas,Dallas,889,20.5,17.0,1,0
2023-02-15,center_dallas,Dallas,972,24.2,0.0,2,0
2023-02-16,center_dallas,Dallas,824,22.2,0.8,3,0
2023-02-17,center_dallas,Dallas,602,8.8,0.0,4,0
2023-02-18,center_dallas,Dallas,626,10.9,0.0,5,0
2023-02-19,center_dallas,Dallas,457,20.4,0.0,6,0
2023-02-20,center_dallas,Dallas,464,24.7,0.0,0,1
2023-02-21,center_dallas,Dallas,892,27.7,0.0,1,0
2023-02-22,center_dallas,Dallas,766,24.9,14.0,2,0
2023-02-23,center_dallas,Dallas,920,21.4,0.0,3,0
2023-02-24,center_dallas,Dallas,779,10.9,0.9,4,0
2023-02-25,center_dallas,Dallas,588,11.1,5.4,5,0
2023-02-26,center_dallas,Dallas,465,23.6,1.0,6,0
2023-02-27,center_dallas,Dallas,847,22.6,2.8,0,0
2023-02-28,center_dallas,Dallas,968,25.1,0.0,1,0
2023-03-01,center_dallas,Dallas,873,23.4,2.4,2,0
2023-03-02,center_dallas,Dallas,771,25.1,5.1,3,0
2023-03-03,center_dallas,Dallas,577,24.3,21.3,4,0
2023-03-04,center_dallas,Dallas,600,22.5,0.0,5,0
2023-03-05,center_dallas,Dallas,446,23.5,0.0,6,0
2023-03-06,center_dallas,Dallas,868,25.8,0.0,0,0
2023-03-07,center_dallas,Dallas,984,25.6,2.3,1,0
2023-03-08,center_dallas,Dallas,900,22.0,14.1,2,0
2023-03-09,center_dallas,Dallas,866,21.2,7.4,3,0
2023-03-10,center_dallas,Dallas,827,17.4,2.6,4,0
2023-03-11,center_dallas,Dallas,617,27.5,0.1,5,0
2023-03-12,center_dallas,Dallas,463,25.6,0.0,6,0
2023-03-13,center_dallas,Dallas,915,15.1,0.0,0,0
2023-03-14,center_dallas,Dallas,864,15.2,0.2,1,0
2023-03-15,center_dallas,Dallas,907,18.5,0.0,2,0
2023-03-16,center_dallas,Dallas,816,25.2,13.8,3,0
2023-03-17,center_dallas,Dallas,699,18.0,0.7,4,0
2023-03-18,center_dallas,Dallas,592,11.3,0.0,5,0
2023-03-19,center_dallas,Dallas,371,9.9,0.0,6,0
2023-03-20,center_dallas,Dallas,927,12.0,0.0,0,0
2023-03-21,center_dallas,Dallas,874,20.4,1.9,1,0
2023-03-22,center_dallas,Dallas,997,26.9,1.0,2,0
2023-03-23,center_dallas,Dallas,916,27.5,0.5,3,0
2023-03-24,center_dallas,Dallas,534,25.4,34.3,4,0
2023-03-25,center_dallas,Dallas,598,21.9,0.0,5,0
2023-03-26,center_dallas,Dallas,520,23.2,0.0,6,0
2023-03-27,center_dallas,Dallas,839,21.6,2.6,0,0
2023-03-28,center_dallas,Dallas,860,17.2,10.5,1,0
2023-03-29,center_dallas,Dallas,867,17.5,3.7,2,0
2023-03-30,center_dallas,Dallas,667,22.8,27.3,3,0
2023-03-31,center_dallas,Dallas,711,28.9,6.8,4,0
2023-04-01,center_dallas,Dallas,595,22.7,0.0,5,0
2023-04-02,center_dallas,Dallas,426,24.5,18.5,6,0
2023-04-03,center_dallas,Dallas,895,31.7,0.1,0,0
2023-04-04,center_dallas,Dallas,947,29.5,0.1,1,0
2023-04-05,center_dallas,Dallas,794,24.8,17.5,2,0
2023-04-06,center_dallas,Dallas,916,16.4,0.0,3,0
2023-04-07,center_dallas,Dallas,757,15.7,0.0,4,0
2023-04-08,center_dallas,Dallas,624,20.1,0.1,5,0
2023-04-09,center_dallas,Dallas,512,22.0,0.1,6,0
2023-04-10,center_dallas,Dallas,801,21.6,2.0,0,0
2023-04-11,center_dallas,Dallas,938,22.9,0.1,1,0
2023-04-12,center_dallas,Dallas,971,24.0,0.0,2,0
2023-04-13,center_dallas,Dallas,800,24.6,0.0,3,0
2023-04-14,center_dallas,Dallas,787,25.2,0.4,4,0
2023-04-15,center_dallas,Dallas,650,26.5,0.0,5,0
2023-04-16,center_dallas,Dallas,463,22.3,0.0,6,0
2023-04-17,center_dallas,Dallas,842,25.5,0.0,0,0
2023-04-18,center_dallas,Dallas,987,22.6,0.0,1,0
2023-04-19,center_dallas,Dallas,889,26.8,1.3,2,0
2023-04-20,center_dallas,Dallas,758,26.0,10.6,3,0
2023-04-21,center_dallas,Dallas,646,23.2,7.7,4,0
2023-04-22,center_dallas,Dallas,551,22.4,0.0,5,0
2023-04-23,center_dallas,Dallas,466,16.5,3.4,6,0
2023-04-24,center_dallas,Dallas,933,19.2,0.0,0,0
2023-04-25,center_dallas,Dallas,854,21.4,9.6,1,0
2023-04-26,center_dallas,Dallas,658,21.8,42.2,2,0
2023-04-27,center_dallas,Dallas,844,19.8,7.2,3,0
2023-04-28,center_dallas,Dallas,620,23.4,15.0,4,0
2023-04-29,center_dallas,Dallas,554,20.4,3.3,5,0
2023-04-30,center_dallas,Dallas,497,25.4,0.0,6,0
2023-05-01,center_dallas,Dallas,808,23.2,0.0,0,0
2023-05-02,center_dallas,Dallas,908,25.5,0.0,1,0
2023-05-03,center_dallas,Dallas,948,25.6,0.3,2,0
2023-05-04,center_dallas,Dallas,956,26.8,0.6,3,0
2023-05-05,center_dallas,Dallas,776,33.0,0.0,4,0
2023-05-06,center_dallas,Dallas,602,31.0,0.0,5,0
2023-05-07,center_dallas,Dallas,448,30.1,18.1,6,0
2023-05-08,center_dallas,Dallas,895,30.9,0.6,0,0
2023-05-09,center_dallas,Dallas,993,28.3,2.4,1,0
2023-05-10,center_dallas,Dallas,966,25.6,1.5,2,0
2023-05-11,center_dallas,Dallas,829,26.2,7.3,3,0
2023-05-12,center_dallas,Dallas,738,27.8,15.2,4,0
2023-05-13,center_dallas,Dallas,472,27.5,37.0,5,0
2023-05-14,center_dallas,Dallas,381,25.2,39.8,6,0
2023-05-15,center_dallas,Dallas,819,28.7,8.3,0,0
2023-05-16,center_dallas,Dallas,752,26.3,14.0,1,0
2023-05-17,center_dallas,Dallas,1009,27.1,0.0,2,0
2023-05-18,center_dallas,Dallas,889,28.6,0.0,3,0
2023-05-19,center_dallas,Dallas,733,28.8,3.8,4,0
2023-05-20,center_dallas,Dallas,633,25.5,1.1,5,0
2023-05-21,center_dallas,Dallas,502,24.4,0.0,6,0
2023-05-22,center_dallas,Dallas,843,26.5,0.0,0,0
2023-05-23,center_dallas,Dallas,960,28.5,0.0,1,0
2023-05-24,center_dallas,Dallas,861,28.2,8.8,2,0
2023-05-25,center_dallas,Dallas,818,27.5,0.0,3,0
2023-05-26,center_dallas,Dallas,720,30.8,0.0,4,0
2023-05-27,center_dallas,Dallas,596,30.2,0.0,5,0
2023-05-28,center_dallas,Dallas,505,31.0,1.0,6,0
2023-05-29,center_dallas,Dallas,472,29.8,1.2,0,1
2023-05-30,center_dallas,Dallas,810,28.6,8.6,1,0
2023-05-31,center_dallas,Dallas,919,31.2,4.0,2,0
2023-06-01,center_dallas,Dallas,916,30.9,0.4,3,0
2023-06-02,center_dallas,Dallas,827,31.8,0.5,4,0
2023-06-03,center_dallas,Dallas,559,30.0,16.7,5,0
2023-06-04,center_dallas,Dallas,462,29.1,8.0,6,0
2023-06-05,center_dallas,Dallas,845,28.5,6.6,0,0
2023-06-06,center_dallas,Dallas,893,29.5,4.2,1,0
2023-06-07,center_dallas,Dallas,809,29.9,8.3,2,0
2023-06-08,center_dallas,Dallas,780,30.4,5.8,3,0
2023-06-09,center_dallas,Dallas,786,32.9,0.5,4,0
2023-06-10,center_dallas,Dallas,647,32.2,0.8,5,0
2023-06-11,center_dallas,Dallas,496,35.0,0.0,6,0
2023-06-12,center_dallas,Dallas,909,30.8,1.3,0,0
2023-06-13,center_dallas,Dallas,792,27.5,6.1,1,0
2023-06-14,center_dallas,Dallas,851,30.0,16.5,2,0
2023-06-15,center_dallas,Dallas,852,32.5,5.3,3,0
2023-06-16,center_dallas,Dallas,680,35.0,14.5,4,0
2023-06-17,center_dallas,Dallas,612,30.7,3.0,5,0
2023-06-18,center_dallas,Dallas,398,32.3,52.4,6,0
2023-06-19,center_dallas,Dallas,393,34.1,5.2,0,1
2023-06-20,center_dallas,Dallas,727,35.2,4.6,1,0
2023-06-21,center_dallas,Dallas,890,34.8,0.2,2,0
2023-06-22,center_dallas,Dallas,857,31.8,1.8,3,0
2023-06-23,center_dallas,Dallas,737,32.3,0.0,4,0
2023-06-24,center_dallas,Dallas,468,35.9,5.9,5,0
2023-06-25,center_dallas,Dallas,424,37.5,0.0,6,0
2023-06-26,center_dallas,Dallas,680,37.7,0.0,0,0
2023-06-27,center_dallas,Dallas,682,37.8,0.0,1,0
2023-06-28,center_dallas,Dallas,710,37.7,0.0,2,0
2023-06-29,center_dallas,Dallas,758,37.7,0.0,3,0
2023-06-30,center_dallas,Dallas,635,36.0,0.0,4,0
2023-07-01,center_dallas,Dallas,608,33.9,0.0,5,0
2023-07-02,center_dallas,Dallas,353,31.5,21.1,6,0
2023-07-03,center_dallas,Dallas,889,34.7,0.6,0,0
2023-07-04,center_dallas,Dallas,356,33.0,20.9,1,1
2023-07-05,center_dallas,Dallas,980,34.9,0.5,2,0
2023-07-06,center_dallas,Dallas,875,34.8,0.1,3,0
2023-07-07,center_dallas,Dallas,718,34.7,1.9,4,0
2023-07-08,center_dallas,Dallas,461,35.5,0.4,5,0
2023-07-09,center_dallas,Dallas,340,33.3,23.7,6,0
2023-07-10,center_dallas,Dallas,795,32.9,8.0,0,0
2023-07-11,center_dallas,Dallas,776,33.4,6.8,1,0
2023-07-12,center_dallas,Dallas,708,38.0,0.0,2,0
2023-07-13,center_dallas,Dallas,773,38.2,0.0,3,0
2023-07-14,center_dallas,Dallas,610,38.7,0.0,4,0
2023-07-15,center_dallas,Dallas,516,36.7,1.9,5,0
2023-07-16,center_dallas,Dallas,417,34.0,14.1,6,0
2023-07-17,center_dallas,Dallas,690,39.2,0.0,0,0
2023-07-18,center_dallas,Dallas,790,40.2,0.0,1,0
2023-07-19,center_dallas,Dallas,788,39.6,0.0,2,0
2023-07-20,center_dallas,Dallas,733,38.2,0.0,3,0
2023-07-21,center_dallas,Dallas,602,38.1,0.0,4,0
2023-07-22,center_dallas,Dallas,436,37.2,0.0,5,0
2023-07-23,center_dallas,Dallas,515,34.8,0.0,6,0
2023-07-24,center_dallas,Dallas,726,37.8,0.0,0,0
2023-07-25,center_dallas,Dallas,709,38.5,0.0,1,0
2023-07-26,center_dallas,Dallas,780,37.8,0.0,2,0
2023-07-27,center_dallas,Dallas,763,37.7,0.0,3,0
2023-07-28,center_dallas,Dallas,585,37.8,0.0,4,0
2023-07-29,center_dallas,Dallas,470,38.0,0.0,5,0
2023-07-30,center_dallas,Dallas,396,39.3,0.0,6,0
2023-07-31,center_dallas,Dallas,645,39.8,0.0,0,0
2023-08-01,center_dallas,Dallas,814,40.8,0.0,1,0
2023-08-02,center_dallas,Dallas,753,40.8,0.0,2,0
2023-08-03,center_dallas,Dallas,738,40.8,0.0,3,0
2023-08-04,center_dallas,Dallas,664,40.2,0.0,4,0
2023-08-05,center_dallas,Dallas,478,40.8,0.0,5,0
2023-08-06,center_dallas,Dallas,398,40.0,0.0,6,0
2023-08-07,center_dallas,Dallas,742,39.4,0.0,0,0
2023-08-08,center_dallas,Dallas,693,38.5,0.8,1,0
2023-08-09,center_dallas,Dallas,721,41.3,0.0,2,0
2023-08-10,center_dallas,Dallas,714,41.9,0.2,3,0
2023-08-11,center_dallas,Dallas,552,41.8,0.0,4,0
2023-08-12,center_dallas,Dallas,506,42.0,0.0,5,0
2023-08-13,center_dallas,Dallas,421,41.4,0.0,6,0
2023-08-14,center_dallas,Dallas,766,39.3,0.1,0,0
2023-08-15,center_dallas,Dallas,685,35.3,0.1,1,0
2023-08-16,center_dallas,Dallas,997,34.4,0.0,2,0
2023-08-17,center_dallas,Dallas,763,42.2,0.0,3,0
2023-08-18,center_dallas,Dallas,591,42.9,0.0,4,0
2023-08-19,center_dallas,Dallas,504,41.4,0.0,5,0
2023-08-20,center_dallas,Dallas,405,41.0,0.1,6,0
2023-08-21,center_dallas,Dallas,708,40.1,0.0,0,0
2023-08-22,center_dallas,Dallas,779,39.5,0.0,1,0
2023-08-23,center_dallas,Dallas,716,39.5,0.0,2,0
2023-08-24,center_dallas,Dallas,723,40.5,0.0,3,0
2023-08-25,center_dallas,Dallas,574,41.7,0.0,4,0
2023-08-26,center_dallas,Dallas,439,41.7,0.0,5,0
2023-08-27,center_dallas,Dallas,379,39.7,4.5,6,0
2023-08-28,center_dallas,Dallas,880,34.5,0.5,0,0
2023-08-29,center_dallas,Dallas,748,36.5,0.0,1,0
2023-08-30,center_dallas,Dallas,670,37.5,0.0,2,0
2023-08-31,center_dallas,Dallas,747,36.7,0.0,3,0
2023-09-01,center_dallas,Dallas,659,36.0,0.0,4,0
2023-09-02,center_dallas,Dallas,529,35.7,0.0,5,0
2023-09-03,center_dallas,Dallas,360,35.4,3.3,6,0
2023-09-04,center_dallas,Dallas,348,36.9,2.0,0,1
2023-09-05,center_dallas,Dallas,699,39.2,0.0,1,0
2023-09-06,center_dallas,Dallas,686,39.0,0.0,2,0
2023-09-07,center_dallas,Dallas,751,41.0,0.0,3,0
2023-09-08,center_dallas,Dallas,663,41.3,0.0,4,0
2023-09-09,center_dallas,Dallas,660,35.0,0.2,5,0
2023-09-10,center_dallas,Dallas,530,34.4,0.0,6,0
2023-09-11,center_dallas,Dallas,798,33.5,0.0,0,0
2023-09-12,center_dallas,Dallas,977,30.4,3.3,1,0
2023-09-13,center_dallas,Dallas,889,27.8,4.2,2,0
2023-09-14,center_dallas,Dallas,669,25.8,23.2,3,0
2023-09-15,center_dallas,Dallas,714,28.6,4.0,4,0
2023-09-16,center_dallas,Dallas,641,28.4,0.3,5,0
2023-09-17,center_dallas,Dallas,498,30.8,0.0,6,0
2023-09-18,center_dallas,Dallas,861,33.2,0.0,0,0
2023-09-19,center_dallas,Dallas,870,34.6,0.0,1,0
2023-09-20,center_dallas,Dallas,870,34.3,2.1,2,0
2023-09-21,center_dallas,Dallas,957,33.2,0.1,3,0
2023-09-22,center_dallas,Dallas,527,35.9,15.3,4,0
2023-09-23,center_dallas,Dallas,514,35.8,0.1,5,0
2023-09-24,center_dallas,Dallas,355,36.0,1.0,6,0
2023-09-25,center_dallas,Dallas,961,31.4,4.2,0,0
2023-09-26,center_dallas,Dallas,846,33.0,0.0,1,0
2023-09-27,center_dallas,Dallas,987,33.5,0.0,2,0
2023-09-28,center_dallas,Dallas,772,35.6,0.0,3,0
2023-09-29,center_dallas,Dallas,671,35.3,0.0,4,0
2023-09-30,center_dallas,Dallas,472,35.5,0.0,5,0
2023-10-01,center_dallas,Dallas,463,33.5,0.0,6,0
2023-10-02,center_dallas,Dallas,848,33.3,0.0,0,0
2023-10-03,center_dallas,Dallas,871,32.5,0.0,1,0
2023-10-04,center_dallas,Dallas,752,31.8,25.3,2,0
2023-10-05,center_dallas,Dallas,608,27.5,60.1,3,0
2023-10-06,center_dallas,Dallas,758,28.9,0.0,4,0
2023-10-07,center_dallas,Dallas,656,24.6,0.0,5,0
2023-10-08,center_dallas,Dallas,470,24.6,0.0,6,0
2023-10-09,center_dallas,Dallas,485,30.2,0.0,0,1
2023-10-10,center_dallas,Dallas,884,29.5,0.0,1,0
2023-10-11,center_dallas,Dallas,887,26.2,0.0,2,0
2023-10-12,center_dallas,Dallas,947,27.9,0.0,3,0
2023-10-13,center_dallas,Dallas,731,26.5,0.1,4,0
2023-10-14,center_dallas,Dallas,579,22.5,0.0,5,0
2023-10-15,center_dallas,Dallas,437,20.1,0.0,6,0
2023-10-16,center_dallas,Dallas,826,18.1,0.0,0,0
2023-10-17,center_dallas,Dallas,882,22.5,0.0,1,0
2023-10-18,center_dallas,Dallas,971,27.3,0.0,2,0
2023-10-19,center_dallas,Dallas,866,28.6,0.0,3,0
2023-10-20,center_dallas,Dallas,690,33.0,0.0,4,0
2023-10-21,center_dallas,Dallas,628,33.3,0.0,5,0
2023-10-22,center_dallas,Dallas,485,30.1,0.0,6,0
2023-10-23,center_dallas,Dallas,890,27.3,1.0,0,0
2023-10-24,center_dallas,Dallas,735,26.7,28.8,1,0
2023-10-25,center_dallas,Dallas,915,27.6,14.2,2,0
2023-10-26,center_dallas,Dallas,670,28.0,52.1,3,0
2023-10-27,center_dallas,Dallas,721,28.4,3.6,4,0
2023-10-28,center_dallas,Dallas,455,23.4,32.0,5,0
2023-10-29,center_dallas,Dallas,358,21.5,24.7,6,0
2023-10-30,center_dallas,Dallas,683,9.9,7.5,0,0
2023-10-31,center_dallas,Dallas,971,14.3,0.0,1,0
2023-11-01,center_dallas,Dallas,867,11.1,0.0,2,0
2023-11-02,center_dallas,Dallas,887,15.7,0.0,3,0
2023-11-03,center_dallas,Dallas,725,21.0,0.0,4,0
2023-11-04,center_dallas,Dallas,584,23.0,0.0,5,0
2023-11-05,center_dallas,Dallas,498,25.9,0.0,6,0
2023-11-06,center_dallas,Dallas,800,26.7,0.0,0,0
2023-11-07,center_dallas,Dallas,979,28.5,0.0,1,0
2023-11-08,center_dallas,Dallas,930,28.5,0.0,2,0
2023-11-09,center_dallas,Dallas,787,25.1,14.3,3,0
2023-11-10,center_dallas,Dallas,347,17.9,8.6,4,1
2023-11-11,center_dallas,Dallas,289,16.4,0.0,5,1
2023-11-12,center_dallas,Dallas,515,18.6,0.0,6,0
2023-11-13,center_dallas,Dallas,851,19.8,0.0,0,0
2023-11-14,center_dallas,Dallas,996,20.1,0.5,1,0
2023-11-15,center_dallas,Dallas,989,21.1,0.0,2,0
2023-11-16,center_dallas,Dallas,845,19.5,0.0,3,0
2023-11-17,center_dallas,Dallas,808,17.8,0.0,4,0
2023-11-18,center_dallas,Dallas,639,20.6,0.1,5,0
2023-11-19,center_dallas,Dallas,509,20.2,4.5,6,0
2023-11-20,center_dallas,Dallas,827,23.4,1.9,0,0
2023-11-21,center_dallas,Dallas,986,17.6,0.1,1,0
2023-11-22,center_dallas,Dallas,916,14.5,0.0,2,0
2023-11-23,center_dallas,Dallas,471,16.7,0.0,3,1
2023-11-24,center_dallas,Dallas,705,16.0,0.0,4,0
2023-11-25,center_dallas,Dallas,587,16.1,0.0,5,0
2023-11-26,center_dallas,Dallas,398,13.4,8.1,6,0
2023-11-27,center_dallas,Dallas,878,10.9,0.0,0,0
2023-11-28,center_dallas,Dallas,998,15.4,0.0,1,0
2023-11-29,center_dallas,Dallas,862,17.0,0.0,2,0
2023-11-30,center_dallas,Dallas,683,17.6,64.0,3,0
2023-12-01,center_dallas,Dallas,791,16.9,0.2,4,0
2023-12-02,center_dallas,Dallas,600,15.6,0.0,5,0
2023-12-03,center_dallas,Dallas,495,20.7,0.0,6,0
2023-12-04,center_dallas,Dallas,844,15.7,0.0,0,0
2023-12-05,center_dallas,Dallas,853,18.4,0.0,1,0
2023-12-06,center_dallas,Dallas,835,16.6,0.0,2,0
2023-12-07,center_dallas,Dallas,926,20.6,0.0,3,0
2023-12-08,center_dallas,Dallas,790,25.0,0.0,4,0
2023-12-09,center_dallas,Dallas,623,21.9,0.0,5,0
2023-12-10,center_dallas,Dallas,525,12.4,0.0,6,0
2023-12-11,center_dallas,Dallas,868,16.5,0.0,0,0
2023-12-12,center_dallas,Dallas,975,17.0,0.0,1,0
2023-12-13,center_dallas,Dallas,897,13.6,0.0,2,0
2023-12-14,center_dallas,Dallas,921,17.0,0.4,3,0
2023-12-15,center_dallas,Dallas,622,15.0,15.2,4,0
2023-12-16,center_dallas,Dallas,552,14.6,0.2,5,0
2023-12-17,center_dallas,Dallas,444,19.0,0.0,6,0
2023-12-18,center_dallas,Dallas,939,16.7,0.0,0,0
2023-12-19,center_dallas,Dallas,856,13.8,0.0,1,0
2023-12-20,center_dallas,Dallas,984,19.0,0.0,2,0
2023-12-21,center_dallas,Dallas,970,16.2,4.0,3,0
2023-12-22,center_dallas,Dallas,751,20.9,10.9,4,0
2023-12-23,center_dallas,Dallas,601,19.2,1.0,5,0
2023-12-24,center_dallas,Dallas,335,19.4,43.7,6,0
2023-12-25,center_dallas,Dallas,435,15.7,0.2,0,1
2023-12-26,center_dallas,Dallas,1003,12.8,0.0,1,0
2023-12-27,center_dallas,Dallas,799,9.9,0.0,2,0
2023-12-28,center_dallas,Dallas,810,9.1,0.0,3,0
2023-12-29,center_dallas,Dallas,784,11.6,0.0,4,0
2023-12-30,center_dallas,Dallas,577,16.1,0.0,5,0
2023-12-31,center_dallas,Dallas,530,16.6,0.0,6,0
2020-01-01,center_houston,Houston,885,15.2,0.0,2,1
2020-01-02,center_houston,Houston,1275,20.1,23.6,3,0
2020-01-03,center_houston,Houston,1314,18.6,0.9,4,0
2020-01-04,center_houston,Houston,1163,18.3,0.0,5,0
2020-01-05,center_houston,Houston,788,21.4,0.0,6,0
2020-01-06,center_houston,Houston,1721,22.8,0.0,0,0
2020-01-07,center_houston,Houston,1672,19.1,0.1,1,0
2020-01-08,center_houston,Houston,1774,19.5,0.0,2,0
2020-01-09,center_houston,Houston,1660,23.9,0.7,3,0
2020-01-10,center_houston,Houston,1414,24.0,1.8,4,0
2020-01-11,center_houston,Houston,985,22.6,11.5,5,0
2020-01-12,center_houston,Houston,802,16.5,0.0,6,0
2020-01-13,center_houston,Houston,1554,19.2,6.6,0,0
2020-01-14,center_houston,Houston,1143,25.0,22.8,1,0
2020-01-15,center_houston,Houston,1751,26.0,0.6,2,0
2020-01-16,center_houston,Houston,1630,22.8,1.1,3,0
2020-01-17,center_houston,Houston,1335,21.7,3.0,4,0
2020-01-18,center_houston,Houston,988,22.5,11.6,5,0
2020-01-19,center_houston,Houston,937,18.5,0.4,6,0
2020-01-20,center_houston,Houston,760,14.4,0.0,0,1
2020-01-21,center_houston,Houston,1647,13.2,0.0,1,0
2020-01-22,center_houston,Houston,1609,14.7,13.6,2,0
2020-01-23,center_houston,Houston,1340,17.6,6.8,3,0
2020-01-24,center_houston,Houston,1453,17.6,0.0,4,0
2020-01-25,center_houston,Houston,1029,18.0,0.5,5,0
2020-01-26,center_houston,Houston,765,22.6,7.8,6,0
2020-01-27,center_houston,Houston,1452,17.5,0.0,0,0
2020-01-28,center_houston,Houston,1553,18.6,12.2,1,0
2020-01-29,center_houston,Houston,1656,16.2,1.6,2,0
2020-01-30,center_houston,Houston,1528,13.9,2.1,3,0
2020-01-31,center_houston,Houston,1391,14.2,0.5,4,0
2020-02-01,center_houston,Houston,1033,18.5,0.0,5,0
2020-02-02,center_houston,Houston,880,22.1,0.0,6,0
2020-02-03,center_houston,Houston,1606,23.1,0.1,0,0
2020-02-04,center_houston,Houston,1592,25.9,3.4,1,0
2020-02-05,center_houston,Houston,1533,21.2,9.9,2,0
2020-02-06,center_houston,Houston,1235,9.9,1.9,3,0
2020-02-07,center_houston,Houston,1410,20.8,0.0,4,0
2020-02-08,center_houston,Houston,1113,19.7,0.1,5,0
2020-02-09,center_houston,Houston,788,23.0,10.0,6,0
2020-02-10,center_houston,Houston,1274,24.2,13.1,0,0
2020-02-11,center_houston,Houston,1621,22.8,10.3,1,0
2020-02-12,center_houston,Houston,1348,18.4,15.2,2,0
2020-02-13,center_houston,Houston,1571,14.8,0.0,3,0
2020-02-14,center_houston,Houston,1409,14.5,0.0,4,0
2020-02-15,center_houston,Houston,1034,18.5,0.1,5,0
2020-02-16,center_houston,Houston,862,21.5,0.4,6,0
2020-02-17,center_houston,Houston,760,24.8,3.2,0,1
2020-02-18,center_houston,Houston,1691,24.9,0.5,1,0
2020-02-19,center_houston,Houston,1467,22.6,6.1,2,0
2020-02-20,center_houston,Houston,1413,13.4,15.8,3,0
2020-02-21,center_houston,Houston,1252,12.2,0.4,4,0
2020-02-22,center_houston,Houston,1026,15.9,0.0,5,0
2020-02-23,center_houston,Houston,781,19.9,0.5,6,0
2020-02-24,center_houston,Houston,1283,22.9,19.5,0,0
2020-02-25,center_houston,Houston,1677,20.6,0.0,1,0
2020-02-26,center_houston,Houston,1595,18.1,0.0,2,0
2020-02-27,center_houston,Houston,1442,12.8,0.0,3,0
2020-02-28,center_houston,Houston,1433,18.8,0.0,4,0
2020-02-29,center_houston,Houston,987,21.5,0.0,5,0
2020-03-01,center_houston,Houston,791,21.9,1.4,6,0
2020-03-02,center_houston,Houston,1433,25.4,1.9,0,0
2020-03-03,center_houston,Houston,1680,24.8,2.1,1,0
2020-03-04,center_houston,Houston,1467,24.4,8.9,2,0
2020-03-05,center_houston,Houston,1630,21.0,1.0,3,0
2020-03-06,center_houston,Houston,1453,19.9,0.0,4,0
2020-03-07,center_houston,Houston,1038,16.8,0.0,5,0
2020-03-08,center_houston,Houston,942,21.7,0.0,6,0
2020-03-09,center_houston,Houston,1716,22.7,1.5,0,0
2020-03-10,center_houston,Houston,1459,25.0,8.1,1,0
2020-03-11,center_houston,Houston,1598,25.1,0.6,2,0
2020-03-12,center_houston,Houston,1681,27.3,0.2,3,0
2020-03-13,center_houston,Houston,1433,25.7,2.8,4,0
2020-03-14,center_houston,Houston,1079,26.5,0.3,5,0
2020-03-15,center_houston,Houston,793,25.5,2.5,6,0
2020-03-16,center_houston,Houston,1560,23.5,0.8,0,0
2020-03-17,center_houston,Houston,1599,25.9,2.8,1,0
2020-03-18,center_houston,Houston,1637,27.4,1.1,2,0
2020-03-19,center_houston,Houston,1523,28.5,1.3,3,0
2020-03-20,center_houston,Houston,1219,25.4,16.0,4,0
2020-03-21,center_houston,Houston,1170,18.8,4.2,5,0
2020-03-22,center_houston,Houston,928,24.7,4.3,6,0
2020-03-23,center_houston,Houston,1469,27.3,2.6,0,0
2020-03-24,center_houston,Houston,1524,28.5,1.0,1,0
2020-03-25,center_houston,Houston,1614,29.5,0.0,2,0
2020-03-26,center_houston,Houston,1439,29.5,0.0,3,0
2020-03-27,center_houston,Houston,1448,29.6,0.0,4,0
2020-03-28,center_houston,Houston,1014,28.5,1.0,5,0
2020-03-29,center_houston,Houston,796,25.5,0.2,6,0
2020-03-30,center_houston,Houston,1678,27.1,1.2,0,0
2020-03-31,center_houston,Houston,1623,24.3,0.7,1,0
2020-04-01,center_houston,Houston,1622,22.2,0.0,2,0
2020-04-02,center_houston,Houston,1518,24.7,0.0,3,0
2020-04-03,center_houston,Houston,1456,24.5,2.6,4,0
2020-04-04,center_houston,Houston,851,21.9,31.6,5,0
2020-04-05,center_houston,Houston,909,22.6,4.2,6,0
2020-04-06,center_houston,Houston,1642,24.9,4.0,0,0
2020-04-07,center_houston,Houston,1749,28.5,4.2,1,0
2020-04-08,center_houston,Houston,1661,29.6,0.8,2,0
2020-04-09,center_houston,Houston,1295,29.8,13.3,3,0
2020-04-10,center_houston,Houston,1306,23.6,1.7,4,0
2020-04-11,center_houston,Houston,1122,25.3,0.8,5,0
2020-04-12,center_houston,Houston,910,30.5,3.8,6,0
2020-04-13,center_houston,Houston,1455,25.6,0.0,0,0
2020-04-14,center_houston,Houston,1772,20.6,0.0,1,0
2020-04-15,center_houston,Houston,1714,19.6,0.0,2,0
2020-04-16,center_houston,Houston,1562,22.2,0.0,3,0
2020-04-17,center_houston,Houston,1238,26.0,7.6,4,0
2020-04-18,center_houston,Houston,726,23.2,22.5,5,0
2020-04-19,center_houston,Houston,829,26.8,17.0,6,0
2020-04-20,center_houston,Houston,1529,27.2,0.0,0,0
2020-04-21,center_houston,Houston,1586,27.1,0.7,1,0
2020-04-22,center_houston,Houston,1544,28.1,3.1,2,0
2020-04-23,center_houston,Houston,1688,28.3,4.8,3,0
2020-04-24,center_houston,Houston,1453,31.4,0.0,4,0
2020-04-25,center_houston,Houston,1097,27.9,0.3,5,0
2020-04-26,center_houston,Houston,876,27.8,0.0,6,0
2020-04-27,center_houston,Houston,1553,27.8,0.0,0,0
2020-04-28,center_houston,Houston,1225,26.0,34.8,1,0
2020-04-29,center_houston,Houston,1618,26.5,10.8,2,0
2020-04-30,center_houston,Houston,1558,26.0,0.0,3,0
2020-05-01,center_houston,Houston,1477,27.2,0.0,4,0
2020-05-02,center_houston,Houston,1129,28.6,0.0,5,0
2020-05-03,center_houston,Houston,937,29.6,0.0,6,0
2020-05-04,center_houston,Houston,1622,30.8,0.1,0,0
2020-05-05,center_houston,Houston,1542,30.8,1.2,1,0
2020-05-06,center_houston,Houston,1580,27.9,9.3,2,0
2020-05-07,center_houston,Houston,1484,27.4,0.0,3,0
2020-05-08,center_houston,Houston,1187,30.9,13.7,4,0
2020-05-09,center_houston,Houston,1002,23.0,3.2,5,0
2020-05-10,center_houston,Houston,907,25.0,0.0,6,0
2020-05-11,center_houston,Houston,1584,26.0,0.0,0,0
2020-05-12,center_houston,Houston,1692,27.5,0.1,1,0
2020-05-13,center_houston,Houston,1125,29.3,23.9,2,0
2020-05-14,center_houston,Houston,1437,27.0,7.3,3,0
2020-05-15,center_houston,Houston,1251,28.0,5.4,4,0
2020-05-16,center_houston,Houston,802,28.5,69.5,5,0
2020-05-17,center_houston,Houston,858,28.4,1.8,6,0
2020-05-18,center_houston,Houston,1435,31.3,0.0,0,0
2020-05-19,center_houston,Houston,1679,32.8,0.0,1,0
2020-05-20,center_houston,Houston,1784,33.0,0.6,2,0
2020-05-21,center_houston,Houston,1701,31.1,0.2,3,0
2020-05-22,center_houston,Houston,1301,31.0,2.8,4,0
2020-05-23,center_houston,Houston,1153,31.0,3.0,5,0
2020-05-24,center_houston,Houston,695,27.9,8.7,6,0
2020-05-25,center_houston,Houston,680,30.0,8.9,0,1
2020-05-26,center_houston,Houston,1541,28.0,1.8,1,0
2020-05-27,center_houston,Houston,1568,29.5,16.5,2,0
2020-05-28,center_houston,Houston,1160,27.5,34.6,3,0
2020-05-29,center_houston,Houston,1346,29.5,1.1,4,0
2020-05-30,center_houston,Houston,970,28.9,0.3,5,0
2020-05-31,center_houston,Houston,851,27.6,1.9,6,0
2020-06-01,center_houston,Houston,1260,27.9,37.9,0,0
2020-06-02,center_houston,Houston,1498,29.9,0.3,1,0
2020-06-03,center_houston,Houston,1471,29.4,11.4,2,0
2020-06-04,center_houston,Houston,1456,29.8,1.4,3,0
2020-06-05,center_houston,Houston,1330,30.5,1.1,4,0
2020-06-06,center_houston,Houston,1109,33.6,0.2,5,0
2020-06-07,center_houston,Houston,935,34.8,0.2,6,0
2020-06-08,center_houston,Houston,1358,31.5,5.1,0,0
2020-06-09,center_houston,Houston,1806,34.6,0.2,1,0
2020-06-10,center_houston,Houston,1601,33.5,4.5,2,0
2020-06-11,center_houston,Houston,1515,32.7,0.0,3,0
2020-06-12,center_houston,Houston,1248,32.8,0.0,4,0
2020-06-13,center_houston,Houston,1152,33.0,0.0,5,0
2020-06-14,center_houston,Houston,776,31.0,0.5,6,0
2020-06-15,center_houston,Houston,1549,31.8,0.2,0,0
2020-06-16,center_houston,Houston,1662,32.2,0.0,1,0
2020-06-17,center_houston,Houston,1731,32.8,0.0,2,0
2020-06-18,center_houston,Houston,1515,32.9,0.0,3,0
2020-06-19,center_houston,Houston,1370,31.8,1.0,4,0
2020-06-20,center_houston,Houston,957,31.2,12.0,5,0
2020-06-21,center_houston,Houston,762,29.4,5.1,6,0
2020-06-22,center_houston,Houston,1190,29.0,39.2,0,0
2020-06-23,center_houston,Houston,1378,28.6,8.8,1,0
2020-06-24,center_houston,Houston,1296,27.8,70.2,2,0
2020-06-25,center_houston,Houston,1242,29.5,23.3,3,0
2020-06-26,center_houston,Houston,1380,28.8,0.8,4,0
2020-06-27,center_houston,Houston,1169,30.2,2.5,5,0
2020-06-28,center_houston,Houston,857,30.2,2.1,6,0
2020-06-29,center_houston,Houston,1460,31.4,1.4,0,0
2020-06-30,center_houston,Houston,1593,32.5,1.1,1,0
2020-07-01,center_houston,Houston,1784,33.2,0.4,2,0
2020-07-02,center_houston,Houston,1420,34.3,0.1,3,0
2020-07-03,center_houston,Houston,694,33.1,0.0,4,1
2020-07-04,center_houston,Houston,519,34.0,0.0,5,1
2020-07-05,center_houston,Houston,783,34.8,0.0,6,0
2020-07-06,center_houston,Houston,1725,33.0,0.7,0,0
2020-07-07,center_houston,Houston,1498,33.6,1.5,1,0
2020-07-08,center_houston,Houston,1513,34.8,0.2,2,0
2020-07-09,center_houston,Houston,1212,35.2,0.1,3,0
2020-07-10,center_houston,Houston,1105,35.5,0.0,4,0
2020-07-11,center_houston,Houston,834,36.0,0.0,5,0
2020-07-12,center_houston,Houston,675,36.1,0.1,6,0
2020-07-13,center_houston,Houston,1185,37.3,0.0,0,0
2020-07-14,center_houston,Houston,1381,36.3,0.0,1,0
2020-07-15,center_houston,Houston,1392,35.8,0.0,2,0
2020-07-16,center_houston,Houston,1244,36.1,0.0,3,0
2020-07-17,center_houston,Houston,1075,31.2,21.4,4,0
2020-07-18,center_houston,Houston,1112,31.5,2.5,5,0
2020-07-19,center_houston,Houston,877,31.7,1.8,6,0
2020-07-20,center_houston,Houston,1226,29.6,20.6,0,0
2020-07-21,center_houston,Houston,1258,28.1,61.8,1,0
2020-07-22,center_houston,Houston,1310,29.5,36.8,2,0
2020-07-23,center_houston,Houston,1289,31.8,6.3,3,0
2020-07-24,center_houston,Houston,1303,30.6,5.8,4,0
2020-07-25,center_houston,Houston,881,28.3,28.7,5,0
2020-07-26,center_houston,Houston,588,28.0,28.4,6,0
2020-07-27,center_houston,Houston,1518,29.2,10.5,0,0
2020-07-28,center_houston,Houston,1561,30.9,9.7,1,0
2020-07-29,center_houston,Houston,1548,30.6,6.7,2,0
2020-07-30,center_houston,Houston,1712,32.3,1.3,3,0
2020-07-31,center_houston,Houston,1407,32.2,3.3,4,0
2020-08-01,center_houston,Houston,762,29.2,22.0,5,0
2020-08-02,center_houston,Houston,842,31.5,0.0,6,0
2020-08-03,center_houston,Houston,1645,32.8,0.8,0,0
2020-08-04,center_houston,Houston,1481,33.0,17.4,1,0
2020-08-05,center_houston,Houston,1632,33.5,0.1,2,0
2020-08-06,center_houston,Houston,1489,32.6,1.8,3,0
2020-08-07,center_houston,Houston,1291,33.1,0.0,4,0
2020-08-08,center_houston,Houston,1052,31.5,1.8,5,0
2020-08-09,center_houston,Houston,913,32.5,2.1,6,0
2020-08-10,center_houston,Houston,1504,34.5,0.2,0,0
2020-08-11,center_houston,Houston,1656,33.8,1.8,1,0
2020-08-12,center_houston,Houston,1480,35.0,0.7,2,0
2020-08-13,center_houston,Houston,1227,36.0,0.0,3,0
2020-08-14,center_houston,Houston,1093,36.5,0.0,4,0
2020-08-15,center_houston,Houston,845,36.8,0.0,5,0
2020-08-16,center_houston,Houston,748,36.8,0.0,6,0
2020-08-17,center_houston,Houston,1228,35.2,0.8,0,0
2020-08-18,center_houston,Houston,1232,35.1,0.0,1,0
2020-08-19,center_houston,Houston,1361,35.5,0.0,2,0
2020-08-20,center_houston,Houston,1533,34.2,0.0,3,0
2020-08-21,center_houston,Houston,1341,32.2,2.5,4,0
2020-08-22,center_houston,Houston,1136,32.2,0.7,5,0
2020-08-23,center_houston,Houston,892,33.6,0.0,6,0
2020-08-24,center_houston,Houston,1517,34.3,0.4,0,0
2020-08-25,center_houston,Houston,1288,35.2,0.2,1,0
2020-08-26,center_houston,Houston,1569,31.4,9.3,2,0
2020-08-27,center_houston,Houston,1558,34.3,0.0,3,0
2020-08-28,center_houston,Houston,1487,33.7,1.2,4,0
2020-08-29,center_houston,Houston,1056,33.5,2.0,5,0
2020-08-30,center_houston,Houston,889,33.0,3.5,6,0
2020-08-31,center_houston,Houston,1312,35.8,1.4,0,0
2020-09-01,center_houston,Houston,1223,36.2,1.0,1,0
2020-09-02,center_houston,Houston,1432,37.7,0.1,2,0
2020-09-03,center_houston,Houston,1628,32.4,2.9,3,0
2020-09-04,center_houston,Houston,1308,31.0,7.8,4,0
2020-09-05,center_houston,Houston,1020,31.7,3.8,5,0
2020-09-06,center_houston,Houston,792,31.6,2.9,6,0
2020-09-07,center_houston,Houston,861,32.2,3.1,0,1
2020-09-08,center_houston,Houston,1478,28.8,13.4,1,0
2020-09-09,center_houston,Houston,1595,32.1,2.9,2,0
2020-09-10,center_houston,Houston,1676,31.2,4.1,3,0
2020-09-11,center_houston,Houston,1316,31.0,5.3,4,0
2020-09-12,center_houston,Houston,969,33.0,0.2,5,0
2020-09-13,center_houston,Houston,826,31.3,4.4,6,0
2020-09-14,center_houston,Houston,1518,32.2,14.9,0,0
2020-09-15,center_houston,Houston,1746,33.6,0.5,1,0
2020-09-16,center_houston,Houston,1708,33.3,0.0,2,0
2020-09-17,center_houston,Houston,1301,30.9,16.3,3,0
2020-09-18,center_houston,Houston,1329,31.2,0.6,4,0
2020-09-19,center_houston,Houston,1040,31.2,0.0,5,0
2020-09-20,center_houston,Houston,772,27.5,10.5,6,0
2020-09-21,center_houston,Houston,1491,25.1,13.8,0,0
2020-09-22,center_houston,Houston,1314,26.7,88.6,1,0
2020-09-23,center_houston,Houston,1470,27.9,15.0,2,0
2020-09-24,center_houston,Houston,1508,24.9,0.0,3,0
2020-09-25,center_houston,Houston,1390,26.9,0.0,4,0
2020-09-26,center_houston,Houston,1178,29.4,0.0,5,0
2020-09-27,center_houston,Houston,798,31.2,0.0,6,0
2020-09-28,center_houston,Houston,1524,27.9,8.2,0,0
2020-09-29,center_houston,Houston,1618,25.1,0.0,1,0
2020-09-30,center_houston,Houston,1767,27.4,0.0,2,0
2020-10-01,center_houston,Houston,1487,29.3,0.0,3,0
2020-10-02,center_houston,Houston,1388,26.8,0.0,4,0
2020-10-03,center_houston,Houston,1067,27.6,0.0,5,0
2020-10-04,center_houston,Houston,849,28.5,0.0,6,0
2020-10-05,center_houston,Houston,1540,27.1,0.0,0,0
2020-10-06,center_houston,Houston,1565,29.8,0.0,1,0
2020-10-07,center_houston,Houston,1685,29.9,0.0,2,0
2020-10-08,center_houston,Houston,1391,27.6,7.3,3,0
2020-10-09,center_houston,Houston,1077,24.2,36.3,4,0
2020-10-10,center_houston,Houston,1077,30.8,0.5,5,0
2020-10-11,center_houston,Houston,776,32.4,0.0,6,0
2020-10-12,center_houston,Houston,862,30.6,0.4,0,1
2020-10-13,center_houston,Houston,1727,29.0,0.0,1,0
2020-10-14,center_houston,Houston,1706,30.1,0.0,2,0
2020-10-15,center_houston,Houston,1634,31.1,0.2,3,0
2020-10-16,center_houston,Houston,1210,26.8,19.0,4,0
2020-10-17,center_houston,Houston,1175,26.8,0.1,5,0
2020-10-18,center_houston,Houston,941,29.9,0.0,6,0
2020-10-19,center_houston,Houston,1475,28.5,3.9,0,0
2020-10-20,center_houston,Houston,1622,29.1,0.5,1,0
2020-10-21,center_houston,Houston,1617,28.8,1.0,2,0
2020-10-22,center_houston,Houston,1529,27.4,3.9,3,0
2020-10-23,center_houston,Houston,1382,27.4,4.2,4,0
2020-10-24,center_houston,Houston,1090,22.2,0.0,5,0
2020-10-25,center_houston,Houston,782,23.8,0.5,6,0
2020-10-26,center_houston,Houston,1415,26.8,2.7,0,0
2020-10-27,center_houston,Houston,1555,26.4,1.2,1,0
2020-10-28,center_houston,Houston,1334,19.1,11.8,2,0
2020-10-29,center_houston,Houston,1600,17.4,0.0,3,0
2020-10-30,center_houston,Houston,1391,18.6,0.0,4,0
2020-10-31,center_houston,Houston,1129,21.5,0.0,5,0
2020-11-01,center_houston,Houston,932,24.4,0.0,6,0
2020-11-02,center_houston,Houston,1646,21.2,0.0,0,0
2020-11-03,center_houston,Houston,1522,22.8,0.0,1,0
2020-11-04,center_houston,Houston,1498,24.9,0.0,2,0
2020-11-05,center_houston,Houston,1549,25.6,0.0,3,0
2020-11-06,center_houston,Houston,1442,24.5,0.0,4,0
2020-11-07,center_houston,Houston,1087,26.2,0.0,5,0
2020-11-08,center_houston,Houston,866,26.5,0.5,6,0
2020-11-09,center_houston,Houston,1469,28.9,0.3,0,0
2020-11-10,center_houston,Houston,1682,27.8,1.7,1,0
2020-11-11,center_houston,Houston,857,27.5,1.3,2,1
2020-11-12,center_houston,Houston,1693,26.7,0.0,3,0
2020-11-13,center_houston,Houston,1437,24.9,1.8,4,0
2020-11-14,center_houston,Houston,1056,27.5,2.4,5,0
2020-11-15,center_houston,Houston,826,24.5,4.7,6,0
2020-11-16,center_houston,Houston,1616,21.1,0.0,0,0
2020-11-17,center_houston,Houston,1602,22.6,0.0,1,0
2020-11-18,center_houston,Houston,1585,21.9,0.0,2,0
2020-11-19,center_houston,Houston,1583,25.6,0.2,3,0
2020-11-20,center_houston,Houston,1270,25.5,2.6,4,0
2020-11-21,center_houston,Houston,1085,24.7,0.2,5,0
2020-11-22,center_houston,Houston,807,26.1,0.0,6,0
2020-11-23,center_houston,Houston,1442,23.0,0.0,0,0
2020-11-24,center_houston,Houston,1658,27.0,1.2,1,0
2020-11-25,center_houston,Houston,1776,22.7,2.5,2,0
2020-11-26,center_houston,Houston,709,24.9,0.0,3,1
2020-11-27,center_houston,Houston,1054,22.8,62.2,4,0
2020-11-28,center_houston,Houston,730,21.4,53.3,5,0
2020-11-29,center_houston,Houston,765,18.0,17.8,6,0
2020-11-30,center_houston,Houston,1578,12.4,0.0,0,0
2020-12-01,center_houston,Houston,1778,16.0,0.0,1,0
2020-12-02,center_houston,Houston,1334,20.4,25.6,2,0
2020-12-03,center_houston,Houston,1293,17.0,7.2,3,0
2020-12-04,center_houston,Houston,1332,13.6,0.0,4,0
2020-12-05,center_houston,Houston,1058,12.1,0.0,5,0
2020-12-06,center_houston,Houston,856,16.2,0.4,6,0
2020-12-07,center_houston,Houston,1716,16.5,0.0,0,0
2020-12-08,center_houston,Houston,1575,20.2,0.0,1,0
2020-12-09,center_houston,Houston,1729,22.5,0.0,2,0
2020-12-10,center_houston,Houston,1587,22.8,0.0,3,0
2020-12-11,center_houston,Houston,1322,22.4,3.9,4,0
2020-12-12,center_houston,Houston,1048,19.9,8.6,5,0
2020-12-13,center_houston,Houston,675,21.0,21.2,6,0
2020-12-14,center_houston,Houston,1509,12.3,0.0,0,0
2020-12-15,center_houston,Houston,1513,11.5,7.3,1,0
2020-12-16,center_houston,Houston,1643,10.3,0.2,2,0
2020-12-17,center_houston,Houston,1438,11.6,0.0,3,0
2020-12-18,center_houston,Houston,1450,18.5,0.0,4,0
2020-12-19,center_houston,Houston,813,17.8,70.4,5,0
2020-12-20,center_houston,Houston,845,19.0,0.2,6,0
2020-12-21,center_houston,Houston,1518,20.3,0.0,0,0
2020-12-22,center_houston,Houston,1591,20.5,0.0,1,0
2020-12-23,center_houston,Houston,1735,21.5,3.3,2,0
2020-12-24,center_houston,Houston,1459,19.0,3.4,3,0
2020-12-25,center_houston,Houston,743,15.1,0.0,4,1
2020-12-26,center_houston,Houston,1008,19.2,0.0,5,0
2020-12-27,center_houston,Houston,921,21.5,0.1,6,0
2020-12-28,center_houston,Houston,1585,22.2,0.4,0,0
2020-12-29,center_houston,Houston,1680,22.2,0.0,1,0
2020-12-30,center_houston,Houston,1569,22.5,8.3,2,0
2020-12-31,center_houston,Houston,1185,19.9,51.1,3,0
2021-01-01,center_houston,Houston,686,12.1,0.0,4,1
2021-01-02,center_houston,Houston,1020,12.9,0.0,5,0
2021-01-03,center_houston,Houston,838,18.4,0.0,6,0
2021-01-04,center_houston,Houston,1475,21.9,0.0,0,0
2021-01-05,center_houston,Houston,1635,19.0,0.0,1,0
2021-01-06,center_houston,Houston,1653,21.0,3.7,2,0
2021-01-07,center_houston,Houston,1441,14.6,17.2,3,0
2021-01-08,center_houston,Houston,1282,12.0,0.0,4,0
2021-01-09,center_houston,Houston,1051,11.2,0.0,5,0
2021-01-10,center_houston,Houston,669,8.8,17.6,6,0
2021-01-11,center_houston,Houston,1116,7.2,6.8,0,0
2021-01-12,center_houston,Houston,1447,9.4,0.0,1,0
2021-01-13,center_houston,Houston,1731,14.1,0.0,2,0
2021-01-14,center_houston,Houston,1439,19.3,0.0,3,0
2021-01-15,center_houston,Houston,1227,14.9,0.0,4,0
2021-01-16,center_houston,Houston,972,13.4,0.0,5,0
2021-01-17,center_houston,Houston,870,17.5,0.0,6,0
2021-01-18,center_houston,Houston,723,20.5,0.0,0,1
2021-01-19,center_houston,Houston,1746,22.8,1.9,1,0
2021-01-20,center_houston,Houston,1502,18.5,0.1,2,0
2021-01-21,center_houston,Houston,1429,20.6,6.1,3,0
2021-01-22,center_houston,Houston,1199,20.2,9.3,4,0
2021-01-23,center_houston,Houston,1176,19.5,0.9,5,0
2021-01-24,center_houston,Houston,708,25.5,5.7,6,0
2021-01-25,center_houston,Houston,1469,23.6,6.3,0,0
2021-01-26,center_houston,Houston,1755,22.0,0.0,1,0
2021-01-27,center_houston,Houston,1578,18.8,0.0,2,0
2021-01-28,center_houston,Houston,1569,14.1,0.0,3,0
2021-01-29,center_houston,Houston,1320,16.6,0.0,4,0
2021-01-30,center_houston,Houston,1037,22.0,2.5,5,0
2021-01-31,center_houston,Houston,846,20.2,0.8,6,0
2021-02-01,center_houston,Houston,1717,15.5,0.0,0,0
2021-02-02,center_houston,Houston,1740,16.5,0.0,1,0
2021-02-03,center_houston,Houston,1528,19.9,0.0,2,0
2021-02-04,center_houston,Houston,1623,24.6,0.1,3,0
2021-02-05,center_houston,Houston,1246,21.2,12.6,4,0
2021-02-06,center_houston,Houston,1039,18.3,3.3,5,0
2021-02-07,center_houston,Houston,821,16.1,0.0,6,0
2021-02-08,center_houston,Houston,1471,20.6,0.1,0,0
2021-02-09,center_houston,Houston,1696,21.0,1.0,1,0
2021-02-10,center_houston,Houston,1363,20.5,17.1,2,0
2021-02-11,center_houston,Houston,1487,14.4,8.7,3,0
2021-02-12,center_houston,Houston,1017,8.2,12.7,4,0
2021-02-13,center_houston,Houston,885,6.8,1.4,5,0
2021-02-14,center_houston,Houston,747,4.9,4.3,6,0
2021-02-15,center_houston,Houston,660,0.3,16.0,0,1
2021-02-16,center_houston,Houston,1288,1.4,0.0,1,0
2021-02-17,center_houston,Houston,1293,5.4,17.0,2,0
2021-02-18,center_houston,Houston,1239,2.7,0.0,3,0
2021-02-19,center_houston,Houston,1217,8.1,0.0,4,0
2021-02-20,center_houston,Houston,1140,14.6,0.0,5,0
2021-02-21,center_houston,Houston,934,20.0,0.1,6,0
2021-02-22,center_houston,Houston,1662,20.6,0.2,0,0
2021-02-23,center_houston,Houston,1745,23.0,0.0,1,0
2021-02-24,center_houston,Houston,1762,24.5,1.4,2,0
2021-02-25,center_houston,Houston,1625,22.5,4.9,3,0
2021-02-26,center_houston,Houston,1290,25.3,4.1,4,0
2021-02-27,center_houston,Houston,1122,23.5,1.7,5,0
2021-02-28,center_houston,Houston,891,25.2,3.3,6,0
2021-03-01,center_houston,Houston,1419,22.6,7.3,0,0
2021-03-02,center_houston,Houston,1280,17.0,21.7,1,0
2021-03-03,center_houston,Houston,1688,17.2,0.0,2,0
2021-03-04,center_houston,Houston,1598,19.5,0.0,3,0
2021-03-05,center_houston,Houston,1390,22.0,3.9,4,0
2021-03-06,center_houston,Houston,1048,18.5,0.7,5,0
2021-03-07,center_houston,Houston,806,17.9,0.0,6,0
2021-03-08,center_houston,Houston,1567,20.5,0.0,0,0
2021-03-09,center_houston,Houston,1755,22.4,0.1,1,0
2021-03-10,center_houston,Houston,1573,23.9,2.0,2,0
2021-03-11,center_houston,Houston,1473,24.8,0.9,3,0
2021-03-12,center_houston,Houston,1481,24.7,1.7,4,0
2021-03-13,center_houston,Houston,1079,25.0,0.8,5,0
2021-03-14,center_houston,Houston,785,24.0,9.3,6,0
2021-03-15,center_houston,Houston,1515,23.4,10.5,0,0
2021-03-16,center_houston,Houston,1561,25.8,9.8,1,0
2021-03-17,center_houston,Houston,1550,24.0,13.2,2,0
2021-03-18,center_houston,Houston,1687,21.1,0.0,3,0
2021-03-19,center_houston,Houston,1364,18.4,0.0,4,0
2021-03-20,center_houston,Houston,1135,18.2,0.0,5,0
2021-03-21,center_houston,Houston,813,18.6,0.0,6,0
2021-03-22,center_houston,Houston,1500,21.9,0.2,0,0
2021-03-23,center_houston,Houston,1139,25.4,25.7,1,0
2021-03-24,center_houston,Houston,1564,23.4,3.9,2,0
2021-03-25,center_houston,Houston,1548,23.6,3.8,3,0
2021-03-26,center_houston,Houston,1468,25.3,0.0,4,0
2021-03-27,center_houston,Houston,1076,27.1,1.3,5,0
2021-03-28,center_houston,Houston,874,25.4,4.9,6,0
2021-03-29,center_houston,Houston,1683,20.6,0.0,0,0
2021-03-30,center_houston,Houston,1541,26.4,3.5,1,0
2021-03-31,center_houston,Houston,1116,23.6,23.1,2,0
2021-04-01,center_houston,Houston,1470,19.6,0.0,3,0
2021-04-02,center_houston,Houston,1477,17.5,0.0,4,0
2021-04-03,center_houston,Houston,1009,17.5,2.7,5,0
2021-04-04,center_houston,Houston,824,21.2,1.5,6,0
2021-04-05,center_houston,Houston,1503,23.9,1.8,0,0
2021-04-06,center_houston,Houston,1570,26.0,0.2,1,0
2021-04-07,center_houston,Houston,1576,27.5,1.4,2,0
2021-04-08,center_houston,Houston,1304,29.1,5.1,3,0
2021-04-09,center_houston,Houston,1362,28.4,0.8,4,0
2021-04-10,center_houston,Houston,997,27.1,0.2,5,0
2021-04-11,center_houston,Houston,913,27.5,0.0,6,0
2021-04-12,center_houston,Houston,1639,29.0,0.0,0,0
2021-04-13,center_houston,Houston,1508,27.4,11.2,1,0
2021-04-14,center_houston,Houston,1424,26.1,17.2,2,0
2021-04-15,center_houston,Houston,1284,23.0,6.7,3,0
2021-04-16,center_houston,Houston,1022,22.6,23.2,4,0
2021-04-17,center_houston,Houston,1024,22.0,15.9,5,0
2021-04-18,center_houston,Houston,860,18.4,0.4,6,0
2021-04-19,center_houston,Houston,1528,20.5,0.0,0,0
2021-04-20,center_houston,Houston,1594,24.7,0.2,1,0
2021-04-21,center_houston,Houston,1623,23.8,0.0,2,0
2021-04-22,center_houston,Houston,1693,21.0,0.0,3,0
2021-04-23,center_houston,Houston,1263,24.4,12.3,4,0
2021-04-24,center_houston,Houston,1061,28.1,8.1,5,0
2021-04-25,center_houston,Houston,847,25.0,0.0,6,0
2021-04-26,center_houston,Houston,1639,26.3,0.0,0,0
2021-04-27,center_houston,Houston,1596,26.9,0.3,1,0
2021-04-28,center_houston,Houston,1525,29.7,0.1,2,0
2021-04-29,center_houston,Houston,1693,27.7,1.5,3,0
2021-04-30,center_houston,Houston,995,24.0,139.4,4,0
2021-05-01,center_houston,Houston,816,24.6,49.5,5,0
2021-05-02,center_houston,Houston,778,28.5,11.1,6,0
2021-05-03,center_houston,Houston,1550,29.8,0.9,0,0
2021-05-04,center_houston,Houston,1370,27.3,7.0,1,0
2021-05-05,center_houston,Houston,1585,26.2,0.0,2,0
2021-05-06,center_houston,Houston,1631,27.8,0.0,3,0
2021-05-07,center_houston,Houston,1232,27.5,0.0,4,0
2021-05-08,center_houston,Houston,992,27.4,0.8,5,0
2021-05-09,center_houston,Houston,774,29.2,6.1,6,0
2021-05-10,center_houston,Houston,1277,30.1,6.4,0,0
2021-05-11,center_houston,Houston,1421,29.5,11.1,1,0
2021-05-12,center_houston,Houston,1311,24.5,24.1,2,0
2021-05-13,center_houston,Houston,1709,25.5,0.0,3,0
2021-05-14,center_houston,Houston,1407,26.2,0.0,4,0
2021-05-15,center_houston,Houston,1101,26.6,0.5,5,0
2021-05-16,center_houston,Houston,708,25.8,9.8,6,0
2021-05-17,center_houston,Houston,1070,26.0,28.4,0,0
2021-05-18,center_houston,Houston,1338,28.7,8.7,1,0
2021-05-19,center_houston,Houston,1334,25.2,25.9,2,0
2021-05-20,center_houston,Houston,1248,25.9,20.6,3,0
2021-05-21,center_houston,Houston,1413,26.6,4.0,4,0
2021-05-22,center_houston,Houston,814,25.6,38.5,5,0
2021-05-23,center_houston,Houston,684,23.8,39.1,6,0
2021-05-24,center_houston,Houston,1151,26.1,56.4,0,0
2021-05-25,center_houston,Houston,1124,27.0,23.9,1,0
2021-05-26,center_houston,Houston,1581,29.2,3.1,2,0
2021-05-27,center_houston,Houston,1665,29.8,0.3,3,0
2021-05-28,center_houston,Houston,1191,27.8,8.8,4,0
2021-05-29,center_houston,Houston,1050,28.6,11.2,5,0
2021-05-30,center_houston,Houston,779,26.6,2.1,6,0
2021-05-31,center_houston,Houston,777,27.4,3.4,0,1
2021-06-01,center_houston,Houston,1727,27.5,4.1,1,0
2021-06-02,center_houston,Houston,1575,27.6,5.8,2,0
2021-06-03,center_houston,Houston,1394,26.2,19.9,3,0
2021-06-04,center_houston,Houston,1025,25.1,115.2,4,0
2021-06-05,center_houston,Houston,1004,28.0,6.0,5,0
2021-06-06,center_houston,Houston,812,29.1,5.0,6,0
2021-06-07,center_houston,Houston,1516,30.9,1.6,0,0
2021-06-08,center_houston,Houston,1580,30.9,8.6,1,0
2021-06-09,center_houston,Houston,1388,31.4,15.8,2,0
2021-06-10,center_houston,Houston,1692,30.8,2.4,3,0
2021-06-11,center_houston,Houston,1294,32.3,0.0,4,0
2021-06-12,center_houston,Houston,1088,32.0,1.4,5,0
2021-06-13,center_houston,Houston,858,32.8,1.2,6,0
2021-06-14,center_houston,Houston,1473,33.7,1.4,0,0
2021-06-15,center_houston,Houston,1557,32.6,1.4,1,0
2021-06-16,center_houston,Houston,1512,33.7,1.1,2,0
2021-06-17,center_houston,Houston,1521,32.7,0.3,3,0
2021-06-18,center_houston,Houston,682,32.8,0.0,4,1
2021-06-19,center_houston,Houston,586,32.8,0.3,5,1
2021-06-20,center_houston,Houston,801,30.6,5.3,6,0
2021-06-21,center_houston,Houston,1415,29.9,11.2,0,0
2021-06-22,center_houston,Houston,1550,30.0,18.0,1,0
2021-06-23,center_houston,Houston,1557,31.8,4.0,2,0
2021-06-24,center_houston,Houston,1708,31.6,4.2,3,0
2021-06-25,center_houston,Houston,1386,30.8,4.1,4,0
2021-06-26,center_houston,Houston,1083,31.2,1.9,5,0
2021-06-27,center_houston,Houston,794,29.0,5.3,6,0
2021-06-28,center_houston,Houston,1071,28.2,83.8,0,0
2021-06-29,center_houston,Houston,1382,28.9,11.0,1,0
2021-06-30,center_houston,Houston,1626,30.4,4.6,2,0
2021-07-01,center_houston,Houston,1680,30.3,3.3,3,0
2021-07-02,center_houston,Houston,1374,32.2,2.4,4,0
2021-07-03,center_houston,Houston,849,30.4,27.2,5,0
2021-07-04,center_houston,Houston,292,29.0,43.1,6,1
2021-07-05,center_houston,Houston,641,29.5,21.6,0,1
2021-07-06,center_houston,Houston,1235,26.8,64.9,1,0
2021-07-07,center_houston,Houston,1356,28.0,11.8,2,0
2021-07-08,center_houston,Houston,1204,26.7,35.0,3,0
2021-07-09,center_houston,Houston,955,27.7,95.8,4,0
2021-07-10,center_houston,Houston,1146,29.8,2.3,5,0
2021-07-11,center_houston,Houston,871,31.5,0.7,6,0
2021-07-12,center_houston,Houston,1549,30.8,4.1,0,0
2021-07-13,center_houston,Houston,1450,29.2,6.7,1,0
2021-07-14,center_houston,Houston,1438,28.0,7.8,2,0
2021-07-15,center_houston,Houston,1467,30.1,5.7,3,0
2021-07-16,center_houston,Houston,1273,30.7,4.6,4,0
2021-07-17,center_houston,Houston,1151,32.2,0.6,5,0
2021-07-18,center_houston,Houston,893,30.8,2.3,6,0
2021-07-19,center_houston,Houston,1627,30.5,3.2,0,0
2021-07-20,center_houston,Houston,1186,30.2,69.5,1,0
2021-07-21,center_houston,Houston,1525,30.5,3.4,2,0
2021-07-22,center_houston,Houston,1481,30.0,8.2,3,0
2021-07-23,center_houston,Houston,1462,32.7,1.8,4,0
2021-07-24,center_houston,Houston,989,33.2,0.0,5,0
2021-07-25,center_houston,Houston,855,32.9,0.0,6,0
2021-07-26,center_houston,Houston,1569,33.3,0.0,0,0
2021-07-27,center_houston,Houston,1653,32.9,0.6,1,0
2021-07-28,center_houston,Houston,1337,31.1,8.4,2,0
2021-07-29,center_houston,Houston,1631,32.3,1.5,3,0
2021-07-30,center_houston,Houston,1275,32.3,2.0,4,0
2021-07-31,center_houston,Houston,1167,32.3,0.7,5,0
2021-08-01,center_houston,Houston,776,31.6,2.0,6,0
2021-08-02,center_houston,Houston,1376,31.1,5.9,0,0
2021-08-03,center_houston,Houston,1249,29.9,21.4,1,0
2021-08-04,center_houston,Houston,1648,30.8,3.2,2,0
2021-08-05,center_houston,Houston,1344,28.3,7.8,3,0
2021-08-06,center_houston,Houston,1083,30.4,20.4,4,0
2021-08-07,center_houston,Houston,886,32.0,7.1,5,0
2021-08-08,center_houston,Houston,804,31.5,1.2,6,0
2021-08-09,center_houston,Houston,1721,32.1,3.5,0,0
2021-08-10,center_houston,Houston,1806,32.1,4.6,1,0
2021-08-11,center_houston,Houston,1525,30.6,2.5,2,0
2021-08-12,center_houston,Houston,1416,31.1,2.6,3,0
2021-08-13,center_houston,Houston,1359,29.9,1.2,4,0
2021-08-14,center_houston,Houston,1171,31.0,1.1,5,0
2021-08-15,center_houston,Houston,789,30.3,6.1,6,0
2021-08-16,center_houston,Houston,1485,30.5,16.1,0,0
2021-08-17,center_houston,Houston,1616,31.0,7.0,1,0
2021-08-18,center_houston,Houston,1734,30.5,5.0,2,0
2021-08-19,center_houston,Houston,1368,32.0,10.6,3,0
2021-08-20,center_houston,Houston,1387,32.8,0.0,4,0
2021-08-21,center_houston,Houston,1013,33.2,0.0,5,0
2021-08-22,center_houston,Houston,868,32.5,0.1,6,0
2021-08-23,center_houston,Houston,1426,33.1,0.0,0,0
2021-08-24,center_houston,Houston,1637,32.8,0.0,1,0
2021-08-25,center_houston,Houston,1495,31.0,8.0,2,0
2021-08-26,center_houston,Houston,1279,30.5,6.9,3,0
2021-08-27,center_houston,Houston,1146,29.0,16.7,4,0
2021-08-28,center_houston,Houston,1054,30.8,3.4,5,0
2021-08-29,center_houston,Houston,790,30.8,6.0,6,0
2021-08-30,center_houston,Houston,1577,33.5,0.2,0,0
2021-08-31,center_houston,Houston,1475,32.7,6.3,1,0
2021-09-01,center_houston,Houston,1576,29.9,10.4,2,0
2021-09-02,center_houston,Houston,1681,31.2,3.2,3,0
2021-09-03,center_houston,Houston,1145,30.6,10.4,4,0
2021-09-04,center_houston,Houston,1164,32.9,0.1,5,0
2021-09-05,center_houston,Houston,782,34.1,0.0,6,0
2021-09-06,center_houston,Houston,725,32.0,1.7,0,1
2021-09-07,center_houston,Houston,1564,32.9,2.0,1,0
2021-09-08,center_houston,Houston,1663,32.8,0.0,2,0
2021-09-09,center_houston,Houston,1548,32.5,0.1,3,0
2021-09-10,center_houston,Houston,1487,32.1,0.0,4,0
2021-09-11,center_houston,Houston,1146,30.9,0.0,5,0
2021-09-12,center_houston,Houston,840,31.5,0.4,6,0
2021-09-13,center_houston,Houston,1091,28.0,28.7,0,0
2021-09-14,center_houston,Houston,1355,25.6,94.2,1,0
2021-09-15,center_houston,Houston,1792,28.9,0.6,2,0
2021-09-16,center_houston,Houston,1606,28.1,0.6,3,0
2021-09-17,center_houston,Houston,1479,29.8,0.4,4,0
2021-09-18,center_houston,Houston,1113,30.4,1.0,5,0
2021-09-19,center_houston,Houston,717,29.4,9.3,6,0
2021-09-20,center_houston,Houston,1625,31.0,2.1,0,0
2021-09-21,center_houston,Houston,1639,32.2,1.8,1,0
2021-09-22,center_houston,Houston,1555,29.8,0.9,2,0
2021-09-23,center_houston,Houston,1580,25.7,0.0,3,0
2021-09-24,center_houston,Houston,1420,26.5,0.0,4,0
2021-09-25,center_houston,Houston,1007,27.8,0.0,5,0
2021-09-26,center_houston,Houston,943,27.5,0.0,6,0
2021-09-27,center_houston,Houston,1567,29.9,1.4,0,0
2021-09-28,center_houston,Houston,1624,28.3,19.8,1,0
2021-09-29,center_houston,Houston,1482,28.8,14.3,2,0
2021-09-30,center_houston,Houston,1426,28.6,11.5,3,0
2021-10-01,center_houston,Houston,1105,25.2,67.2,4,0
2021-10-02,center_houston,Houston,764,25.4,28.1,5,0
2021-10-03,center_houston,Houston,814,29.0,1.4,6,0
2021-10-04,center_houston,Houston,1435,29.2,0.0,0,0
2021-10-05,center_houston,Houston,1753,28.5,0.0,1,0
2021-10-06,center_houston,Houston,1740,28.3,0.0,2,0
2021-10-07,center_houston,Houston,1541,28.8,0.0,3,0
2021-10-08,center_houston,Houston,1347,28.7,0.0,4,0
2021-10-09,center_houston,Houston,1001,29.0,0.0,5,0
2021-10-10,center_houston,Houston,856,29.1,3.2,6,0
2021-10-11,center_houston,Houston,840,27.9,2.9,0,1
2021-10-12,center_houston,Houston,1686,30.0,2.7,1,0
2021-10-13,center_houston,Houston,1803,30.6,0.0,2,0
2021-10-14,center_houston,Houston,1296,26.6,43.8,3,0
2021-10-15,center_houston,Houston,1492,29.8,4.5,4,0
2021-10-16,center_houston,Houston,1150,25.9,0.1,5,0
2021-10-17,center_houston,Houston,793,21.1,0.0,6,0
2021-10-18,center_houston,Houston,1653,23.0,0.0,0,0
2021-10-19,center_houston,Houston,1740,26.0,0.0,1,0
2021-10-20,center_houston,Houston,1681,28.6,0.2,2,0
2021-10-21,center_houston,Houston,1545,28.6,3.1,3,0
2021-10-22,center_houston,Houston,1318,28.9,0.1,4,0
2021-10-23,center_houston,Houston,1114,26.5,3.7,5,0
2021-10-24,center_houston,Houston,726,28.2,15.9,6,0
2021-10-25,center_houston,Houston,1680,30.0,0.6,0,0
2021-10-26,center_houston,Houston,1715,28.0,1.5,1,0
2021-10-27,center_houston,Houston,1354,25.5,33.6,2,0
2021-10-28,center_houston,Houston,1709,23.1,0.0,3,0
2021-10-29,center_houston,Houston,1305,20.5,0.0,4,0
2021-10-30,center_houston,Houston,1125,21.9,0.0,5,0
2021-10-31,center_houston,Houston,784,24.6,0.0,6,0
2021-11-01,center_houston,Houston,1664,24.2,0.0,0,0
2021-11-02,center_houston,Houston,1660,24.5,0.1,1,0
2021-11-03,center_houston,Houston,1347,22.8,7.9,2,0
2021-11-04,center_houston,Houston,1325,16.5,11.9,3,0
2021-11-05,center_houston,Houston,1244,17.0,0.0,4,0
2021-11-06,center_houston,Houston,1034,18.5,0.0,5,0
2021-11-07,center_houston,Houston,792,20.0,0.0,6,0
2021-11-08,center_houston,Houston,1716,22.9,0.0,0,0
2021-11-09,center_houston,Houston,1714,24.0,0.0,1,0
2021-11-10,center_houston,Houston,1581,26.4,2.1,2,0
2021-11-11,center_houston,Houston,775,24.6,4.4,3,1
2021-11-12,center_houston,Houston,1272,23.0,0.0,4,0
2021-11-13,center_houston,Houston,1160,19.2,0.0,5,0
2021-11-14,center_houston,Houston,890,25.3,0.0,6,0
2021-11-15,center_houston,Houston,1678,26.3,0.1,0,0
2021-11-16,center_houston,Houston,1547,26.2,0.0,1,0
2021-11-17,center_houston,Houston,1688,27.5,0.0,2,0
2021-11-18,center_houston,Houston,1577,22.5,3.5,3,0
2021-11-19,center_houston,Houston,1246,17.4,0.0,4,0
2021-11-20,center_houston,Houston,988,24.2,0.1,5,0
2021-11-21,center_houston,Houston,883,26.0,2.9,6,0
2021-11-22,center_houston,Houston,1405,20.5,5.6,0,0
2021-11-23,center_houston,Houston,1572,19.5,0.0,1,0
2021-11-24,center_houston,Houston,1716,24.4,0.2,2,0
2021-11-25,center_houston,Houston,542,21.2,26.3,3,1
2021-11-26,center_houston,Houston,1342,14.9,0.0,4,0
2021-11-27,center_houston,Houston,1108,12.5,1.8,5,0
2021-11-28,center_houston,Houston,786,16.5,6.5,6,0
2021-11-29,center_houston,Houston,1450,19.5,0.0,0,0
2021-11-30,center_houston,Houston,1634,21.5,0.0,1,0
2021-12-01,center_houston,Houston,1625,23.9,0.0,2,0
2021-12-02,center_houston,Houston,1727,24.3,0.0,3,0
2021-12-03,center_houston,Houston,1453,26.2,0.2,4,0
2021-12-04,center_houston,Houston,969,25.5,2.3,5,0
2021-12-05,center_houston,Houston,929,25.6,1.3,6,0
2021-12-06,center_houston,Houston,1391,23.0,16.2,0,0
2021-12-07,center_houston,Houston,1559,18.8,2.0,1,0
2021-12-08,center_houston,Houston,1732,20.7,1.5,2,0
2021-12-09,center_houston,Houston,1504,27.5,2.3,3,0
2021-12-10,center_houston,Houston,1311,28.0,0.9,4,0
2021-12-11,center_houston,Houston,1010,24.8,10.4,5,0
2021-12-12,center_houston,Houston,826,14.6,0.0,6,0
2021-12-13,center_houston,Houston,1534,20.4,2.4,0,0
2021-12-14,center_houston,Houston,1798,26.2,1.4,1,0
2021-12-15,center_houston,Houston,1514,26.5,0.7,2,0
2021-12-16,center_houston,Houston,1538,26.9,1.1,3,0
2021-12-17,center_houston,Houston,1254,26.4,1.1,4,0
2021-12-18,center_houston,Houston,775,22.2,34.9,5,0
2021-12-19,center_houston,Houston,907,14.5,0.1,6,0
2021-12-20,center_houston,Houston,1612,14.5,2.0,0,0
2021-12-21,center_houston,Houston,1558,15.1,0.0,1,0
2021-12-22,center_houston,Houston,1718,20.8,0.0,2,0
2021-12-23,center_houston,Houston,1632,23.5,0.0,3,0
2021-12-24,center_houston,Houston,686,25.5,0.0,4,1
2021-12-25,center_houston,Houston,487,26.6,0.1,5,1
2021-12-26,center_houston,Houston,885,26.6,0.0,6,0
2021-12-27,center_houston,Houston,1685,26.7,0.2,0,0
2021-12-28,center_houston,Houston,1530,26.5,2.1,1,0
2021-12-29,center_houston,Houston,1593,27.9,2.0,2,0
2021-12-30,center_houston,Houston,1475,26.9,0.0,3,0
2021-12-31,center_houston,Houston,709,27.6,0.8,4,1
2022-01-01,center_houston,Houston,505,28.5,1.2,5,1
2022-01-02,center_houston,Houston,910,23.7,0.6,6,0
2022-01-03,center_houston,Houston,1467,9.6,0.0,0,0
2022-01-04,center_houston,Houston,1595,18.8,0.0,1,0
2022-01-05,center_houston,Houston,1724,23.6,0.0,2,0
2022-01-06,center_houston,Houston,1436,20.1,0.0,3,0
2022-01-07,center_houston,Houston,1443,13.8,0.0,4,0
2022-01-08,center_houston,Houston,913,21.6,18.3,5,0
2022-01-09,center_houston,Houston,665,21.6,81.7,6,0
2022-01-10,center_houston,Houston,1536,16.6,0.0,0,0
2022-01-11,center_houston,Houston,1544,13.1,0.0,1,0
2022-01-12,center_houston,Houston,1576,13.9,0.9,2,0
2022-01-13,center_houston,Houston,1465,19.9,0.0,3,0
2022-01-14,center_houston,Houston,1450,22.0,0.0,4,0
2022-01-15,center_houston,Houston,1163,17.5,0.2,5,0
2022-01-16,center_houston,Houston,839,11.9,0.0,6,0
2022-01-17,center_houston,Houston,791,17.0,0.0,0,1
2022-01-18,center_houston,Houston,1617,22.1,0.0,1,0
2022-01-19,center_houston,Houston,1538,20.9,17.3,2,0
2022-01-20,center_houston,Houston,1276,18.8,23.0,3,0
2022-01-21,center_houston,Houston,1207,9.6,2.4,4,0
2022-01-22,center_houston,Houston,1040,11.1,0.0,5,0
2022-01-23,center_houston,Houston,888,12.4,0.0,6,0
2022-01-24,center_houston,Houston,1244,12.8,21.4,0,0
2022-01-25,center_houston,Houston,1794,15.8,1.5,1,0
2022-01-26,center_houston,Houston,1792,12.6,0.0,2,0
2022-01-27,center_houston,Houston,1427,14.5,0.0,3,0
2022-01-28,center_houston,Houston,1304,13.0,0.0,4,0
2022-01-29,center_houston,Houston,1174,15.2,0.0,5,0
2022-01-30,center_houston,Houston,834,18.9,0.0,6,0
2022-01-31,center_houston,Houston,1284,19.0,14.5,0,0
2022-02-01,center_houston,Houston,1249,19.9,24.5,1,0
2022-02-02,center_houston,Houston,1559,23.5,0.8,2,0
2022-02-03,center_houston,Houston,1357,18.4,11.3,3,0
2022-02-04,center_houston,Houston,1268,5.4,2.4,4,0
2022-02-05,center_houston,Houston,921,8.8,0.0,5,0
2022-02-06,center_houston,Houston,820,13.9,0.0,6,0
2022-02-07,center_houston,Houston,1630,15.4,0.0,0,0
2022-02-08,center_houston,Houston,1754,15.6,0.0,1,0
2022-02-09,center_houston,Houston,1641,19.0,0.0,2,0
2022-02-10,center_houston,Houston,1614,19.9,0.0,3,0
2022-02-11,center_houston,Houston,1246,21.0,0.0,4,0
2022-02-12,center_houston,Houston,921,17.5,6.2,5,0
2022-02-13,center_houston,Houston,807,13.9,0.1,6,0
2022-02-14,center_houston,Houston,1416,17.9,0.0,0,0
2022-02-15,center_houston,Houston,1721,21.0,0.0,1,0
2022-02-16,center_houston,Houston,1525,23.5,1.2,2,0
2022-02-17,center_houston,Houston,1547,25.4,7.9,3,0
2022-02-18,center_houston,Houston,1361,13.9,0.0,4,0
2022-02-19,center_houston,Houston,1062,16.6,0.0,5,0
2022-02-20,center_houston,Houston,865,20.7,0.0,6,0
2022-02-21,center_houston,Houston,824,25.7,1.4,0,1
2022-02-22,center_houston,Houston,1594,26.1,2.1,1,0
2022-02-23,center_houston,Houston,1602,23.2,3.6,2,0
2022-02-24,center_houston,Houston,1562,13.2,1.4,3,0
2022-02-25,center_houston,Houston,1165,8.9,2.6,4,0
2022-02-26,center_houston,Houston,789,7.8,7.5,5,0
2022-02-27,center_houston,Houston,826,14.6,1.4,6,0
2022-02-28,center_houston,Houston,1522,15.9,0.0,0,0
2022-03-01,center_houston,Houston,1665,18.7,0.0,1,0
2022-03-02,center_houston,Houston,1672,20.0,0.0,2,0
2022-03-03,center_houston,Houston,1585,23.0,0.0,3,0
2022-03-04,center_houston,Houston,1443,22.1,1.8,4,0
2022-03-05,center_houston,Houston,1083,26.0,3.0,5,0
2022-03-06,center_houston,Houston,877,26.9,0.4,6,0
2022-03-07,center_houston,Houston,1550,22.3,3.0,0,0
2022-03-08,center_houston,Houston,1204,13.1,21.5,1,0
2022-03-09,center_houston,Houston,1749,14.2,0.3,2,0
2022-03-10,center_houston,Houston,1723,19.7,0.0,3,0
2022-03-11,center_houston,Houston,1475,17.6,3.0,4,0
2022-03-12,center_houston,Houston,1065,12.3,0.8,5,0
2022-03-13,center_houston,Houston,887,16.6,0.0,6,0
2022-03-14,center_houston,Houston,1720,24.0,1.2,0,0
2022-03-15,center_houston,Houston,1571,21.5,13.9,1,0
2022-03-16,center_houston,Houston,1496,23.2,0.0,2,0
2022-03-17,center_houston,Houston,1567,24.6,0.6,3,0
2022-03-18,center_houston,Houston,1225,20.4,1.3,4,0
2022-03-19,center_houston,Houston,1094,21.7,0.0,5,0
2022-03-20,center_houston,Houston,903,21.9,0.0,6,0
2022-03-21,center_houston,Houston,1423,24.3,8.2,0,0
2022-03-22,center_houston,Houston,1171,22.6,39.3,1,0
2022-03-23,center_houston,Houston,1605,18.5,0.0,2,0
2022-03-24,center_houston,Houston,1445,18.3,0.0,3,0
2022-03-25,center_houston,Houston,1468,25.0,0.0,4,0
2022-03-26,center_houston,Houston,992,27.2,0.0,5,0
2022-03-27,center_houston,Houston,874,27.5,0.0,6,0
2022-03-28,center_houston,Houston,1556,26.9,0.0,0,0
2022-03-29,center_houston,Houston,1528,27.6,0.7,1,0
2022-03-30,center_houston,Houston,1313,27.8,21.8,2,0
2022-03-31,center_houston,Houston,1707,23.0,0.0,3,0
2022-04-01,center_houston,Houston,1415,23.9,0.0,4,0
2022-04-02,center_houston,Houston,1088,27.8,0.4,5,0
2022-04-03,center_houston,Houston,775,27.0,0.0,6,0
2022-04-04,center_houston,Houston,1440,26.7,2.4,0,0
2022-04-05,center_houston,Houston,1703,30.8,1.3,1,0
2022-04-06,center_houston,Houston,1772,27.6,0.3,2,0
2022-04-07,center_houston,Houston,1494,23.8,0.0,3,0
2022-04-08,center_houston,Houston,1421,23.5,0.0,4,0
2022-04-09,center_houston,Houston,1062,28.2,0.0,5,0
2022-04-10,center_houston,Houston,910,27.4,0.0,6,0
2022-04-11,center_houston,Houston,1466,28.6,9.6,0,0
2022-04-12,center_houston,Houston,1667,29.1,1.3,1,0
2022-04-13,center_houston,Houston,1776,30.6,2.6,2,0
2022-04-14,center_houston,Houston,1661,26.5,0.6,3,0
2022-04-15,center_houston,Houston,1483,27.0,2.5,4,0
2022-04-16,center_houston,Houston,1119,29.8,2.9,5,0
2022-04-17,center_houston,Houston,916,31.1,2.1,6,0
2022-04-18,center_houston,Houston,1451,26.5,0.4,0,0
2022-04-19,center_houston,Houston,1682,23.8,0.0,1,0
2022-04-20,center_houston,Houston,1494,28.2,2.8,2,0
2022-04-21,center_houston,Houston,1484,29.2,0.4,3,0
2022-04-22,center_houston,Houston,1303,28.5,1.8,4,0
2022-04-23,center_houston,Houston,1137,29.2,0.7,5,0
2022-04-24,center_houston,Houston,878,30.5,0.7,6,0
2022-04-25,center_houston,Houston,1440,27.4,10.0,0,0
2022-04-26,center_houston,Houston,1454,26.0,10.0,1,0
2022-04-27,center_houston,Houston,1679,25.5,0.0,2,0
2022-04-28,center_houston,Houston,1484,28.1,0.4,3,0
2022-04-29,center_houston,Houston,1438,29.1,0.1,4,0
2022-04-30,center_houston,Houston,1151,28.8,3.2,5,0
2022-05-01,center_houston,Houston,791,28.9,1.6,6,0
2022-05-02,center_houston,Houston,1509,30.5,0.4,0,0
2022-05-03,center_houston,Houston,1548,30.0,4.9,1,0
2022-05-04,center_houston,Houston,1620,30.8,1.0,2,0
2022-05-05,center_houston,Houston,1531,31.6,2.9,3,0
2022-05-06,center_houston,Houston,1182,32.5,8.7,4,0
2022-05-07,center_houston,Houston,1077,34.2,0.0,5,0
2022-05-08,center_houston,Houston,795,34.0,0.0,6,0
2022-05-09,center_houston,Houston,1644,33.7,0.0,0,0
2022-05-10,center_houston,Houston,1707,32.1,0.0,1,0
2022-05-11,center_houston,Houston,1482,31.8,0.1,2,0
2022-05-12,center_houston,Houston,1457,32.1,0.0,3,0
2022-05-13,center_houston,Houston,1481,33.7,0.0,4,0
2022-05-14,center_houston,Houston,968,33.0,0.8,5,0
2022-05-15,center_houston,Houston,935,34.0,0.2,6,0
2022-05-16,center_houston,Houston,1667,34.5,0.0,0,0
2022-05-17,center_houston,Houston,1763,34.5,0.0,1,0
2022-05-18,center_houston,Houston,1671,35.0,0.0,2,0
2022-05-19,center_houston,Houston,1455,33.2,0.0,3,0
2022-05-20,center_houston,Houston,1422,33.9,0.0,4,0
2022-05-21,center_houston,Houston,972,33.8,1.5,5,0
2022-05-22,center_houston,Houston,731,29.6,12.5,6,0
2022-05-23,center_houston,Houston,1634,27.9,0.2,0,0
2022-05-24,center_houston,Houston,1517,26.8,15.8,1,0
2022-05-25,center_houston,Houston,1459,27.7,18.1,2,0
2022-05-26,center_houston,Houston,1525,31.8,0.0,3,0
2022-05-27,center_houston,Houston,1309,33.5,0.0,4,0
2022-05-28,center_houston,Houston,1083,34.0,0.0,5,0
2022-05-29,center_houston,Houston,851,32.5,0.0,6,0
2022-05-30,center_houston,Houston,808,31.9,1.0,0,1
2022-05-31,center_houston,Houston,1657,32.5,2.6,1,0
2022-06-01,center_houston,Houston,1680,31.4,2.8,2,0
2022-06-02,center_houston,Houston,1437,33.1,1.0,3,0
2022-06-03,center_houston,Houston,1387,33.6,0.0,4,0
2022-06-04,center_houston,Houston,1041,31.5,1.9,5,0
2022-06-05,center_houston,Houston,847,32.8,0.6,6,0
2022-06-06,center_houston,Houston,1446,33.8,0.3,0,0
2022-06-07,center_houston,Houston,1784,34.1,0.0,1,0
2022-06-08,center_houston,Houston,1229,35.5,0.3,2,0
2022-06-09,center_houston,Houston,1361,35.4,0.3,3,0
2022-06-10,center_houston,Houston,1061,36.0,0.2,4,0
2022-06-11,center_houston,Houston,777,36.8,0.0,5,0
2022-06-12,center_houston,Houston,745,36.7,0.0,6,0
2022-06-13,center_houston,Houston,1249,36.2,0.0,0,0
2022-06-14,center_houston,Houston,1267,35.3,0.9,1,0
2022-06-15,center_houston,Houston,1346,36.4,1.5,2,0
2022-06-16,center_houston,Houston,1353,36.0,0.0,3,0
2022-06-17,center_houston,Houston,1267,34.5,1.3,4,0
2022-06-18,center_houston,Houston,1039,34.8,1.2,5,0
2022-06-19,center_houston,Houston,349,37.0,0.0,6,1
2022-06-20,center_houston,Houston,668,36.0,0.2,0,1
2022-06-21,center_houston,Houston,1771,35.0,1.5,1,0
2022-06-22,center_houston,Houston,1280,35.3,0.2,2,0
2022-06-23,center_houston,Houston,1134,36.6,0.1,3,0
2022-06-24,center_houston,Houston,1030,36.6,0.0,4,0
2022-06-25,center_houston,Houston,798,37.0,0.0,5,0
2022-06-26,center_houston,Houston,661,37.5,0.0,6,0
2022-06-27,center_houston,Houston,1235,36.3,2.8,0,0
2022-06-28,center_houston,Houston,1526,35.0,4.9,1,0
2022-06-29,center_houston,Houston,1688,32.5,3.5,2,0
2022-06-30,center_houston,Houston,1505,27.5,13.1,3,0
2022-07-01,center_houston,Houston,1315,30.1,12.0,4,0
2022-07-02,center_houston,Houston,896,32.9,5.4,5,0
2022-07-03,center_houston,Houston,853,34.0,0.6,6,0
2022-07-04,center_houston,Houston,730,34.0,1.8,0,1
2022-07-05,center_houston,Houston,1250,35.8,0.0,1,0
2022-07-06,center_houston,Houston,1719,33.2,2.5,2,0
2022-07-07,center_houston,Houston,1371,35.3,1.2,3,0
2022-07-08,center_houston,Houston,1036,36.8,0.4,4,0
2022-07-09,center_houston,Houston,823,38.2,0.0,5,0
2022-07-10,center_houston,Houston,627,38.0,5.3,6,0
2022-07-11,center_houston,Houston,1197,39.0,1.9,0,0
2022-07-12,center_houston,Houston,1299,37.3,1.4,1,0
2022-07-13,center_houston,Houston,1443,36.2,0.6,2,0
2022-07-14,center_houston,Houston,1352,33.2,6.3,3,0
2022-07-15,center_houston,Houston,1460,33.4,3.6,4,0
2022-07-16,center_houston,Houston,936,33.6,5.6,5,0
2022-07-17,center_houston,Houston,658,36.2,0.3,6,0
2022-07-18,center_houston,Houston,1358,37.2,0.1,0,0
2022-07-19,center_houston,Houston,1387,37.3,0.0,1,0
2022-07-20,center_houston,Houston,1279,37.7,0.5,2,0
2022-07-21,center_houston,Houston,1180,37.0,0.1,3,0
2022-07-22,center_houston,Houston,1265,34.5,6.1,4,0
2022-07-23,center_houston,Houston,1096,33.2,3.5,5,0
2022-07-24,center_houston,Houston,781,34.6,1.1,6,0
2022-07-25,center_houston,Houston,1441,34.8,0.0,0,0
2022-07-26,center_houston,Houston,1663,35.0,1.9,1,0
2022-07-27,center_houston,Houston,1661,33.0,3.6,2,0
2022-07-28,center_houston,Houston,1598,33.8,2.3,3,0
2022-07-29,center_houston,Houston,1228,33.2,1.2,4,0
2022-07-30,center_houston,Houston,971,32.0,16.4,5,0
2022-07-31,center_houston,Houston,906,34.8,0.1,6,0
2022-08-01,center_houston,Houston,1561,33.5,1.8,0,0
2022-08-02,center_houston,Houston,1301,35.8,4.5,1,0
2022-08-03,center_houston,Houston,1257,37.4,1.1,2,0
2022-08-04,center_houston,Houston,1379,37.1,0.5,3,0
2022-08-05,center_houston,Houston,1327,32.8,5.9,4,0
2022-08-06,center_houston,Houston,1106,30.5,4.2,5,0
2022-08-07,center_houston,Houston,911,32.6,2.2,6,0
2022-08-08,center_houston,Houston,1500,32.5,1.3,0,0
2022-08-09,center_houston,Houston,1602,34.0,1.8,1,0
2022-08-10,center_houston,Houston,1371,35.5,2.8,2,0
2022-08-11,center_houston,Houston,1159,34.4,31.1,3,0
2022-08-12,center_houston,Houston,1025,31.5,45.3,4,0
2022-08-13,center_houston,Houston,1114,32.8,2.7,5,0
2022-08-14,center_houston,Houston,805,32.0,4.0,6,0
2022-08-15,center_houston,Houston,1544,34.5,0.1,0,0
2022-08-16,center_houston,Houston,1333,35.2,0.2,1,0
2022-08-17,center_houston,Houston,1398,36.5,0.0,2,0
2022-08-18,center_houston,Houston,1025,35.6,15.9,3,0
2022-08-19,center_houston,Houston,925,30.3,34.3,4,0
2022-08-20,center_houston,Houston,902,30.4,6.7,5,0
2022-08-21,center_houston,Houston,764,31.5,9.2,6,0
2022-08-22,center_houston,Houston,1592,31.7,4.7,0,0
2022-08-23,center_houston,Houston,1160,30.9,22.8,1,0
2022-08-24,center_houston,Houston,1262,30.1,25.1,2,0
2022-08-25,center_houston,Houston,1670,31.2,1.0,3,0
2022-08-26,center_houston,Houston,1153,31.5,8.0,4,0
2022-08-27,center_houston,Houston,1111,30.8,2.0,5,0
2022-08-28,center_houston,Houston,806,31.8,1.8,6,0
2022-08-29,center_houston,Houston,1303,29.7,6.9,0,0
2022-08-30,center_houston,Houston,1147,29.7,39.5,1,0
2022-08-31,center_houston,Houston,1572,30.5,9.9,2,0
2022-09-01,center_houston,Houston,1361,30.2,17.5,3,0
2022-09-02,center_houston,Houston,1125,30.9,10.4,4,0
2022-09-03,center_houston,Houston,909,28.5,16.8,5,0
2022-09-04,center_houston,Houston,808,27.5,3.2,6,0
2022-09-05,center_houston,Houston,745,29.4,0.1,0,1
2022-09-06,center_houston,Houston,1591,30.2,0.0,1,0
2022-09-07,center_houston,Houston,1505,31.3,0.0,2,0
2022-09-08,center_houston,Houston,1491,30.5,0.5,3,0
2022-09-09,center_houston,Houston,1490,29.2,1.0,4,0
2022-09-10,center_houston,Houston,1163,30.6,0.1,5,0
2022-09-11,center_houston,Houston,807,32.2,0.0,6,0
2022-09-12,center_houston,Houston,1645,31.7,0.0,0,0
2022-09-13,center_houston,Houston,1705,31.3,0.0,1,0
2022-09-14,center_houston,Houston,1682,30.5,0.0,2,0
2022-09-15,center_houston,Houston,1512,31.1,1.2,3,0
2022-09-16,center_houston,Houston,1296,30.8,2.5,4,0
2022-09-17,center_houston,Houston,1076,32.2,1.0,5,0
2022-09-18,center_houston,Houston,853,31.9,1.0,6,0
2022-09-19,center_houston,Houston,1478,32.8,0.2,0,0
2022-09-20,center_houston,Houston,1707,32.8,1.4,1,0
2022-09-21,center_houston,Houston,1785,33.8,0.0,2,0
2022-09-22,center_houston,Houston,1175,36.0,0.0,3,0
2022-09-23,center_houston,Houston,1036,35.3,0.0,4,0
2022-09-24,center_houston,Houston,1021,34.7,0.0,5,0
2022-09-25,center_houston,Houston,784,34.1,0.0,6,0
2022-09-26,center_houston,Houston,1605,33.8,0.0,0,0
2022-09-27,center_houston,Houston,1723,30.8,0.0,1,0
2022-09-28,center_houston,Houston,1628,29.9,0.0,2,0
2022-09-29,center_houston,Houston,1476,29.1,0.0,3,0
2022-09-30,center_houston,Houston,1352,28.0,0.0,4,0
2022-10-01,center_houston,Houston,1036,28.1,0.0,5,0
2022-10-02,center_houston,Houston,808,29.0,0.0,6,0
2022-10-03,center_houston,Houston,1657,29.9,0.0,0,0
2022-10-04,center_houston,Houston,1743,29.5,0.0,1,0
2022-10-05,center_houston,Houston,1646,30.0,0.0,2,0
2022-10-06,center_houston,Houston,1619,31.4,0.0,3,0
2022-10-07,center_houston,Houston,1256,30.3,0.0,4,0
2022-10-08,center_houston,Houston,1005,30.9,0.0,5,0
2022-10-09,center_houston,Houston,785,30.1,0.0,6,0
2022-10-10,center_houston,Houston,727,29.4,0.0,0,1
2022-10-11,center_houston,Houston,1676,29.4,0.0,1,0
2022-10-12,center_houston,Houston,1536,32.8,0.0,2,0
2022-10-13,center_houston,Houston,1264,28.8,36.4,3,0
2022-10-14,center_houston,Houston,1277,29.5,3.3,4,0
2022-10-15,center_houston,Houston,1055,32.3,0.0,5,0
2022-10-16,center_houston,Houston,823,30.9,0.5,6,0
2022-10-17,center_houston,Houston,1140,26.7,20.2,0,0
2022-10-18,center_houston,Houston,1560,20.8,0.0,1,0
2022-10-19,center_houston,Houston,1762,18.6,0.0,2,0
2022-10-20,center_houston,Houston,1606,26.3,0.0,3,0
2022-10-21,center_houston,Houston,1339,29.2,0.0,4,0
2022-10-22,center_houston,Houston,1163,29.5,0.0,5,0
2022-10-23,center_houston,Houston,855,29.3,0.0,6,0
2022-10-24,center_houston,Houston,1419,29.9,1.8,0,0
2022-10-25,center_houston,Houston,1362,25.1,18.1,1,0
2022-10-26,center_houston,Houston,1601,22.2,0.0,2,0
2022-10-27,center_houston,Houston,1529,23.8,0.0,3,0
2022-10-28,center_houston,Houston,1094,23.1,43.2,4,0
2022-10-29,center_houston,Houston,1130,20.3,1.5,5,0
2022-10-30,center_houston,Houston,805,23.1,0.0,6,0
2022-10-31,center_houston,Houston,1554,24.2,0.0,0,0
2022-11-01,center_houston,Houston,1336,20.4,19.9,1,0
2022-11-02,center_houston,Houston,1582,23.1,1.8,2,0
2022-11-03,center_houston,Houston,1708,28.2,4.0,3,0
2022-11-04,center_houston,Houston,1348,28.7,2.2,4,0
2022-11-05,center_houston,Houston,842,23.5,55.9,5,0
2022-11-06,center_houston,Houston,844,27.8,2.5,6,0
2022-11-07,center_houston,Houston,1471,28.1,0.9,0,0
2022-11-08,center_houston,Houston,1694,27.6,0.1,1,0
2022-11-09,center_houston,Houston,1684,27.8,0.2,2,0
2022-11-10,center_houston,Houston,1703,26.9,0.0,3,0
2022-11-11,center_houston,Houston,596,25.8,10.1,4,1
2022-11-12,center_houston,Houston,894,18.0,12.6,5,0
2022-11-13,center_houston,Houston,908,13.4,0.0,6,0
2022-11-14,center_houston,Houston,1509,20.2,1.6,0,0
2022-11-15,center_houston,Houston,1484,13.1,2.4,1,0
2022-11-16,center_houston,Houston,1792,13.4,0.0,2,0
2022-11-17,center_houston,Houston,1650,13.1,0.0,3,0
2022-11-18,center_houston,Houston,1229,12.8,0.0,4,0
2022-11-19,center_houston,Houston,795,12.1,23.6,5,0
2022-11-20,center_houston,Houston,901,12.3,0.6,6,0
2022-11-21,center_houston,Houston,1426,10.1,8.6,0,0
2022-11-22,center_houston,Houston,1525,13.1,5.7,1,0
2022-11-23,center_houston,Houston,1792,20.5,0.1,2,0
2022-11-24,center_houston,Houston,751,23.8,3.5,3,1
2022-11-25,center_houston,Houston,1340,18.0,13.3,4,0
2022-11-26,center_houston,Houston,802,19.0,74.1,5,0
2022-11-27,center_houston,Houston,875,21.2,0.0,6,0
2022-11-28,center_houston,Houston,1580,21.8,0.0,0,0
2022-11-29,center_houston,Houston,1485,25.7,1.5,1,0
2022-11-30,center_houston,Houston,1793,23.8,0.0,2,0
2022-12-01,center_houston,Houston,1434,14.9,0.0,3,0
2022-12-02,center_houston,Houston,1378,26.0,0.6,4,0
2022-12-03,center_houston,Houston,991,24.6,2.9,5,0
2022-12-04,center_houston,Houston,870,21.3,0.6,6,0
2022-12-05,center_houston,Houston,1499,26.0,1.0,0,0
2022-12-06,center_houston,Houston,1513,27.0,0.8,1,0
2022-12-07,center_houston,Houston,1670,27.2,4.4,2,0
2022-12-08,center_houston,Houston,1671,26.3,1.6,3,0
2022-12-09,center_houston,Houston,1366,25.8,2.1,4,0
2022-12-10,center_houston,Houston,1054,26.3,2.1,5,0
2022-12-11,center_houston,Houston,664,23.0,37.9,6,0
2022-12-12,center_houston,Houston,1469,21.1,1.8,0,0
2022-12-13,center_houston,Houston,1732,26.5,3.2,1,0
2022-12-14,center_houston,Houston,1625,21.9,13.9,2,0
2022-12-15,center_houston,Houston,1510,15.6,0.0,3,0
2022-12-16,center_houston,Houston,1417,21.0,0.4,4,0
2022-12-17,center_houston,Houston,1098,13.2,0.7,5,0
2022-12-18,center_houston,Houston,901,12.1,0.0,6,0
2022-12-19,center_houston,Houston,1559,11.3,4.5,0,0
2022-12-20,center_houston,Houston,1496,15.6,1.5,1,0
2022-12-21,center_houston,Houston,1483,12.9,0.0,2,0
2022-12-22,center_houston,Houston,1497,16.1,0.2,3,0
2022-12-23,center_houston,Houston,1153,1.0,0.0,4,0
2022-12-24,center_houston,Houston,825,3.7,0.0,5,0
2022-12-25,center_houston,Houston,334,7.6,0.0,6,1
2022-12-26,center_houston,Houston,814,13.6,0.0,0,1
2022-12-27,center_houston,Houston,1595,11.1,0.0,1,0
2022-12-28,center_houston,Houston,1720,24.3,0.0,2,0
2022-12-29,center_houston,Houston,1669,26.0,4.5,3,0
2022-12-30,center_houston,Houston,964,21.4,72.1,4,0
2022-12-31,center_houston,Houston,1095,22.9,0.0,5,0
2023-01-01,center_houston,Houston,393,26.3,0.7,6,1
2023-01-02,center_houston,Houston,614,23.6,25.6,0,1
2023-01-03,center_houston,Houston,1113,24.5,22.0,1,0
2023-01-04,center_houston,Houston,1662,20.2,0.0,2,0
2023-01-05,center_houston,Houston,1661,20.0,0.0,3,0
2023-01-06,center_houston,Houston,1224,24.7,0.0,4,0
2023-01-07,center_houston,Houston,1097,23.8,2.3,5,0
2023-01-08,center_houston,Houston,641,21.6,31.0,6,0
2023-01-09,center_houston,Houston,1453,18.9,0.2,0,0
2023-01-10,center_houston,Houston,1699,22.7,0.2,1,0
2023-01-11,center_houston,Houston,1802,26.0,0.3,2,0
2023-01-12,center_houston,Houston,1552,22.0,0.5,3,0
2023-01-13,center_houston,Houston,1351,14.9,0.0,4,0
2023-01-14,center_houston,Houston,1176,16.4,0.0,5,0
2023-01-15,center_houston,Houston,840,22.8,0.0,6,0
2023-01-16,center_houston,Houston,826,23.4,2.3,0,1
2023-01-17,center_houston,Houston,1692,24.4,0.4,1,0
2023-01-18,center_houston,Houston,1542,23.2,5.4,2,0
2023-01-19,center_houston,Houston,1574,19.2,0.0,3,0
2023-01-20,center_houston,Houston,1194,15.2,7.4,4,0
2023-01-21,center_houston,Houston,921,12.9,11.9,5,0
2023-01-22,center_houston,Houston,786,14.6,0.1,6,0
2023-01-23,center_houston,Houston,1432,13.5,0.0,0,0
2023-01-24,center_houston,Houston,1116,19.2,58.0,1,0
2023-01-25,center_houston,Houston,1586,11.9,0.0,2,0
2023-01-26,center_houston,Houston,1684,13.2,0.0,3,0
2023-01-27,center_houston,Houston,1489,13.2,0.0,4,0
2023-01-28,center_houston,Houston,1031,20.8,9.2,5,0
2023-01-29,center_houston,Houston,626,21.5,29.7,6,0
2023-01-30,center_houston,Houston,1714,20.0,3.0,0,0
2023-01-31,center_houston,Houston,1351,7.3,4.4,1,0
2023-02-01,center_houston,Houston,1267,8.1,9.3,2,0
2023-02-02,center_houston,Houston,1316,6.6,12.0,3,0
2023-02-03,center_houston,Houston,1232,14.0,0.0,4,0
2023-02-04,center_houston,Houston,1013,16.8,0.0,5,0
2023-02-05,center_houston,Houston,872,21.9,0.0,6,0
2023-02-06,center_houston,Houston,1518,23.2,0.0,0,0
2023-02-07,center_houston,Houston,1527,24.4,1.3,1,0
2023-02-08,center_houston,Houston,1365,24.5,9.8,2,0
2023-02-09,center_houston,Houston,1439,20.5,0.0,3,0
2023-02-10,center_houston,Houston,1255,16.1,0.0,4,0
2023-02-11,center_houston,Houston,1022,11.4,0.0,5,0
2023-02-12,center_houston,Houston,808,16.5,0.0,6,0
2023-02-13,center_houston,Houston,1724,21.8,0.0,0,0
2023-02-14,center_houston,Houston,1739,25.2,3.4,1,0
2023-02-15,center_houston,Houston,1613,25.0,1.9,2,0
2023-02-16,center_houston,Houston,1435,22.7,5.2,3,0
2023-02-17,center_houston,Houston,1233,12.3,0.0,4,0
2023-02-18,center_houston,Houston,1170,12.8,0.0,5,0
2023-02-19,center_houston,Houston,858,21.9,0.0,6,0
2023-02-20,center_houston,Houston,846,25.4,0.7,0,1
2023-02-21,center_houston,Houston,1776,27.0,0.9,1,0
2023-02-22,center_houston,Houston,1520,27.4,3.6,2,0
2023-02-23,center_houston,Houston,1543,27.8,0.2,3,0
2023-02-24,center_houston,Houston,1423,26.9,1.0,4,0
2023-02-25,center_houston,Houston,1075,27.0,1.2,5,0
2023-02-26,center_houston,Houston,819,26.9,1.1,6,0
2023-02-27,center_houston,Houston,1664,25.9,0.5,0,0
2023-02-28,center_houston,Houston,1792,28.4,0.6,1,0
2023-03-01,center_houston,Houston,1544,28.4,0.2,2,0
2023-03-02,center_houston,Houston,1559,27.1,2.2,3,0
2023-03-03,center_houston,Houston,1438,23.0,3.9,4,0
2023-03-04,center_houston,Houston,1061,23.6,0.0,5,0
2023-03-05,center_houston,Houston,936,24.2,0.0,6,0
2023-03-06,center_houston,Houston,1584,26.6,4.1,0,0
2023-03-07,center_houston,Houston,1700,28.5,1.4,1,0
2023-03-08,center_houston,Houston,1707,29.0,0.5,2,0
2023-03-09,center_houston,Houston,1617,29.2,0.2,3,0
2023-03-10,center_houston,Houston,1457,25.8,0.2,4,0
2023-03-11,center_houston,Houston,1019,29.0,0.6,5,0
2023-03-12,center_houston,Houston,869,26.8,0.1,6,0
2023-03-13,center_houston,Houston,1629,20.9,0.0,0,0
2023-03-14,center_houston,Houston,1564,19.0,5.5,1,0
2023-03-15,center_houston,Houston,1628,21.1,0.0,2,0
2023-03-16,center_houston,Houston,1466,24.2,7.4,3,0
2023-03-17,center_houston,Houston,1020,21.9,52.6,4,0
2023-03-18,center_houston,Houston,1000,12.6,0.2,5,0
2023-03-19,center_houston,Houston,927,13.4,0.0,6,0
2023-03-20,center_houston,Houston,1599,13.4,0.0,0,0
2023-03-21,center_houston,Houston,1696,23.1,1.7,1,0
2023-03-22,center_houston,Houston,1522,26.5,2.4,2,0
2023-03-23,center_houston,Houston,1598,28.2,0.3,3,0
2023-03-24,center_houston,Houston,1456,28.3,4.1,4,0
2023-03-25,center_houston,Houston,947,26.9,14.5,5,0
2023-03-26,center_houston,Houston,802,27.9,10.6,6,0
2023-03-27,center_houston,Houston,1704,25.9,0.7,0,0
2023-03-28,center_houston,Houston,1514,24.0,16.4,1,0
2023-03-29,center_houston,Houston,1201,21.2,25.1,2,0
2023-03-30,center_houston,Houston,1663,24.9,2.0,3,0
2023-03-31,center_houston,Houston,1239,28.8,5.6,4,0
2023-04-01,center_houston,Houston,1133,29.0,0.3,5,0
2023-04-02,center_houston,Houston,893,27.7,2.9,6,0
2023-04-03,center_houston,Houston,1703,30.5,0.3,0,0
2023-04-04,center_houston,Houston,1724,28.9,0.3,1,0
2023-04-05,center_houston,Houston,1160,28.4,39.4,2,0
2023-04-06,center_houston,Houston,1317,19.3,7.5,3,0
2023-04-07,center_houston,Houston,951,19.0,46.0,4,0
2023-04-08,center_houston,Houston,977,21.9,3.6,5,0
2023-04-09,center_houston,Houston,885,23.0,0.4,6,0
2023-04-10,center_houston,Houston,1456,20.8,0.3,0,0
2023-04-11,center_houston,Houston,1664,23.4,0.1,1,0
2023-04-12,center_houston,Houston,1497,23.8,1.0,2,0
2023-04-13,center_houston,Houston,1614,24.5,0.4,3,0
2023-04-14,center_houston,Houston,1454,26.9,0.1,4,0
2023-04-15,center_houston,Houston,911,28.5,9.3,5,0
2023-04-16,center_houston,Houston,895,22.7,1.5,6,0
2023-04-17,center_houston,Houston,1449,23.0,0.0,0,0
2023-04-18,center_houston,Houston,1635,24.0,0.7,1,0
2023-04-19,center_houston,Houston,1553,27.8,0.0,2,0
2023-04-20,center_houston,Houston,1485,26.0,13.2,3,0
2023-04-21,center_houston,Houston,1039,27.0,27.6,4,0
2023-04-22,center_houston,Houston,1042,24.3,0.0,5,0
2023-04-23,center_houston,Houston,704,21.6,10.0,6,0
2023-04-24,center_houston,Houston,1435,22.9,0.2,0,0
2023-04-25,center_houston,Houston,1761,24.5,3.2,1,0
2023-04-26,center_houston,Houston,1525,25.8,7.1,2,0
2023-04-27,center_houston,Houston,1257,25.1,21.6,3,0
2023-04-28,center_houston,Houston,1290,27.1,0.0,4,0
2023-04-29,center_houston,Houston,941,24.6,9.9,5,0
2023-04-30,center_houston,Houston,848,28.1,0.0,6,0
2023-05-01,center_houston,Houston,1666,27.6,0.0,0,0
2023-05-02,center_houston,Houston,1519,26.5,0.3,1,0
2023-05-03,center_houston,Houston,1655,28.4,0.2,2,0
2023-05-04,center_houston,Houston,1435,28.7,2.6,3,0
2023-05-05,center_houston,Houston,1441,31.6,3.4,4,0
2023-05-06,center_houston,Houston,1025,31.5,0.3,5,0
2023-05-07,center_houston,Houston,776,28.1,5.5,6,0
2023-05-08,center_houston,Houston,1541,25.1,12.2,0,0
2023-05-09,center_houston,Houston,1320,24.5,26.3,1,0
2023-05-10,center_houston,Houston,1281,24.5,46.6,2,0
2023-05-11,center_houston,Houston,1506,28.5,8.4,3,0
2023-05-12,center_houston,Houston,1153,28.6,7.8,4,0
2023-05-13,center_houston,Houston,907,26.6,11.3,5,0
2023-05-14,center_houston,Houston,678,28.0,31.7,6,0
2023-05-15,center_houston,Houston,1167,27.7,23.0,0,0
2023-05-16,center_houston,Houston,1405,28.5,6.3,1,0
2023-05-17,center_houston,Houston,1501,29.0,0.4,2,0
2023-05-18,center_houston,Houston,1548,29.4,0.0,3,0
2023-05-19,center_houston,Houston,1429,30.9,0.0,4,0
2023-05-20,center_houston,Houston,1043,30.4,1.5,5,0
2023-05-21,center_houston,Houston,795,26.5,1.5,6,0
2023-05-22,center_houston,Houston,1464,28.4,0.0,0,0
2023-05-23,center_houston,Houston,1633,29.0,3.4,1,0
2023-05-24,center_houston,Houston,1557,30.1,0.3,2,0
2023-05-25,center_houston,Houston,1678,30.1,0.0,3,0
2023-05-26,center_houston,Houston,1224,31.7,0.0,4,0
2023-05-27,center_houston,Houston,1153,29.9,0.3,5,0
2023-05-28,center_houston,Houston,806,29.8,0.1,6,0
2023-05-29,center_houston,Houston,642,27.6,12.4,0,1
2023-05-30,center_houston,Houston,1550,29.9,2.7,1,0
2023-05-31,center_houston,Houston,1739,30.2,3.3,2,0
2023-06-01,center_houston,Houston,1627,30.9,0.0,3,0
2023-06-02,center_houston,Houston,1412,31.1,1.2,4,0
2023-06-03,center_houston,Houston,977,32.1,1.1,5,0
2023-06-04,center_houston,Houston,753,30.8,11.5,6,0
2023-06-05,center_houston,Houston,1542,27.0,18.3,0,0
2023-06-06,center_houston,Houston,1543,29.0,0.8,1,0
2023-06-07,center_houston,Houston,1671,30.6,0.0,2,0
2023-06-08,center_houston,Houston,1374,29.9,10.8,3,0
2023-06-09,center_houston,Houston,1446,32.6,0.1,4,0
2023-06-10,center_houston,Houston,1064,33.3,2.6,5,0
2023-06-11,center_houston,Houston,612,35.0,21.9,6,0
2023-06-12,center_houston,Houston,1433,34.5,0.0,0,0
2023-06-13,center_houston,Houston,1547,34.5,0.0,1,0
2023-06-14,center_houston,Houston,1487,34.8,0.1,2,0
2023-06-15,center_houston,Houston,1184,37.4,0.0,3,0
2023-06-16,center_houston,Houston,1109,37.5,0.4,4,0
2023-06-17,center_houston,Houston,891,37.4,0.0,5,0
2023-06-18,center_houston,Houston,654,37.2,0.1,6,0
2023-06-19,center_houston,Houston,586,38.3,0.0,0,1
2023-06-20,center_houston,Houston,1254,38.8,0.0,1,0
2023-06-21,center_houston,Houston,1560,34.0,0.1,2,0
2023-06-22,center_houston,Houston,1080,36.8,9.5,3,0
2023-06-23,center_houston,Houston,1268,31.8,0.9,4,0
2023-06-24,center_houston,Houston,854,36.8,0.0,5,0
2023-06-25,center_houston,Houston,695,37.7,0.4,6,0
2023-06-26,center_houston,Houston,1242,37.6,0.0,0,0
2023-06-27,center_houston,Houston,1186,37.8,0.0,1,0
2023-06-28,center_houston,Houston,1227,37.0,0.0,2,0
2023-06-29,center_houston,Houston,1314,36.3,0.0,3,0
2023-06-30,center_houston,Houston,994,37.1,0.0,4,0
2023-07-01,center_houston,Houston,917,36.8,0.0,5,0
2023-07-02,center_houston,Houston,910,34.2,4.2,6,0
2023-07-03,center_houston,Houston,1494,34.1,0.4,0,0
2023-07-04,center_houston,Houston,756,34.6,0.3,1,1
2023-07-05,center_houston,Houston,1419,33.7,6.0,2,0
2023-07-06,center_houston,Houston,1543,30.6,4.1,3,0
2023-07-07,center_houston,Houston,1199,31.1,7.4,4,0
2023-07-08,center_houston,Houston,1106,33.2,2.0,5,0
2023-07-09,center_houston,Houston,879,34.2,0.9,6,0
2023-07-10,center_houston,Houston,1614,34.3,1.1,0,0
2023-07-11,center_houston,Houston,1367,35.5,0.1,1,0
2023-07-12,center_houston,Houston,1381,37.3,0.3,2,0
2023-07-13,center_houston,Houston,1157,37.4,0.1,3,0
2023-07-14,center_houston,Houston,1106,37.5,0.0,4,0
2023-07-15,center_houston,Houston,796,38.2,0.0,5,0
2023-07-16,center_houston,Houston,627,37.7,0.0,6,0
2023-07-17,center_houston,Houston,1294,36.7,0.0,0,0
2023-07-18,center_houston,Houston,1422,37.5,0.0,1,0
2023-07-19,center_houston,Houston,1283,37.8,0.0,2,0
2023-07-20,center_houston,Houston,1384,37.5,0.0,3,0
2023-07-21,center_houston,Houston,1156,35.8,0.3,4,0
2023-07-22,center_houston,Houston,915,36.8,0.0,5,0
2023-07-23,center_houston,Houston,662,35.7,4.5,6,0
2023-07-24,center_houston,Houston,1364,35.2,0.7,0,0
2023-07-25,center_houston,Houston,1780,35.0,1.4,1,0
2023-07-26,center_houston,Houston,1196,35.2,1.5,2,0
2023-07-27,center_houston,Houston,1667,34.0,3.6,3,0
2023-07-28,center_houston,Houston,1244,34.8,0.0,4,0
2023-07-29,center_houston,Houston,787,35.1,0.0,5,0
2023-07-30,center_houston,Houston,737,36.0,0.0,6,0
2023-07-31,center_houston,Houston,1365,37.5,0.0,0,0
2023-08-01,center_houston,Houston,1430,36.7,0.2,1,0
2023-08-02,center_houston,Houston,1347,37.2,0.0,2,0
2023-08-03,center_houston,Houston,1359,37.0,0.1,3,0
2023-08-04,center_houston,Houston,987,37.8,0.2,4,0
2023-08-05,center_houston,Houston,785,38.0,0.0,5,0
2023-08-06,center_houston,Houston,672,38.8,0.1,6,0
2023-08-07,center_houston,Houston,1145,38.5,0.0,0,0
2023-08-08,center_houston,Houston,1446,39.0,0.0,1,0
2023-08-09,center_houston,Houston,1415,38.8,0.1,2,0
2023-08-10,center_houston,Houston,1250,38.8,0.0,3,0
2023-08-11,center_houston,Houston,1161,39.2,0.0,4,0
2023-08-12,center_houston,Houston,930,39.4,0.0,5,0
2023-08-13,center_houston,Houston,709,39.5,0.0,6,0
2023-08-14,center_houston,Houston,1259,39.3,0.0,0,0
2023-08-15,center_houston,Houston,1396,39.2,0.0,1,0
2023-08-16,center_houston,Houston,1439,38.8,0.0,2,0
2023-08-17,center_houston,Houston,1323,39.0,0.0,3,0
2023-08-18,center_houston,Houston,1004,38.7,0.0,4,0
2023-08-19,center_houston,Houston,789,38.8,0.1,5,0
2023-08-20,center_houston,Houston,720,39.8,0.0,6,0
2023-08-21,center_houston,Houston,1147,38.5,0.0,0,0
2023-08-22,center_houston,Houston,1310,35.1,1.3,1,0
2023-08-23,center_houston,Houston,1362,37.9,0.0,2,0
2023-08-24,center_houston,Houston,1213,40.3,0.0,3,0
2023-08-25,center_houston,Houston,1028,38.0,0.4,4,0
2023-08-26,center_houston,Houston,889,39.2,0.0,5,0
2023-08-27,center_houston,Houston,630,41.5,0.0,6,0
2023-08-28,center_houston,Houston,1184,37.2,0.4,0,0
2023-08-29,center_houston,Houston,1418,36.5,0.0,1,0
2023-08-30,center_houston,Houston,1310,37.8,0.0,2,0
2023-08-31,center_houston,Houston,1205,36.5,0.0,3,0
2023-09-01,center_houston,Houston,1049,37.1,0.0,4,0
2023-09-02,center_houston,Houston,794,36.3,1.8,5,0
2023-09-03,center_houston,Houston,695,35.8,0.4,6,0
2023-09-04,center_houston,Houston,590,35.2,0.9,0,1
2023-09-05,center_houston,Houston,1298,35.4,0.1,1,0
2023-09-06,center_houston,Houston,1296,36.2,0.1,2,0
2023-09-07,center_houston,Houston,1229,37.5,0.0,3,0
2023-09-08,center_houston,Houston,1000,39.2,0.2,4,0
2023-09-09,center_houston,Houston,938,36.7,0.0,5,0
2023-09-10,center_houston,Houston,618,35.2,0.0,6,0
2023-09-11,center_houston,Houston,1703,34.8,0.0,0,0
2023-09-12,center_houston,Houston,1202,36.0,0.0,1,0
2023-09-13,center_houston,Houston,1582,34.0,0.3,2,0
2023-09-14,center_houston,Houston,1143,30.8,35.7,3,0
2023-09-15,center_houston,Houston,1291,30.7,8.3,4,0
2023-09-16,center_houston,Houston,1177,30.5,2.0,5,0
2023-09-17,center_houston,Houston,856,31.6,0.5,6,0
2023-09-18,center_houston,Houston,1507,31.9,0.0,0,0
2023-09-19,center_houston,Houston,1808,32.0,0.0,1,0
2023-09-20,center_houston,Houston,1645,33.9,0.0,2,0
2023-09-21,center_houston,Houston,1636,34.3,1.2,3,0
2023-09-22,center_houston,Houston,1457,34.0,0.7,4,0
2023-09-23,center_houston,Houston,796,35.1,0.1,5,0
2023-09-24,center_houston,Houston,723,36.2,0.0,6,0
2023-09-25,center_houston,Houston,1350,31.0,9.6,0,0
2023-09-26,center_houston,Houston,1635,31.9,0.2,1,0
2023-09-27,center_houston,Houston,1592,31.5,4.6,2,0
2023-09-28,center_houston,Houston,1579,32.1,4.3,3,0
2023-09-29,center_houston,Houston,1446,32.3,0.5,4,0
2023-09-30,center_houston,Houston,1142,33.9,0.0,5,0
2023-10-01,center_houston,Houston,908,34.2,0.0,6,0
2023-10-02,center_houston,Houston,1643,33.6,0.0,0,0
2023-10-03,center_houston,Houston,1500,28.1,19.5,1,0
2023-10-04,center_houston,Houston,1470,29.9,12.3,2,0
2023-10-05,center_houston,Houston,1198,25.8,43.2,3,0
2023-10-06,center_houston,Houston,1490,28.9,0.0,4,0
2023-10-07,center_houston,Houston,1046,25.5,0.0,5,0
2023-10-08,center_houston,Houston,848,22.8,0.0,6,0
2023-10-09,center_houston,Houston,736,27.0,0.0,0,1
2023-10-10,center_houston,Houston,1494,25.5,0.0,1,0
2023-10-11,center_houston,Houston,1154,23.2,37.4,2,0
2023-10-12,center_houston,Houston,1708,25.5,0.0,3,0
2023-10-13,center_houston,Houston,1450,28.5,2.5,4,0
2023-10-14,center_houston,Houston,1075,26.5,1.1,5,0
2023-10-15,center_houston,Houston,777,21.5,0.0,6,0
2023-10-16,center_houston,Houston,1660,19.8,0.0,0,0
2023-10-17,center_houston,Houston,1800,21.4,0.0,1,0
2023-10-18,center_houston,Houston,1739,27.5,0.0,2,0
2023-10-19,center_houston,Houston,1455,29.5,0.0,3,0
2023-10-20,center_houston,Houston,1444,31.8,0.0,4,0
2023-10-21,center_houston,Houston,1061,32.3,0.0,5,0
2023-10-22,center_houston,Houston,886,29.9,0.3,6,0
2023-10-23,center_houston,Houston,1378,29.6,15.2,0,0
2023-10-24,center_houston,Houston,1560,30.1,0.1,1,0
2023-10-25,center_houston,Houston,1656,30.2,2.4,2,0
2023-10-26,center_houston,Houston,1311,29.2,12.7,3,0
2023-10-27,center_houston,Houston,1156,29.5,5.6,4,0
2023-10-28,center_houston,Houston,1163,29.0,1.3,5,0
2023-10-29,center_houston,Houston,804,28.7,1.9,6,0
2023-10-30,center_houston,Houston,1453,23.5,8.6,0,0
2023-10-31,center_houston,Houston,1590,14.6,3.1,1,0
2023-11-01,center_houston,Houston,1571,14.8,0.0,2,0
2023-11-02,center_houston,Houston,1671,17.5,0.0,3,0
2023-11-03,center_houston,Houston,1430,22.8,0.0,4,0
2023-11-04,center_houston,Houston,1083,25.5,0.1,5,0
2023-11-05,center_houston,Houston,887,27.0,0.2,6,0
2023-11-06,center_houston,Houston,1472,27.5,0.0,0,0
2023-11-07,center_houston,Houston,1690,29.5,0.0,1,0
2023-11-08,center_houston,Houston,1763,29.4,0.0,2,0
2023-11-09,center_houston,Houston,1301,26.8,7.0,3,0
2023-11-10,center_houston,Houston,494,23.0,46.8,4,1
2023-11-11,center_houston,Houston,520,17.7,0.1,5,1
2023-11-12,center_houston,Houston,829,18.5,5.0,6,0
2023-11-13,center_houston,Houston,1064,17.9,60.2,0,0
2023-11-14,center_houston,Houston,1744,20.5,2.4,1,0
2023-11-15,center_houston,Houston,1504,22.3,0.0,2,0
2023-11-16,center_houston,Houston,1685,19.6,0.0,3,0
2023-11-17,center_houston,Houston,1282,23.6,0.0,4,0
2023-11-18,center_houston,Houston,996,23.5,0.0,5,0
2023-11-19,center_houston,Houston,854,22.6,0.1,6,0
2023-11-20,center_houston,Houston,1462,27.0,9.3,0,0
2023-11-21,center_houston,Houston,1566,22.0,1.1,1,0
2023-11-22,center_houston,Houston,1794,14.4,0.0,2,0
2023-11-23,center_houston,Houston,742,12.8,0.2,3,1
2023-11-24,center_houston,Houston,1373,18.4,0.0,4,0
2023-11-25,center_houston,Houston,1007,18.5,0.0,5,0
2023-11-26,center_houston,Houston,935,16.1,1.1,6,0
2023-11-27,center_houston,Houston,1596,13.6,0.0,0,0
2023-11-28,center_houston,Houston,1488,15.2,0.0,1,0
2023-11-29,center_houston,Houston,1662,19.2,0.0,2,0
2023-11-30,center_houston,Houston,1417,23.0,5.5,3,0
2023-12-01,center_houston,Houston,1238,21.0,4.4,4,0
2023-12-02,center_houston,Houston,1136,19.6,0.7,5,0
2023-12-03,center_houston,Houston,878,21.4,0.0,6,0
2023-12-04,center_houston,Houston,1433,19.9,0.0,0,0
2023-12-05,center_houston,Houston,1633,20.3,0.0,1,0
2023-12-06,center_houston,Houston,1685,17.6,0.0,2,0
2023-12-07,center_houston,Houston,1421,21.0,0.0,3,0
2023-12-08,center_houston,Houston,1385,24.5,2.4,4,0
2023-12-09,center_houston,Houston,1089,25.6,2.6,5,0
2023-12-10,center_houston,Houston,838,21.0,3.3,6,0
2023-12-11,center_houston,Houston,1514,15.9,0.0,0,0
2023-12-12,center_houston,Houston,1541,18.3,0.0,1,0
2023-12-13,center_houston,Houston,1562,13.7,0.9,2,0
2023-12-14,center_houston,Houston,1488,19.9,0.0,3,0
2023-12-15,center_houston,Houston,1337,20.7,0.8,4,0
2023-12-16,center_houston,Houston,976,17.4,10.5,5,0
2023-12-17,center_houston,Houston,920,17.6,0.0,6,0
2023-12-18,center_houston,Houston,1471,19.9,0.0,0,0
2023-12-19,center_houston,Houston,1737,16.5,0.0,1,0
2023-12-20,center_houston,Houston,1527,20.0,0.0,2,0
2023-12-21,center_houston,Houston,1593,21.0,0.0,3,0
2023-12-22,center_houston,Houston,1384,23.0,1.6,4,0
2023-12-23,center_houston,Houston,1109,22.3,1.6,5,0
2023-12-24,center_houston,Houston,656,21.3,49.2,6,0
2023-12-25,center_houston,Houston,823,17.5,0.0,0,1
2023-12-26,center_houston,Houston,1804,14.1,0.0,1,0
2023-12-27,center_houston,Houston,1788,17.3,0.0,2,0
2023-12-28,center_houston,Houston,1453,13.2,0.0,3,0
2023-12-29,center_houston,Houston,1235,12.1,0.0,4,0
2023-12-30,center_houston,Houston,1164,17.1,0.0,5,0
2023-12-31,center_houston,Houston,923,21.6,0.0,6,0
2020-01-01,center_jacksonville,Jacksonville,315,16.5,0.0,2,1
2020-01-02,center_jacksonville,Jacksonville,723,22.0,0.0,3,0
2020-01-03,center_jacksonville,Jacksonville,616,26.5,0.0,4,0
2020-01-04,center_jacksonville,Jacksonville,309,22.5,24.3,5,0
2020-01-05,center_jacksonville,Jacksonville,379,17.7,0.0,6,0
2020-01-06,center_jacksonville,Jacksonville,638,17.8,0.0,0,0
2020-01-07,center_jacksonville,Jacksonville,679,19.9,0.0,1,0
2020-01-08,center_jacksonville,Jacksonville,703,16.1,0.0,2,0
2020-01-09,center_jacksonville,Jacksonville,607,21.1,0.0,3,0
2020-01-10,center_jacksonville,Jacksonville,625,24.0,0.0,4,0
2020-01-11,center_jacksonville,Jacksonville,454,25.0,0.3,5,0
2020-01-12,center_jacksonville,Jacksonville,341,26.5,3.3,6,0
2020-01-13,center_jacksonville,Jacksonville,624,25.9,0.8,0,0
2020-01-14,center_jacksonville,Jacksonville,654,25.1,0.8,1,0
2020-01-15,center_jacksonville,Jacksonville,662,24.9,0.6,2,0
2020-01-16,center_jacksonville,Jacksonville,639,25.0,0.0,3,0
2020-01-17,center_jacksonville,Jacksonville,605,21.2,0.0,4,0
2020-01-18,center_jacksonville,Jacksonville,486,22.2,0.0,5,0
2020-01-19,center_jacksonville,Jacksonville,307,21.4,5.5,6,0
2020-01-20,center_jacksonville,Jacksonville,337,15.1,0.0,0,1
2020-01-21,center_jacksonville,Jacksonville,536,7.9,0.0,1,0
2020-01-22,center_jacksonville,Jacksonville,660,10.7,0.0,2,0
2020-01-23,center_jacksonville,Jacksonville,628,18.1,0.0,3,0
2020-01-24,center_jacksonville,Jacksonville,631,21.5,0.3,4,0
2020-01-25,center_jacksonville,Jacksonville,464,18.1,0.0,5,0
2020-01-26,center_jacksonville,Jacksonville,394,17.0,0.0,6,0
2020-01-27,center_jacksonville,Jacksonville,637,16.5,0.0,0,0
2020-01-28,center_jacksonville,Jacksonville,695,15.9,0.0,1,0
2020-01-29,center_jacksonville,Jacksonville,625,16.2,5.2,2,0
2020-01-30,center_jacksonville,Jacksonville,569,15.9,5.2,3,0
2020-01-31,center_jacksonville,Jacksonville,607,19.3,1.9,4,0
2020-02-01,center_jacksonville,Jacksonville,418,16.5,1.5,5,0
2020-02-02,center_jacksonville,Jacksonville,392,16.6,0.0,6,0
2020-02-03,center_jacksonville,Jacksonville,615,21.4,0.0,0,0
2020-02-04,center_jacksonville,Jacksonville,762,20.2,0.0,1,0
2020-02-05,center_jacksonville,Jacksonville,729,24.4,0.0,2,0
2020-02-06,center_jacksonville,Jacksonville,666,25.9,1.1,3,0
2020-02-07,center_jacksonville,Jacksonville,471,23.1,15.8,4,0
2020-02-08,center_jacksonville,Jacksonville,414,16.5,0.0,5,0
2020-02-09,center_jacksonville,Jacksonville,334,17.5,0.0,6,0
2020-02-10,center_jacksonville,Jacksonville,717,24.5,0.0,0,0
2020-02-11,center_jacksonville,Jacksonville,763,26.7,0.0,1,0
2020-02-12,center_jacksonville,Jacksonville,719,25.3,0.1,2,0
2020-02-13,center_jacksonville,Jacksonville,623,27.5,0.1,3,0
2020-02-14,center_jacksonville,Jacksonville,561,22.5,2.6,4,0
2020-02-15,center_jacksonville,Jacksonville,466,18.6,0.0,5,0
2020-02-16,center_jacksonville,Jacksonville,330,22.6,3.5,6,0
2020-02-17,center_jacksonville,Jacksonville,291,19.3,5.8,0,1
2020-02-18,center_jacksonville,Jacksonville,748,26.6,1.4,1,0
2020-02-19,center_jacksonville,Jacksonville,655,25.9,1.2,2,0
2020-02-20,center_jacksonville,Jacksonville,610,20.1,1.8,3,0
2020-02-21,center_jacksonville,Jacksonville,521,12.3,6.0,4,0
2020-02-22,center_jacksonville,Jacksonville,464,13.1,0.0,5,0
2020-02-23,center_jacksonville,Jacksonville,346,18.2,0.0,6,0
2020-02-24,center_jacksonville,Jacksonville,652,23.8,0.0,0,0
2020-02-25,center_jacksonville,Jacksonville,505,20.9,22.9,1,0
2020-02-26,center_jacksonville,Jacksonville,625,20.4,18.2,2,0
2020-02-27,center_jacksonville,Jacksonville,684,16.5,2.8,3,0
2020-02-28,center_jacksonville,Jacksonville,552,14.4,0.0,4,0
2020-02-29,center_jacksonville,Jacksonville,476,16.0,0.0,5,0
2020-03-01,center_jacksonville,Jacksonville,357,16.9,0.0,6,0
2020-03-02,center_jacksonville,Jacksonville,673,21.1,0.1,0,0
2020-03-03,center_jacksonville,Jacksonville,749,25.8,0.0,1,0
2020-03-04,center_jacksonville,Jacksonville,671,26.6,3.2,2,0
2020-03-05,center_jacksonville,Jacksonville,600,27.5,8.6,3,0
2020-03-06,center_jacksonville,Jacksonville,525,22.0,2.3,4,0
2020-03-07,center_jacksonville,Jacksonville,464,15.9,0.0,5,0
2020-03-08,center_jacksonville,Jacksonville,360,18.5,0.0,6,0
2020-03-09,center_jacksonville,Jacksonville,612,22.0,0.5,0,0
2020-03-10,center_jacksonville,Jacksonville,739,22.8,0.0,1,0
2020-03-11,center_jacksonville,Jacksonville,674,26.1,0.1,2,0
2020-03-12,center_jacksonville,Jacksonville,670,26.0,0.0,3,0
2020-03-13,center_jacksonville,Jacksonville,622,28.1,0.0,4,0
2020-03-14,center_jacksonville,Jacksonville,466,27.5,0.0,5,0
2020-03-15,center_jacksonville,Jacksonville,390,29.6,0.0,6,0
2020-03-16,center_jacksonville,Jacksonville,650,22.8,0.0,0,0
2020-03-17,center_jacksonville,Jacksonville,670,26.8,0.2,1,0
2020-03-18,center_jacksonville,Jacksonville,673,28.1,13.4,2,0
2020-03-19,center_jacksonville,Jacksonville,627,29.1,0.0,3,0
2020-03-20,center_jacksonville,Jacksonville,544,29.4,0.0,4,0
2020-03-21,center_jacksonville,Jacksonville,466,30.6,0.0,5,0
2020-03-22,center_jacksonville,Jacksonville,395,27.8,0.7,6,0
2020-03-23,center_jacksonville,Jacksonville,696,30.0,0.1,0,0
2020-03-24,center_jacksonville,Jacksonville,635,29.3,0.0,1,0
2020-03-25,center_jacksonville,Jacksonville,757,29.5,0.5,2,0
2020-03-26,center_jacksonville,Jacksonville,720,26.1,0.2,3,0
2020-03-27,center_jacksonville,Jacksonville,537,31.6,0.0,4,0
2020-03-28,center_jacksonville,Jacksonville,443,33.3,0.0,5,0
2020-03-29,center_jacksonville,Jacksonville,329,33.4,0.0,6,0
2020-03-30,center_jacksonville,Jacksonville,610,32.8,0.0,0,0
2020-03-31,center_jacksonville,Jacksonville,660,29.8,0.5,1,0
2020-04-01,center_jacksonville,Jacksonville,678,22.5,0.1,2,0
2020-04-02,center_jacksonville,Jacksonville,707,22.5,0.0,3,0
2020-04-03,center_jacksonville,Jacksonville,617,24.8,0.0,4,0
2020-04-04,center_jacksonville,Jacksonville,423,28.4,0.0,5,0
2020-04-05,center_jacksonville,Jacksonville,376,22.0,1.5,6,0
2020-04-06,center_jacksonville,Jacksonville,644,25.6,0.0,0,0
2020-04-07,center_jacksonville,Jacksonville,716,29.1,0.0,1,0
2020-04-08,center_jacksonville,Jacksonville,743,30.2,0.7,2,0
2020-04-09,center_jacksonville,Jacksonville,611,32.2,1.0,3,0
2020-04-10,center_jacksonville,Jacksonville,555,27.9,0.1,4,0
2020-04-11,center_jacksonville,Jacksonville,493,24.2,0.0,5,0
2020-04-12,center_jacksonville,Jacksonville,371,27.6,1.8,6,0
2020-04-13,center_jacksonville,Jacksonville,670,27.6,4.3,0,0
2020-04-14,center_jacksonville,Jacksonville,658,25.4,14.8,1,0
2020-04-15,center_jacksonville,Jacksonville,486,24.9,21.5,2,0
2020-04-16,center_jacksonville,Jacksonville,668,20.0,0.9,3,0
2020-04-17,center_jacksonville,Jacksonville,628,24.1,0.0,4,0
2020-04-18,center_jacksonville,Jacksonville,443,27.8,0.0,5,0
2020-04-19,center_jacksonville,Jacksonville,394,28.8,0.0,6,0
2020-04-20,center_jacksonville,Jacksonville,596,27.5,7.9,0,0
2020-04-21,center_jacksonville,Jacksonville,711,27.5,0.0,1,0
2020-04-22,center_jacksonville,Jacksonville,652,24.1,0.0,2,0
2020-04-23,center_jacksonville,Jacksonville,555,30.2,11.9,3,0
2020-04-24,center_jacksonville,Jacksonville,473,26.4,19.2,4,0
2020-04-25,center_jacksonville,Jacksonville,477,29.8,0.0,5,0
2020-04-26,center_jacksonville,Jacksonville,380,26.8,0.0,6,0
2020-04-27,center_jacksonville,Jacksonville,657,23.6,0.0,0,0
2020-04-28,center_jacksonville,Jacksonville,679,24.8,0.0,1,0
2020-04-29,center_jacksonville,Jacksonville,730,28.3,0.0,2,0
2020-04-30,center_jacksonville,Jacksonville,548,25.2,19.7,3,0
2020-05-01,center_jacksonville,Jacksonville,563,25.5,0.0,4,0
2020-05-02,center_jacksonville,Jacksonville,500,27.0,0.0,5,0
2020-05-03,center_jacksonville,Jacksonville,334,29.3,0.0,6,0
2020-05-04,center_jacksonville,Jacksonville,680,30.5,0.0,0,0
2020-05-05,center_jacksonville,Jacksonville,726,31.5,0.0,1,0
2020-05-06,center_jacksonville,Jacksonville,645,30.5,0.4,2,0
2020-05-07,center_jacksonville,Jacksonville,712,24.4,0.0,3,0
2020-05-08,center_jacksonville,Jacksonville,615,27.1,0.0,4,0
2020-05-09,center_jacksonville,Jacksonville,413,24.2,0.0,5,0
2020-05-10,center_jacksonville,Jacksonville,367,24.1,0.1,6,0
2020-05-11,center_jacksonville,Jacksonville,638,29.6,0.0,0,0
2020-05-12,center_jacksonville,Jacksonville,753,24.5,0.0,1,0
2020-05-13,center_jacksonville,Jacksonville,678,26.5,0.0,2,0
2020-05-14,center_jacksonville,Jacksonville,704,26.5,0.0,3,0
2020-05-15,center_jacksonville,Jacksonville,556,27.3,0.2,4,0
2020-05-16,center_jacksonville,Jacksonville,475,27.1,1.2,5,0
2020-05-17,center_jacksonville,Jacksonville,399,29.0,0.5,6,0
2020-05-18,center_jacksonville,Jacksonville,694,30.6,0.1,0,0
2020-05-19,center_jacksonville,Jacksonville,760,31.1,0.0,1,0
2020-05-20,center_jacksonville,Jacksonville,741,32.5,0.6,2,0
2020-05-21,center_jacksonville,Jacksonville,735,33.5,1.4,3,0
2020-05-22,center_jacksonville,Jacksonville,633,34.4,0.5,4,0
2020-05-23,center_jacksonville,Jacksonville,431,33.5,11.5,5,0
2020-05-24,center_jacksonville,Jacksonville,370,29.0,0.0,6,0
2020-05-25,center_jacksonville,Jacksonville,307,25.9,3.7,0,1
2020-05-26,center_jacksonville,Jacksonville,656,26.3,12.7,1,0
2020-05-27,center_jacksonville,Jacksonville,622,28.8,12.0,2,0
2020-05-28,center_jacksonville,Jacksonville,571,29.0,6.0,3,0
2020-05-29,center_jacksonville,Jacksonville,479,28.1,12.4,4,0
2020-05-30,center_jacksonville,Jacksonville,417,28.6,5.4,5,0
2020-05-31,center_jacksonville,Jacksonville,352,31.5,0.1,6,0
2020-06-01,center_jacksonville,Jacksonville,689,27.3,0.4,0,0
2020-06-02,center_jacksonville,Jacksonville,729,27.0,0.0,1,0
2020-06-03,center_jacksonville,Jacksonville,763,27.5,0.0,2,0
2020-06-04,center_jacksonville,Jacksonville,639,26.2,7.1,3,0
2020-06-05,center_jacksonville,Jacksonville,521,26.6,5.3,4,0
2020-06-06,center_jacksonville,Jacksonville,420,26.7,8.4,5,0
2020-06-07,center_jacksonville,Jacksonville,257,26.5,46.3,6,0
2020-06-08,center_jacksonville,Jacksonville,568,30.1,11.2,0,0
2020-06-09,center_jacksonville,Jacksonville,673,29.4,7.1,1,0
2020-06-10,center_jacksonville,Jacksonville,591,30.0,8.3,2,0
2020-06-11,center_jacksonville,Jacksonville,606,29.2,2.6,3,0
2020-06-12,center_jacksonville,Jacksonville,537,28.8,2.0,4,0
2020-06-13,center_jacksonville,Jacksonville,326,27.5,24.3,5,0
2020-06-14,center_jacksonville,Jacksonville,350,26.0,5.9,6,0
2020-06-15,center_jacksonville,Jacksonville,636,27.3,1.2,0,0
2020-06-16,center_jacksonville,Jacksonville,726,27.0,0.1,1,0
2020-06-17,center_jacksonville,Jacksonville,705,27.7,0.4,2,0
2020-06-18,center_jacksonville,Jacksonville,696,30.5,4.1,3,0
2020-06-19,center_jacksonville,Jacksonville,553,28.9,3.8,4,0
2020-06-20,center_jacksonville,Jacksonville,497,30.5,2.2,5,0
2020-06-21,center_jacksonville,Jacksonville,399,33.0,0.0,6,0
2020-06-22,center_jacksonville,Jacksonville,643,33.5,0.0,0,0
2020-06-23,center_jacksonville,Jacksonville,588,31.4,10.1,1,0
2020-06-24,center_jacksonville,Jacksonville,677,32.5,6.9,2,0
2020-06-25,center_jacksonville,Jacksonville,731,33.8,0.8,3,0
2020-06-26,center_jacksonville,Jacksonville,549,32.3,0.0,4,0
2020-06-27,center_jacksonville,Jacksonville,476,33.0,0.0,5,0
2020-06-28,center_jacksonville,Jacksonville,376,34.0,0.0,6,0
2020-06-29,center_jacksonville,Jacksonville,605,34.5,0.0,0,0
2020-06-30,center_jacksonville,Jacksonville,710,33.5,0.1,1,0
2020-07-01,center_jacksonville,Jacksonville,651,34.2,2.3,2,0
2020-07-02,center_jacksonville,Jacksonville,609,32.5,2.1,3,0
2020-07-03,center_jacksonville,Jacksonville,270,31.2,5.7,4,1
2020-07-04,center_jacksonville,Jacksonville,219,28.8,9.6,5,1
2020-07-05,center_jacksonville,Jacksonville,335,27.9,16.5,6,0
2020-07-06,center_jacksonville,Jacksonville,624,31.3,4.4,0,0
2020-07-07,center_jacksonville,Jacksonville,611,29.8,16.2,1,0
2020-07-08,center_jacksonville,Jacksonville,574,29.8,9.9,2,0
2020-07-09,center_jacksonville,Jacksonville,619,31.2,3.3,3,0
2020-07-10,center_jacksonville,Jacksonville,587,31.7,4.0,4,0
2020-07-11,center_jacksonville,Jacksonville,484,33.5,2.6,5,0
2020-07-12,center_jacksonville,Jacksonville,337,34.5,0.1,6,0
2020-07-13,center_jacksonville,Jacksonville,647,33.0,0.1,0,0
2020-07-14,center_jacksonville,Jacksonville,639,32.7,3.0,1,0
2020-07-15,center_jacksonville,Jacksonville,710,33.0,1.0,2,0
2020-07-16,center_jacksonville,Jacksonville,657,32.0,0.1,3,0
2020-07-17,center_jacksonville,Jacksonville,566,31.1,0.2,4,0
2020-07-18,center_jacksonville,Jacksonville,435,31.6,0.5,5,0
2020-07-19,center_jacksonville,Jacksonville,362,31.8,0.3,6,0
2020-07-20,center_jacksonville,Jacksonville,671,32.2,0.2,0,0
2020-07-21,center_jacksonville,Jacksonville,745,32.5,1.9,1,0
2020-07-22,center_jacksonville,Jacksonville,706,30.2,3.8,2,0
2020-07-23,center_jacksonville,Jacksonville,632,31.5,3.2,3,0
2020-07-24,center_jacksonville,Jacksonville,590,31.0,2.4,4,0
2020-07-25,center_jacksonville,Jacksonville,439,31.1,1.1,5,0
2020-07-26,center_jacksonville,Jacksonville,352,29.9,2.9,6,0
2020-07-27,center_jacksonville,Jacksonville,552,31.6,5.7,0,0
2020-07-28,center_jacksonville,Jacksonville,729,32.8,2.2,1,0
2020-07-29,center_jacksonville,Jacksonville,543,29.8,20.7,2,0
2020-07-30,center_jacksonville,Jacksonville,717,31.2,2.6,3,0
2020-07-31,center_jacksonville,Jacksonville,593,33.2,0.0,4,0
2020-08-01,center_jacksonville,Jacksonville,445,32.4,0.2,5,0
2020-08-02,center_jacksonville,Jacksonville,352,29.6,3.3,6,0
2020-08-03,center_jacksonville,Jacksonville,706,32.5,1.8,0,0
2020-08-04,center_jacksonville,Jacksonville,686,32.4,4.5,1,0
2020-08-05,center_jacksonville,Jacksonville,731,32.2,1.8,2,0
2020-08-06,center_jacksonville,Jacksonville,662,30.3,5.5,3,0
2020-08-07,center_jacksonville,Jacksonville,539,29.4,15.0,4,0
2020-08-08,center_jacksonville,Jacksonville,421,32.3,0.4,5,0
2020-08-09,center_jacksonville,Jacksonville,336,32.5,2.1,6,0
2020-08-10,center_jacksonville,Jacksonville,642,33.7,9.6,0,0
2020-08-11,center_jacksonville,Jacksonville,624,28.2,17.9,1,0
2020-08-12,center_jacksonville,Jacksonville,763,32.7,0.7,2,0
2020-08-13,center_jacksonville,Jacksonville,676,33.0,1.1,3,0
2020-08-14,center_jacksonville,Jacksonville,537,33.1,1.1,4,0
2020-08-15,center_jacksonville,Jacksonville,440,30.7,5.3,5,0
2020-08-16,center_jacksonville,Jacksonville,353,32.2,0.8,6,0
2020-08-17,center_jacksonville,Jacksonville,611,30.5,6.3,0,0
2020-08-18,center_jacksonville,Jacksonville,629,30.4,6.2,1,0
2020-08-19,center_jacksonville,Jacksonville,686,30.4,16.6,2,0
2020-08-20,center_jacksonville,Jacksonville,635,30.9,0.2,3,0
2020-08-21,center_jacksonville,Jacksonville,471,29.8,20.2,4,0
2020-08-22,center_jacksonville,Jacksonville,482,28.5,3.5,5,0
2020-08-23,center_jacksonville,Jacksonville,299,28.6,13.7,6,0
2020-08-24,center_jacksonville,Jacksonville,586,30.4,6.8,0,0
2020-08-25,center_jacksonville,Jacksonville,768,32.3,0.6,1,0
2020-08-26,center_jacksonville,Jacksonville,744,32.0,0.0,2,0
2020-08-27,center_jacksonville,Jacksonville,672,32.7,1.6,3,0
2020-08-28,center_jacksonville,Jacksonville,624,32.5,0.5,4,0
2020-08-29,center_jacksonville,Jacksonville,438,32.0,3.7,5,0
2020-08-30,center_jacksonville,Jacksonville,269,30.1,21.8,6,0
2020-08-31,center_jacksonville,Jacksonville,642,30.5,14.3,0,0
2020-09-01,center_jacksonville,Jacksonville,722,30.6,2.4,1,0
2020-09-02,center_jacksonville,Jacksonville,670,32.2,6.0,2,0
2020-09-03,center_jacksonville,Jacksonville,618,32.2,7.9,3,0
2020-09-04,center_jacksonville,Jacksonville,553,33.3,1.7,4,0
2020-09-05,center_jacksonville,Jacksonville,474,34.8,0.0,5,0
2020-09-06,center_jacksonville,Jacksonville,326,29.7,8.7,6,0
2020-09-07,center_jacksonville,Jacksonville,284,29.1,19.1,0,1
2020-09-08,center_jacksonville,Jacksonville,506,26.5,21.0,1,0
2020-09-09,center_jacksonville,Jacksonville,654,29.6,5.9,2,0
2020-09-10,center_jacksonville,Jacksonville,631,30.0,9.9,3,0
2020-09-11,center_jacksonville,Jacksonville,520,29.5,10.0,4,0
2020-09-12,center_jacksonville,Jacksonville,396,29.3,7.4,5,0
2020-09-13,center_jacksonville,Jacksonville,349,30.8,4.0,6,0
2020-09-14,center_jacksonville,Jacksonville,678,28.7,3.2,0,0
2020-09-15,center_jacksonville,Jacksonville,605,28.4,6.4,1,0
2020-09-16,center_jacksonville,Jacksonville,658,28.8,4.1,2,0
2020-09-17,center_jacksonville,Jacksonville,546,29.3,7.2,3,0
2020-09-18,center_jacksonville,Jacksonville,616,27.8,0.1,4,0
2020-09-19,center_jacksonville,Jacksonville,424,25.6,15.3,5,0
2020-09-20,center_jacksonville,Jacksonville,349,24.5,9.8,6,0
2020-09-21,center_jacksonville,Jacksonville,694,25.5,1.4,0,0
2020-09-22,center_jacksonville,Jacksonville,657,25.0,0.4,1,0
2020-09-23,center_jacksonville,Jacksonville,646,27.4,0.0,2,0
2020-09-24,center_jacksonville,Jacksonville,624,28.0,0.3,3,0
2020-09-25,center_jacksonville,Jacksonville,608,31.8,0.0,4,0
2020-09-26,center_jacksonville,Jacksonville,493,31.8,0.4,5,0
2020-09-27,center_jacksonville,Jacksonville,325,27.2,16.1,6,0
2020-09-28,center_jacksonville,Jacksonville,497,27.5,54.5,0,0
2020-09-29,center_jacksonville,Jacksonville,583,28.8,7.6,1,0
2020-09-30,center_jacksonville,Jacksonville,743,24.6,1.1,2,0
2020-10-01,center_jacksonville,Jacksonville,657,26.5,0.0,3,0
2020-10-02,center_jacksonville,Jacksonville,562,25.5,0.0,4,0
2020-10-03,center_jacksonville,Jacksonville,434,23.9,0.0,5,0
2020-10-04,center_jacksonville,Jacksonville,354,21.4,5.2,6,0
2020-10-05,center_jacksonville,Jacksonville,612,23.0,9.7,0,0
2020-10-06,center_jacksonville,Jacksonville,650,27.0,2.4,1,0
2020-10-07,center_jacksonville,Jacksonville,653,28.1,0.5,2,0
2020-10-08,center_jacksonville,Jacksonville,713,29.0,0.1,3,0
2020-10-09,center_jacksonville,Jacksonville,536,27.1,8.4,4,0
2020-10-10,center_jacksonville,Jacksonville,449,29.6,4.8,5,0
2020-10-11,center_jacksonville,Jacksonville,371,30.0,1.5,6,0
2020-10-12,center_jacksonville,Jacksonville,342,28.6,0.8,0,1
2020-10-13,center_jacksonville,Jacksonville,752,30.4,0.0,1,0
2020-10-14,center_jacksonville,Jacksonville,700,28.1,1.5,2,0
2020-10-15,center_jacksonville,Jacksonville,710,28.1,3.1,3,0
2020-10-16,center_jacksonville,Jacksonville,580,29.9,0.2,4,0
2020-10-17,center_jacksonville,Jacksonville,418,24.5,0.1,5,0
2020-10-18,center_jacksonville,Jacksonville,336,25.9,2.3,6,0
2020-10-19,center_jacksonville,Jacksonville,609,25.8,4.3,0,0
2020-10-20,center_jacksonville,Jacksonville,702,26.8,2.5,1,0
2020-10-21,center_jacksonville,Jacksonville,634,26.2,4.4,2,0
2020-10-22,center_jacksonville,Jacksonville,606,26.8,3.4,3,0
2020-10-23,center_jacksonville,Jacksonville,574,26.8,2.9,4,0
2020-10-24,center_jacksonville,Jacksonville,432,27.4,0.1,5,0
2020-10-25,center_jacksonville,Jacksonville,305,28.0,5.3,6,0
2020-10-26,center_jacksonville,Jacksonville,619,26.4,0.8,0,0
2020-10-27,center_jacksonville,Jacksonville,718,27.3,4.7,1,0
2020-10-28,center_jacksonville,Jacksonville,757,28.8,0.8,2,0
2020-10-29,center_jacksonville,Jacksonville,629,30.6,0.1,3,0
2020-10-30,center_jacksonville,Jacksonville,565,26.2,0.1,4,0
2020-10-31,center_jacksonville,Jacksonville,436,24.9,1.0,5,0
2020-11-01,center_jacksonville,Jacksonville,300,26.4,5.1,6,0
2020-11-02,center_jacksonville,Jacksonville,662,21.6,0.0,0,0
2020-11-03,center_jacksonville,Jacksonville,727,19.4,0.0,1,0
2020-11-04,center_jacksonville,Jacksonville,757,23.7,0.0,2,0
2020-11-05,center_jacksonville,Jacksonville,721,24.5,1.4,3,0
2020-11-06,center_jacksonville,Jacksonville,564,24.4,3.2,4,0
2020-11-07,center_jacksonville,Jacksonville,498,26.4,3.2,5,0
2020-11-08,center_jacksonville,Jacksonville,365,26.5,1.2,6,0
2020-11-09,center_jacksonville,Jacksonville,659,26.2,3.5,0,0
2020-11-10,center_jacksonville,Jacksonville,586,25.9,9.4,1,0
2020-11-11,center_jacksonville,Jacksonville,346,26.0,2.6,2,1
2020-11-12,center_jacksonville,Jacksonville,569,27.5,8.9,3,0
2020-11-13,center_jacksonville,Jacksonville,525,25.7,0.4,4,0
2020-11-14,center_jacksonville,Jacksonville,440,24.5,0.3,5,0
2020-11-15,center_jacksonville,Jacksonville,389,27.0,0.9,6,0
2020-11-16,center_jacksonville,Jacksonville,611,23.7,0.5,0,0
2020-11-17,center_jacksonville,Jacksonville,759,20.5,0.0,1,0
2020-11-18,center_jacksonville,Jacksonville,671,17.8,0.0,2,0
2020-11-19,center_jacksonville,Jacksonville,701,20.0,1.4,3,0
2020-11-20,center_jacksonville,Jacksonville,549,23.0,2.6,4,0
2020-11-21,center_jacksonville,Jacksonville,477,21.5,2.9,5,0
2020-11-22,center_jacksonville,Jacksonville,355,23.6,2.4,6,0
2020-11-23,center_jacksonville,Jacksonville,556,22.6,16.9,0,0
2020-11-24,center_jacksonville,Jacksonville,719,22.0,0.0,1,0
2020-11-25,center_jacksonville,Jacksonville,695,25.1,0.0,2,0
2020-11-26,center_jacksonville,Jacksonville,361,25.2,0.0,3,1
2020-11-27,center_jacksonville,Jacksonville,537,24.6,0.7,4,0
2020-11-28,center_jacksonville,Jacksonville,448,23.0,3.2,5,0
2020-11-29,center_jacksonville,Jacksonville,371,22.5,0.0,6,0
2020-11-30,center_jacksonville,Jacksonville,636,21.4,3.5,0,0
2020-12-01,center_jacksonville,Jacksonville,661,13.6,0.0,1,0
2020-12-02,center_jacksonville,Jacksonville,637,11.7,0.0,2,0
2020-12-03,center_jacksonville,Jacksonville,659,19.9,0.0,3,0
2020-12-04,center_jacksonville,Jacksonville,542,22.0,0.8,4,0
2020-12-05,center_jacksonville,Jacksonville,479,18.6,0.4,5,0
2020-12-06,center_jacksonville,Jacksonville,382,17.2,0.0,6,0
2020-12-07,center_jacksonville,Jacksonville,728,16.1,4.0,0,0
2020-12-08,center_jacksonville,Jacksonville,651,11.9,0.0,1,0
2020-12-09,center_jacksonville,Jacksonville,744,15.1,0.0,2,0
2020-12-10,center_jacksonville,Jacksonville,631,18.7,0.0,3,0
2020-12-11,center_jacksonville,Jacksonville,627,19.5,0.0,4,0
2020-12-12,center_jacksonville,Jacksonville,495,20.5,0.2,5,0
2020-12-13,center_jacksonville,Jacksonville,339,21.3,0.5,6,0
2020-12-14,center_jacksonville,Jacksonville,695,24.9,0.4,0,0
2020-12-15,center_jacksonville,Jacksonville,687,19.0,1.6,1,0
2020-12-16,center_jacksonville,Jacksonville,575,19.4,8.8,2,0
2020-12-17,center_jacksonville,Jacksonville,699,18.1,0.3,3,0
2020-12-18,center_jacksonville,Jacksonville,605,11.2,0.0,4,0
2020-12-19,center_jacksonville,Jacksonville,482,16.1,0.0,5,0
2020-12-20,center_jacksonville,Jacksonville,394,19.5,3.5,6,0
2020-12-21,center_jacksonville,Jacksonville,602,18.4,12.9,0,0
2020-12-22,center_jacksonville,Jacksonville,711,18.5,0.0,1,0
2020-12-23,center_jacksonville,Jacksonville,709,21.0,0.0,2,0
2020-12-24,center_jacksonville,Jacksonville,731,23.1,0.0,3,0
2020-12-25,center_jacksonville,Jacksonville,237,19.4,10.2,4,1
2020-12-26,center_jacksonville,Jacksonville,355,8.4,0.0,5,0
2020-12-27,center_jacksonville,Jacksonville,400,13.6,0.0,6,0
2020-12-28,center_jacksonville,Jacksonville,679,19.2,0.0,0,0
2020-12-29,center_jacksonville,Jacksonville,740,17.8,0.0,1,0
2020-12-30,center_jacksonville,Jacksonville,630,21.6,0.5,2,0
2020-12-31,center_jacksonville,Jacksonville,710,24.4,0.0,3,0
2021-01-01,center_jacksonville,Jacksonville,317,25.2,0.1,4,1
2021-01-02,center_jacksonville,Jacksonville,456,24.4,0.0,5,0
2021-01-03,center_jacksonville,Jacksonville,327,21.2,9.6,6,0
2021-01-04,center_jacksonville,Jacksonville,650,15.9,0.0,0,0
2021-01-05,center_jacksonville,Jacksonville,672,17.8,0.0,1,0
2021-01-06,center_jacksonville,Jacksonville,654,15.5,0.0,2,0
2021-01-07,center_jacksonville,Jacksonville,662,20.5,0.0,3,0
2021-01-08,center_jacksonville,Jacksonville,629,17.1,3.7,4,0
2021-01-09,center_jacksonville,Jacksonville,424,11.4,0.0,5,0
2021-01-10,center_jacksonville,Jacksonville,376,11.2,0.0,6,0
2021-01-11,center_jacksonville,Jacksonville,659,19.5,0.0,0,0
2021-01-12,center_jacksonville,Jacksonville,725,16.9,0.4,1,0
2021-01-13,center_jacksonville,Jacksonville,719,12.4,0.3,2,0
2021-01-14,center_jacksonville,Jacksonville,622,14.9,0.0,3,0
2021-01-15,center_jacksonville,Jacksonville,610,20.0,2.7,4,0
2021-01-16,center_jacksonville,Jacksonville,436,14.2,0.1,5,0
2021-01-17,center_jacksonville,Jacksonville,330,13.6,0.0,6,0
2021-01-18,center_jacksonville,Jacksonville,349,15.1,0.0,0,1
2021-01-19,center_jacksonville,Jacksonville,703,15.8,0.0,1,0
2021-01-20,center_jacksonville,Jacksonville,699,20.1,0.0,2,0
2021-01-21,center_jacksonville,Jacksonville,624,21.7,0.0,3,0
2021-01-22,center_jacksonville,Jacksonville,484,18.0,19.0,4,0
2021-01-23,center_jacksonville,Jacksonville,415,16.7,0.1,5,0
2021-01-24,center_jacksonville,Jacksonville,346,20.2,2.2,6,0
2021-01-25,center_jacksonville,Jacksonville,705,23.8,0.1,0,0
2021-01-26,center_jacksonville,Jacksonville,767,24.3,0.0,1,0
2021-01-27,center_jacksonville,Jacksonville,668,24.5,18.8,2,0
2021-01-28,center_jacksonville,Jacksonville,692,19.7,2.1,3,0
2021-01-29,center_jacksonville,Jacksonville,541,13.5,0.0,4,0
2021-01-30,center_jacksonville,Jacksonville,418,17.0,0.0,5,0
2021-01-31,center_jacksonville,Jacksonville,355,23.4,0.0,6,0
2021-02-01,center_jacksonville,Jacksonville,568,20.6,9.7,0,0
2021-02-02,center_jacksonville,Jacksonville,651,10.6,0.0,1,0
2021-02-03,center_jacksonville,Jacksonville,676,11.6,0.0,2,0
2021-02-04,center_jacksonville,Jacksonville,651,15.2,0.0,3,0
2021-02-05,center_jacksonville,Jacksonville,594,18.8,2.8,4,0
2021-02-06,center_jacksonville,Jacksonville,346,16.1,27.0,5,0
2021-02-07,center_jacksonville,Jacksonville,336,17.8,6.9,6,0
2021-02-08,center_jacksonville,Jacksonville,700,18.7,0.0,0,0
2021-02-09,center_jacksonville,Jacksonville,473,20.3,28.0,1,0
2021-02-10,center_jacksonville,Jacksonville,732,22.6,4.6,2,0
2021-02-11,center_jacksonville,Jacksonville,688,24.8,0.7,3,0
2021-02-12,center_jacksonville,Jacksonville,476,24.1,7.4,4,0
2021-02-13,center_jacksonville,Jacksonville,436,22.2,15.1,5,0
2021-02-14,center_jacksonville,Jacksonville,283,19.0,25.1,6,0
2021-02-15,center_jacksonville,Jacksonville,367,25.1,3.2,0,1
2021-02-16,center_jacksonville,Jacksonville,734,21.8,4.1,1,0
2021-02-17,center_jacksonville,Jacksonville,724,14.8,0.0,2,0
2021-02-18,center_jacksonville,Jacksonville,624,26.8,0.1,3,0
2021-02-19,center_jacksonville,Jacksonville,478,22.2,15.4,4,0
2021-02-20,center_jacksonville,Jacksonville,426,14.8,0.0,5,0
2021-02-21,center_jacksonville,Jacksonville,369,17.6,0.0,6,0
2021-02-22,center_jacksonville,Jacksonville,634,22.2,2.1,0,0
2021-02-23,center_jacksonville,Jacksonville,723,19.5,3.6,1,0
2021-02-24,center_jacksonville,Jacksonville,766,22.8,0.0,2,0
2021-02-25,center_jacksonville,Jacksonville,682,24.0,0.0,3,0
2021-02-26,center_jacksonville,Jacksonville,599,25.2,0.0,4,0
2021-02-27,center_jacksonville,Jacksonville,472,26.0,0.1,5,0
2021-02-28,center_jacksonville,Jacksonville,347,27.2,0.0,6,0
2021-03-01,center_jacksonville,Jacksonville,707,26.4,2.3,0,0
2021-03-02,center_jacksonville,Jacksonville,576,21.6,6.2,1,0
2021-03-03,center_jacksonville,Jacksonville,677,18.8,18.9,2,0
2021-03-04,center_jacksonville,Jacksonville,714,21.4,0.0,3,0
2021-03-05,center_jacksonville,Jacksonville,614,18.4,0.0,4,0
2021-03-06,center_jacksonville,Jacksonville,493,16.1,1.8,5,0
2021-03-07,center_jacksonville,Jacksonville,355,15.6,2.5,6,0
2021-03-08,center_jacksonville,Jacksonville,647,15.2,0.0,0,0
2021-03-09,center_jacksonville,Jacksonville,735,18.8,0.0,1,0
2021-03-10,center_jacksonville,Jacksonville,698,20.2,0.0,2,0
2021-03-11,center_jacksonville,Jacksonville,731,22.5,0.0,3,0
2021-03-12,center_jacksonville,Jacksonville,562,23.1,0.0,4,0
2021-03-13,center_jacksonville,Jacksonville,497,25.5,0.0,5,0
2021-03-14,center_jacksonville,Jacksonville,330,25.9,0.0,6,0
2021-03-15,center_jacksonville,Jacksonville,676,24.8,0.0,0,0
2021-03-16,center_jacksonville,Jacksonville,667,28.0,0.0,1,0
2021-03-17,center_jacksonville,Jacksonville,688,27.8,0.0,2,0
2021-03-18,center_jacksonville,Jacksonville,635,26.2,0.4,3,0
2021-03-19,center_jacksonville,Jacksonville,527,21.8,0.0,4,0
2021-03-20,center_jacksonville,Jacksonville,393,16.5,5.7,5,0
2021-03-21,center_jacksonville,Jacksonville,357,16.8,9.8,6,0
2021-03-22,center_jacksonville,Jacksonville,654,18.3,2.3,0,0
2021-03-23,center_jacksonville,Jacksonville,687,21.1,0.0,1,0
2021-03-24,center_jacksonville,Jacksonville,761,26.5,0.0,2,0
2021-03-25,center_jacksonville,Jacksonville,674,29.7,0.0,3,0
2021-03-26,center_jacksonville,Jacksonville,607,29.8,0.0,4,0
2021-03-27,center_jacksonville,Jacksonville,430,29.8,0.2,5,0
2021-03-28,center_jacksonville,Jacksonville,374,28.5,0.0,6,0
2021-03-29,center_jacksonville,Jacksonville,677,25.0,0.0,0,0
2021-03-30,center_jacksonville,Jacksonville,652,24.9,0.0,1,0
2021-03-31,center_jacksonville,Jacksonville,765,27.9,1.5,2,0
2021-04-01,center_jacksonville,Jacksonville,718,25.9,0.8,3,0
2021-04-02,center_jacksonville,Jacksonville,531,15.4,0.0,4,0
2021-04-03,center_jacksonville,Jacksonville,495,16.8,0.0,5,0
2021-04-04,center_jacksonville,Jacksonville,378,21.4,0.0,6,0
2021-04-05,center_jacksonville,Jacksonville,705,23.8,0.0,0,0
2021-04-06,center_jacksonville,Jacksonville,696,25.4,0.0,1,0
2021-04-07,center_jacksonville,Jacksonville,740,27.0,0.0,2,0
2021-04-08,center_jacksonville,Jacksonville,606,26.8,0.0,3,0
2021-04-09,center_jacksonville,Jacksonville,533,27.0,0.0,4,0
2021-04-10,center_jacksonville,Jacksonville,449,28.9,0.8,5,0
2021-04-11,center_jacksonville,Jacksonville,350,21.9,12.2,6,0
2021-04-12,center_jacksonville,Jacksonville,686,28.0,0.0,0,0
2021-04-13,center_jacksonville,Jacksonville,674,25.0,0.0,1,0
2021-04-14,center_jacksonville,Jacksonville,764,29.1,0.0,2,0
2021-04-15,center_jacksonville,Jacksonville,630,25.8,1.9,3,0
2021-04-16,center_jacksonville,Jacksonville,602,23.7,3.8,4,0
2021-04-17,center_jacksonville,Jacksonville,429,24.7,6.5,5,0
2021-04-18,center_jacksonville,Jacksonville,276,23.0,22.4,6,0
2021-04-19,center_jacksonville,Jacksonville,490,25.0,20.5,0,0
2021-04-20,center_jacksonville,Jacksonville,658,23.9,2.7,1,0
2021-04-21,center_jacksonville,Jacksonville,754,27.4,0.0,2,0
2021-04-22,center_jacksonville,Jacksonville,707,22.3,0.0,3,0
2021-04-23,center_jacksonville,Jacksonville,601,22.9,0.0,4,0
2021-04-24,center_jacksonville,Jacksonville,484,26.9,0.6,5,0
2021-04-25,center_jacksonville,Jacksonville,343,26.0,3.8,6,0
2021-04-26,center_jacksonville,Jacksonville,627,25.1,0.0,0,0
2021-04-27,center_jacksonville,Jacksonville,725,25.6,0.0,1,0
2021-04-28,center_jacksonville,Jacksonville,744,27.3,0.0,2,0
2021-04-29,center_jacksonville,Jacksonville,611,30.6,0.0,3,0
2021-04-30,center_jacksonville,Jacksonville,601,29.1,0.5,4,0
2021-05-01,center_jacksonville,Jacksonville,416,26.5,0.0,5,0
2021-05-02,center_jacksonville,Jacksonville,400,26.6,4.2,6,0
2021-05-03,center_jacksonville,Jacksonville,655,31.2,0.1,0,0
2021-05-04,center_jacksonville,Jacksonville,676,31.8,0.0,1,0
2021-05-05,center_jacksonville,Jacksonville,725,32.9,0.1,2,0
2021-05-06,center_jacksonville,Jacksonville,733,29.0,3.4,3,0
2021-05-07,center_jacksonville,Jacksonville,602,27.1,0.0,4,0
2021-05-08,center_jacksonville,Jacksonville,429,25.0,0.0,5,0
2021-05-09,center_jacksonville,Jacksonville,344,30.0,0.0,6,0
2021-05-10,center_jacksonville,Jacksonville,674,30.5,0.2,0,0
2021-05-11,center_jacksonville,Jacksonville,567,28.9,9.5,1,0
2021-05-12,center_jacksonville,Jacksonville,680,30.0,5.6,2,0
2021-05-13,center_jacksonville,Jacksonville,670,22.5,4.0,3,0
2021-05-14,center_jacksonville,Jacksonville,562,23.4,0.0,4,0
2021-05-15,center_jacksonville,Jacksonville,426,23.6,0.0,5,0
2021-05-16,center_jacksonville,Jacksonville,392,25.1,0.0,6,0
2021-05-17,center_jacksonville,Jacksonville,710,26.0,0.0,0,0
2021-05-18,center_jacksonville,Jacksonville,731,26.0,0.5,1,0
2021-05-19,center_jacksonville,Jacksonville,765,26.2,0.7,2,0
2021-05-20,center_jacksonville,Jacksonville,681,26.5,0.0,3,0
2021-05-21,center_jacksonville,Jacksonville,550,26.1,1.2,4,0
2021-05-22,center_jacksonville,Jacksonville,416,27.0,0.0,5,0
2021-05-23,center_jacksonville,Jacksonville,354,28.0,0.0,6,0
2021-05-24,center_jacksonville,Jacksonville,609,30.8,0.0,0,0
2021-05-25,center_jacksonville,Jacksonville,719,31.3,0.0,1,0
2021-05-26,center_jacksonville,Jacksonville,742,32.3,0.0,2,0
2021-05-27,center_jacksonville,Jacksonville,712,31.8,0.1,3,0
2021-05-28,center_jacksonville,Jacksonville,567,31.7,0.0,4,0
2021-05-29,center_jacksonville,Jacksonville,411,31.8,0.2,5,0
2021-05-30,center_jacksonville,Jacksonville,370,29.7,0.0,6,0
2021-05-31,center_jacksonville,Jacksonville,323,26.8,0.0,0,1
2021-06-01,center_jacksonville,Jacksonville,672,27.7,0.2,1,0
2021-06-02,center_jacksonville,Jacksonville,742,29.1,4.3,2,0
2021-06-03,center_jacksonville,Jacksonville,613,27.2,9.4,3,0
2021-06-04,center_jacksonville,Jacksonville,620,29.5,2.7,4,0
2021-06-05,center_jacksonville,Jacksonville,407,28.6,17.4,5,0
2021-06-06,center_jacksonville,Jacksonville,367,31.4,0.7,6,0
2021-06-07,center_jacksonville,Jacksonville,630,29.1,5.0,0,0
2021-06-08,center_jacksonville,Jacksonville,686,30.0,0.1,1,0
2021-06-09,center_jacksonville,Jacksonville,750,30.8,0.4,2,0
2021-06-10,center_jacksonville,Jacksonville,729,32.0,0.4,3,0
2021-06-11,center_jacksonville,Jacksonville,531,33.1,3.2,4,0
2021-06-12,center_jacksonville,Jacksonville,477,30.2,4.7,5,0
2021-06-13,center_jacksonville,Jacksonville,299,30.6,14.8,6,0
2021-06-14,center_jacksonville,Jacksonville,573,29.0,18.4,0,0
2021-06-15,center_jacksonville,Jacksonville,580,32.2,6.9,1,0
2021-06-16,center_jacksonville,Jacksonville,631,30.2,2.0,2,0
2021-06-17,center_jacksonville,Jacksonville,670,30.6,3.4,3,0
2021-06-18,center_jacksonville,Jacksonville,242,29.7,9.8,4,1
2021-06-19,center_jacksonville,Jacksonville,236,30.4,2.3,5,1
2021-06-20,center_jacksonville,Jacksonville,311,30.0,16.2,6,0
2021-06-21,center_jacksonville,Jacksonville,685,30.1,0.7,0,0
2021-06-22,center_jacksonville,Jacksonville,574,27.8,13.5,1,0
2021-06-23,center_jacksonville,Jacksonville,636,29.2,4.8,2,0
2021-06-24,center_jacksonville,Jacksonville,464,27.5,22.3,3,0
2021-06-25,center_jacksonville,Jacksonville,517,27.7,9.8,4,0
2021-06-26,center_jacksonville,Jacksonville,389,27.9,5.2,5,0
2021-06-27,center_jacksonville,Jacksonville,377,28.6,1.4,6,0
2021-06-28,center_jacksonville,Jacksonville,726,28.2,2.2,0,0
2021-06-29,center_jacksonville,Jacksonville,656,28.5,3.3,1,0
2021-06-30,center_jacksonville,Jacksonville,679,27.0,13.2,2,0
2021-07-01,center_jacksonville,Jacksonville,548,27.2,13.5,3,0
2021-07-02,center_jacksonville,Jacksonville,542,28.2,10.5,4,0
2021-07-03,center_jacksonville,Jacksonville,440,29.5,7.6,5,0
2021-07-04,center_jacksonville,Jacksonville,152,26.9,12.8,6,1
2021-07-05,center_jacksonville,Jacksonville,301,27.8,16.2,0,1
2021-07-06,center_jacksonville,Jacksonville,649,29.3,8.6,1,0
2021-07-07,center_jacksonville,Jacksonville,529,26.8,31.1,2,0
2021-07-08,center_jacksonville,Jacksonville,570,29.6,8.5,3,0
2021-07-09,center_jacksonville,Jacksonville,472,29.5,6.5,4,0
2021-07-10,center_jacksonville,Jacksonville,417,28.5,0.0,5,0
2021-07-11,center_jacksonville,Jacksonville,399,29.9,1.1,6,0
2021-07-12,center_jacksonville,Jacksonville,721,30.3,2.2,0,0
2021-07-13,center_jacksonville,Jacksonville,663,29.8,3.1,1,0
2021-07-14,center_jacksonville,Jacksonville,705,29.9,0.8,2,0
2021-07-15,center_jacksonville,Jacksonville,729,30.2,0.5,3,0
2021-07-16,center_jacksonville,Jacksonville,560,31.1,0.0,4,0
2021-07-17,center_jacksonville,Jacksonville,468,31.4,0.1,5,0
2021-07-18,center_jacksonville,Jacksonville,337,31.0,1.6,6,0
2021-07-19,center_jacksonville,Jacksonville,620,30.6,8.8,0,0
2021-07-20,center_jacksonville,Jacksonville,623,30.8,7.3,1,0
2021-07-21,center_jacksonville,Jacksonville,667,30.9,4.4,2,0
2021-07-22,center_jacksonville,Jacksonville,608,31.9,7.5,3,0
2021-07-23,center_jacksonville,Jacksonville,565,30.5,13.7,4,0
2021-07-24,center_jacksonville,Jacksonville,428,30.0,0.6,5,0
2021-07-25,center_jacksonville,Jacksonville,399,30.1,0.1,6,0
2021-07-26,center_jacksonville,Jacksonville,594,28.7,14.6,0,0
2021-07-27,center_jacksonville,Jacksonville,619,30.5,13.7,1,0
2021-07-28,center_jacksonville,Jacksonville,668,30.6,13.7,2,0
2021-07-29,center_jacksonville,Jacksonville,688,31.8,2.4,3,0
2021-07-30,center_jacksonville,Jacksonville,557,32.3,0.3,4,0
2021-07-31,center_jacksonville,Jacksonville,449,33.3,0.6,5,0
2021-08-01,center_jacksonville,Jacksonville,355,33.0,0.9,6,0
2021-08-02,center_jacksonville,Jacksonville,655,30.6,9.5,0,0
2021-08-03,center_jacksonville,Jacksonville,588,28.5,18.6,1,0
2021-08-04,center_jacksonville,Jacksonville,589,27.8,8.1,2,0
2021-08-05,center_jacksonville,Jacksonville,498,27.2,37.4,3,0
2021-08-06,center_jacksonville,Jacksonville,522,28.5,10.1,4,0
2021-08-07,center_jacksonville,Jacksonville,463,29.2,0.2,5,0
2021-08-08,center_jacksonville,Jacksonville,375,30.6,4.9,6,0
2021-08-09,center_jacksonville,Jacksonville,669,30.2,4.8,0,0
2021-08-10,center_jacksonville,Jacksonville,581,29.7,5.3,1,0
2021-08-11,center_jacksonville,Jacksonville,647,30.8,2.6,2,0
2021-08-12,center_jacksonville,Jacksonville,622,30.7,3.8,3,0
2021-08-13,center_jacksonville,Jacksonville,555,31.0,0.7,4,0
2021-08-14,center_jacksonville,Jacksonville,439,28.5,7.5,5,0
2021-08-15,center_jacksonville,Jacksonville,307,30.9,7.9,6,0
2021-08-16,center_jacksonville,Jacksonville,628,29.3,6.7,0,0
2021-08-17,center_jacksonville,Jacksonville,672,31.2,3.5,1,0
2021-08-18,center_jacksonville,Jacksonville,606,30.1,10.9,2,0
2021-08-19,center_jacksonville,Jacksonville,721,31.9,2.2,3,0
2021-08-20,center_jacksonville,Jacksonville,615,32.7,4.5,4,0
2021-08-21,center_jacksonville,Jacksonville,474,33.1,0.8,5,0
2021-08-22,center_jacksonville,Jacksonville,389,31.4,1.7,6,0
2021-08-23,center_jacksonville,Jacksonville,608,30.6,3.8,0,0
2021-08-24,center_jacksonville,Jacksonville,676,30.8,11.7,1,0
2021-08-25,center_jacksonville,Jacksonville,656,31.0,2.6,2,0
2021-08-26,center_jacksonville,Jacksonville,725,30.6,2.7,3,0
2021-08-27,center_jacksonville,Jacksonville,502,29.8,7.7,4,0
2021-08-28,center_jacksonville,Jacksonville,430,29.3,6.5,5,0
2021-08-29,center_jacksonville,Jacksonville,379,31.0,0.8,6,0
2021-08-30,center_jacksonville,Jacksonville,618,31.6,0.0,0,0
2021-08-31,center_jacksonville,Jacksonville,642,31.9,1.1,1,0
2021-09-01,center_jacksonville,Jacksonville,687,28.8,5.8,2,0
2021-09-02,center_jacksonville,Jacksonville,686,29.7,2.7,3,0
2021-09-03,center_jacksonville,Jacksonville,563,28.5,2.1,4,0
2021-09-04,center_jacksonville,Jacksonville,496,28.5,0.0,5,0
2021-09-05,center_jacksonville,Jacksonville,363,31.3,0.3,6,0
2021-09-06,center_jacksonville,Jacksonville,341,31.0,0.8,0,1
2021-09-07,center_jacksonville,Jacksonville,748,31.3,3.9,1,0
2021-09-08,center_jacksonville,Jacksonville,698,29.1,3.7,2,0
2021-09-09,center_jacksonville,Jacksonville,617,30.6,3.3,3,0
2021-09-10,center_jacksonville,Jacksonville,611,28.0,2.7,4,0
2021-09-11,center_jacksonville,Jacksonville,484,28.2,0.3,5,0
2021-09-12,center_jacksonville,Jacksonville,371,29.3,0.5,6,0
2021-09-13,center_jacksonville,Jacksonville,638,29.5,0.0,0,0
2021-09-14,center_jacksonville,Jacksonville,580,29.7,5.1,1,0
2021-09-15,center_jacksonville,Jacksonville,671,29.2,2.7,2,0
2021-09-16,center_jacksonville,Jacksonville,601,29.0,12.4,3,0
2021-09-17,center_jacksonville,Jacksonville,500,30.9,13.5,4,0
2021-09-18,center_jacksonville,Jacksonville,410,28.7,7.8,5,0
2021-09-19,center_jacksonville,Jacksonville,264,26.5,62.3,6,0
2021-09-20,center_jacksonville,Jacksonville,580,28.5,19.7,0,0
2021-09-21,center_jacksonville,Jacksonville,559,28.8,33.8,1,0
2021-09-22,center_jacksonville,Jacksonville,710,30.0,4.0,2,0
2021-09-23,center_jacksonville,Jacksonville,610,27.2,2.7,3,0
2021-09-24,center_jacksonville,Jacksonville,526,27.1,0.0,4,0
2021-09-25,center_jacksonville,Jacksonville,467,27.6,0.0,5,0
2021-09-26,center_jacksonville,Jacksonville,374,27.6,0.0,6,0
2021-09-27,center_jacksonville,Jacksonville,696,27.5,0.0,0,0
2021-09-28,center_jacksonville,Jacksonville,675,28.9,0.0,1,0
2021-09-29,center_jacksonville,Jacksonville,669,29.4,0.1,2,0
2021-09-30,center_jacksonville,Jacksonville,668,29.5,0.0,3,0
2021-10-01,center_jacksonville,Jacksonville,599,29.8,0.3,4,0
2021-10-02,center_jacksonville,Jacksonville,445,28.4,0.7,5,0
2021-10-03,center_jacksonville,Jacksonville,337,28.0,11.5,6,0
2021-10-04,center_jacksonville,Jacksonville,609,29.0,0.0,0,0
2021-10-05,center_jacksonville,Jacksonville,699,29.6,1.1,1,0
2021-10-06,center_jacksonville,Jacksonville,723,29.0,3.2,2,0
2021-10-07,center_jacksonville,Jacksonville,613,29.9,1.4,3,0
2021-10-08,center_jacksonville,Jacksonville,492,26.8,18.3,4,0
2021-10-09,center_jacksonville,Jacksonville,453,27.0,3.4,5,0
2021-10-10,center_jacksonville,Jacksonville,362,26.5,0.3,6,0
2021-10-11,center_jacksonville,Jacksonville,315,26.5,1.6,0,1
2021-10-12,center_jacksonville,Jacksonville,680,26.4,0.8,1,0
2021-10-13,center_jacksonville,Jacksonville,758,27.4,0.3,2,0
2021-10-14,center_jacksonville,Jacksonville,666,29.1,0.0,3,0
2021-10-15,center_jacksonville,Jacksonville,543,27.4,0.2,4,0
2021-10-16,center_jacksonville,Jacksonville,497,30.0,0.5,5,0
2021-10-17,center_jacksonville,Jacksonville,336,24.5,0.7,6,0
2021-10-18,center_jacksonville,Jacksonville,628,23.5,0.0,0,0
2021-10-19,center_jacksonville,Jacksonville,685,25.1,0.0,1,0
2021-10-20,center_jacksonville,Jacksonville,751,26.5,0.0,2,0
2021-10-21,center_jacksonville,Jacksonville,628,27.5,0.0,3,0
2021-10-22,center_jacksonville,Jacksonville,609,27.8,0.7,4,0
2021-10-23,center_jacksonville,Jacksonville,461,27.9,0.0,5,0
2021-10-24,center_jacksonville,Jacksonville,373,27.2,0.1,6,0
2021-10-25,center_jacksonville,Jacksonville,640,28.0,5.3,0,0
2021-10-26,center_jacksonville,Jacksonville,756,26.2,0.9,1,0
2021-10-27,center_jacksonville,Jacksonville,683,23.8,0.0,2,0
2021-10-28,center_jacksonville,Jacksonville,623,24.0,16.9,3,0
2021-10-29,center_jacksonville,Jacksonville,600,22.5,0.2,4,0
2021-10-30,center_jacksonville,Jacksonville,465,20.9,0.0,5,0
2021-10-31,center_jacksonville,Jacksonville,331,21.2,0.0,6,0
2021-11-01,center_jacksonville,Jacksonville,675,21.9,0.0,0,0
2021-11-02,center_jacksonville,Jacksonville,655,25.0,0.0,1,0
2021-11-03,center_jacksonville,Jacksonville,636,23.1,0.2,2,0
2021-11-04,center_jacksonville,Jacksonville,614,22.3,0.0,3,0
2021-11-05,center_jacksonville,Jacksonville,442,16.7,33.2,4,0
2021-11-06,center_jacksonville,Jacksonville,354,13.6,75.2,5,0
2021-11-07,center_jacksonville,Jacksonville,370,18.5,3.1,6,0
2021-11-08,center_jacksonville,Jacksonville,725,19.4,0.0,0,0
2021-11-09,center_jacksonville,Jacksonville,759,21.8,0.0,1,0
2021-11-10,center_jacksonville,Jacksonville,745,22.9,0.0,2,0
2021-11-11,center_jacksonville,Jacksonville,320,24.1,2.0,3,1
2021-11-12,center_jacksonville,Jacksonville,569,23.0,0.0,4,0
2021-11-13,center_jacksonville,Jacksonville,501,21.4,0.7,5,0
2021-11-14,center_jacksonville,Jacksonville,358,17.2,0.0,6,0
2021-11-15,center_jacksonville,Jacksonville,630,19.4,0.0,0,0
2021-11-16,center_jacksonville,Jacksonville,702,20.2,0.0,1,0
2021-11-17,center_jacksonville,Jacksonville,755,24.5,0.0,2,0
2021-11-18,center_jacksonville,Jacksonville,647,25.0,0.1,3,0
2021-11-19,center_jacksonville,Jacksonville,560,21.2,0.4,4,0
2021-11-20,center_jacksonville,Jacksonville,430,21.1,0.0,5,0
2021-11-21,center_jacksonville,Jacksonville,379,22.1,0.2,6,0
2021-11-22,center_jacksonville,Jacksonville,687,22.6,1.2,0,0
2021-11-23,center_jacksonville,Jacksonville,674,16.4,0.0,1,0
2021-11-24,center_jacksonville,Jacksonville,633,17.9,0.0,2,0
2021-11-25,center_jacksonville,Jacksonville,332,20.4,0.0,3,1
2021-11-26,center_jacksonville,Jacksonville,523,20.5,0.0,4,0
2021-11-27,center_jacksonville,Jacksonville,457,15.8,0.0,5,0
2021-11-28,center_jacksonville,Jacksonville,344,16.4,0.0,6,0
2021-11-29,center_jacksonville,Jacksonville,699,16.6,0.0,0,0
2021-11-30,center_jacksonville,Jacksonville,666,18.0,0.0,1,0
2021-12-01,center_jacksonville,Jacksonville,699,20.6,0.0,2,0
2021-12-02,center_jacksonville,Jacksonville,608,21.3,0.0,3,0
2021-12-03,center_jacksonville,Jacksonville,589,23.0,0.0,4,0
2021-12-04,center_jacksonville,Jacksonville,471,21.2,0.0,5,0
2021-12-05,center_jacksonville,Jacksonville,353,22.0,0.0,6,0
2021-12-06,center_jacksonville,Jacksonville,690,25.0,0.0,0,0
2021-12-07,center_jacksonville,Jacksonville,730,22.8,0.0,1,0
2021-12-08,center_jacksonville,Jacksonville,685,24.5,2.9,2,0
2021-12-09,center_jacksonville,Jacksonville,702,20.6,0.4,3,0
2021-12-10,center_jacksonville,Jacksonville,529,24.9,0.0,4,0
2021-12-11,center_jacksonville,Jacksonville,485,26.2,0.0,5,0
2021-12-12,center_jacksonville,Jacksonville,360,22.5,0.2,6,0
2021-12-13,center_jacksonville,Jacksonville,701,18.9,0.5,0,0
2021-12-14,center_jacksonville,Jacksonville,770,21.1,0.3,1,0
2021-12-15,center_jacksonville,Jacksonville,725,24.4,0.0,2,0
2021-12-16,center_jacksonville,Jacksonville,608,25.2,2.8,3,0
2021-12-17,center_jacksonville,Jacksonville,572,25.2,0.6,4,0
2021-12-18,center_jacksonville,Jacksonville,461,26.0,0.0,5,0
2021-12-19,center_jacksonville,Jacksonville,373,25.7,1.0,6,0
2021-12-20,center_jacksonville,Jacksonville,628,21.0,0.3,0,0
2021-12-21,center_jacksonville,Jacksonville,603,18.1,17.2,1,0
2021-12-22,center_jacksonville,Jacksonville,696,15.7,0.6,2,0
2021-12-23,center_jacksonville,Jacksonville,608,17.7,0.0,3,0
2021-12-24,center_jacksonville,Jacksonville,292,21.0,0.0,4,1
2021-12-25,center_jacksonville,Jacksonville,232,21.9,0.0,5,1
2021-12-26,center_jacksonville,Jacksonville,333,23.8,0.0,6,0
2021-12-27,center_jacksonville,Jacksonville,609,22.8,0.0,0,0
2021-12-28,center_jacksonville,Jacksonville,763,23.4,0.0,1,0
2021-12-29,center_jacksonville,Jacksonville,770,25.2,0.0,2,0
2021-12-30,center_jacksonville,Jacksonville,665,25.9,0.0,3,0
2021-12-31,center_jacksonville,Jacksonville,268,26.5,0.0,4,1
2022-01-01,center_jacksonville,Jacksonville,205,25.9,0.0,5,1
2022-01-02,center_jacksonville,Jacksonville,336,26.5,0.0,6,0
2022-01-03,center_jacksonville,Jacksonville,649,23.1,1.2,0,0
2022-01-04,center_jacksonville,Jacksonville,652,17.5,0.0,1,0
2022-01-05,center_jacksonville,Jacksonville,691,20.0,0.0,2,0
2022-01-06,center_jacksonville,Jacksonville,701,18.8,0.0,3,0
2022-01-07,center_jacksonville,Jacksonville,571,16.9,0.3,4,0
2022-01-08,center_jacksonville,Jacksonville,466,21.4,0.0,5,0
2022-01-09,center_jacksonville,Jacksonville,364,24.4,0.0,6,0
2022-01-10,center_jacksonville,Jacksonville,707,20.5,0.1,0,0
2022-01-11,center_jacksonville,Jacksonville,632,14.9,0.0,1,0
2022-01-12,center_jacksonville,Jacksonville,752,18.1,0.0,2,0
2022-01-13,center_jacksonville,Jacksonville,662,18.4,0.0,3,0
2022-01-14,center_jacksonville,Jacksonville,543,16.4,0.0,4,0
2022-01-15,center_jacksonville,Jacksonville,455,18.5,0.0,5,0
2022-01-16,center_jacksonville,Jacksonville,296,16.8,14.1,6,0
2022-01-17,center_jacksonville,Jacksonville,366,12.8,0.0,0,1
2022-01-18,center_jacksonville,Jacksonville,765,12.6,0.0,1,0
2022-01-19,center_jacksonville,Jacksonville,635,17.7,0.0,2,0
2022-01-20,center_jacksonville,Jacksonville,725,22.1,0.0,3,0
2022-01-21,center_jacksonville,Jacksonville,571,17.4,0.9,4,0
2022-01-22,center_jacksonville,Jacksonville,405,7.9,1.1,5,0
2022-01-23,center_jacksonville,Jacksonville,339,10.8,0.0,6,0
2022-01-24,center_jacksonville,Jacksonville,626,14.1,0.0,0,0
2022-01-25,center_jacksonville,Jacksonville,722,13.2,1.3,1,0
2022-01-26,center_jacksonville,Jacksonville,696,14.8,2.3,2,0
2022-01-27,center_jacksonville,Jacksonville,614,12.9,1.8,3,0
2022-01-28,center_jacksonville,Jacksonville,529,14.0,1.5,4,0
2022-01-29,center_jacksonville,Jacksonville,433,11.1,0.0,5,0
2022-01-30,center_jacksonville,Jacksonville,335,11.9,0.0,6,0
2022-01-31,center_jacksonville,Jacksonville,638,18.7,0.0,0,0
2022-02-01,center_jacksonville,Jacksonville,650,19.0,0.0,1,0
2022-02-02,center_jacksonville,Jacksonville,742,21.6,0.1,2,0
2022-02-03,center_jacksonville,Jacksonville,712,25.4,0.0,3,0
2022-02-04,center_jacksonville,Jacksonville,580,26.2,0.0,4,0
2022-02-05,center_jacksonville,Jacksonville,345,20.0,27.9,5,0
2022-02-06,center_jacksonville,Jacksonville,373,11.8,4.9,6,0
2022-02-07,center_jacksonville,Jacksonville,647,13.9,0.9,0,0
2022-02-08,center_jacksonville,Jacksonville,605,11.0,11.8,1,0
2022-02-09,center_jacksonville,Jacksonville,742,16.2,0.0,2,0
2022-02-10,center_jacksonville,Jacksonville,604,18.0,0.0,3,0
2022-02-11,center_jacksonville,Jacksonville,611,19.6,0.0,4,0
2022-02-12,center_jacksonville,Jacksonville,499,20.2,0.1,5,0
2022-02-13,center_jacksonville,Jacksonville,300,16.5,10.7,6,0
2022-02-14,center_jacksonville,Jacksonville,655,14.3,0.0,0,0
2022-02-15,center_jacksonville,Jacksonville,748,17.0,0.0,1,0
2022-02-16,center_jacksonville,Jacksonville,649,22.0,0.1,2,0
2022-02-17,center_jacksonville,Jacksonville,700,25.6,0.0,3,0
2022-02-18,center_jacksonville,Jacksonville,500,24.8,5.9,4,0
2022-02-19,center_jacksonville,Jacksonville,475,19.8,0.0,5,0
2022-02-20,center_jacksonville,Jacksonville,398,20.4,0.0,6,0
2022-02-21,center_jacksonville,Jacksonville,329,23.8,0.0,0,1
2022-02-22,center_jacksonville,Jacksonville,732,24.9,0.0,1,0
2022-02-23,center_jacksonville,Jacksonville,738,26.6,0.0,2,0
2022-02-24,center_jacksonville,Jacksonville,666,27.4,0.0,3,0
2022-02-25,center_jacksonville,Jacksonville,559,28.4,0.0,4,0
2022-02-26,center_jacksonville,Jacksonville,500,23.8,0.0,5,0
2022-02-27,center_jacksonville,Jacksonville,349,27.0,0.2,6,0
2022-02-28,center_jacksonville,Jacksonville,577,22.7,7.4,0,0
2022-03-01,center_jacksonville,Jacksonville,631,20.4,0.0,1,0
2022-03-02,center_jacksonville,Jacksonville,728,23.0,0.0,2,0
2022-03-03,center_jacksonville,Jacksonville,674,25.3,0.0,3,0
2022-03-04,center_jacksonville,Jacksonville,610,25.0,0.0,4,0
2022-03-05,center_jacksonville,Jacksonville,439,25.0,0.1,5,0
2022-03-06,center_jacksonville,Jacksonville,381,27.2,0.0,6,0
2022-03-07,center_jacksonville,Jacksonville,679,28.6,0.0,0,0
2022-03-08,center_jacksonville,Jacksonville,686,27.6,0.9,1,0
2022-03-09,center_jacksonville,Jacksonville,724,29.6,1.3,2,0
2022-03-10,center_jacksonville,Jacksonville,591,22.5,18.4,3,0
2022-03-11,center_jacksonville,Jacksonville,463,22.2,25.9,4,0
2022-03-12,center_jacksonville,Jacksonville,314,21.9,23.9,5,0
2022-03-13,center_jacksonville,Jacksonville,357,12.0,0.0,6,0
2022-03-14,center_jacksonville,Jacksonville,726,19.3,0.0,0,0
2022-03-15,center_jacksonville,Jacksonville,751,22.2,2.6,1,0
2022-03-16,center_jacksonville,Jacksonville,551,24.4,20.7,2,0
2022-03-17,center_jacksonville,Jacksonville,643,24.5,0.0,3,0
2022-03-18,center_jacksonville,Jacksonville,590,27.6,0.0,4,0
2022-03-19,center_jacksonville,Jacksonville,443,28.8,0.0,5,0
2022-03-20,center_jacksonville,Jacksonville,369,24.1,3.7,6,0
2022-03-21,center_jacksonville,Jacksonville,721,21.8,0.0,0,0
2022-03-22,center_jacksonville,Jacksonville,717,24.7,0.0,1,0
2022-03-23,center_jacksonville,Jacksonville,611,25.1,6.9,2,0
2022-03-24,center_jacksonville,Jacksonville,525,21.0,37.8,3,0
2022-03-25,center_jacksonville,Jacksonville,543,22.4,6.5,4,0
2022-03-26,center_jacksonville,Jacksonville,470,21.9,0.0,5,0
2022-03-27,center_jacksonville,Jacksonville,332,22.2,0.0,6,0
2022-03-28,center_jacksonville,Jacksonville,684,25.9,0.0,0,0
2022-03-29,center_jacksonville,Jacksonville,764,23.4,0.0,1,0
2022-03-30,center_jacksonville,Jacksonville,684,27.1,0.0,2,0
2022-03-31,center_jacksonville,Jacksonville,700,28.2,1.3,3,0
2022-04-01,center_jacksonville,Jacksonville,531,25.8,2.3,4,0
2022-04-02,center_jacksonville,Jacksonville,465,23.4,2.4,5,0
2022-04-03,center_jacksonville,Jacksonville,344,24.7,0.6,6,0
2022-04-04,center_jacksonville,Jacksonville,617,26.6,0.0,0,0
2022-04-05,center_jacksonville,Jacksonville,696,27.6,3.4,1,0
2022-04-06,center_jacksonville,Jacksonville,647,28.1,5.3,2,0
2022-04-07,center_jacksonville,Jacksonville,653,25.2,11.1,3,0
2022-04-08,center_jacksonville,Jacksonville,577,23.7,0.0,4,0
2022-04-09,center_jacksonville,Jacksonville,466,18.1,0.0,5,0
2022-04-10,center_jacksonville,Jacksonville,364,21.9,0.0,6,0
2022-04-11,center_jacksonville,Jacksonville,722,25.3,0.0,0,0
2022-04-12,center_jacksonville,Jacksonville,758,27.1,0.0,1,0
2022-04-13,center_jacksonville,Jacksonville,755,27.9,0.0,2,0
2022-04-14,center_jacksonville,Jacksonville,633,29.6,0.1,3,0
2022-04-15,center_jacksonville,Jacksonville,547,25.1,0.1,4,0
2022-04-16,center_jacksonville,Jacksonville,470,29.5,0.2,5,0
2022-04-17,center_jacksonville,Jacksonville,353,27.1,7.8,6,0
2022-04-18,center_jacksonville,Jacksonville,714,27.2,5.0,0,0
2022-04-19,center_jacksonville,Jacksonville,697,24.2,0.0,1,0
2022-04-20,center_jacksonville,Jacksonville,749,22.5,0.0,2,0
2022-04-21,center_jacksonville,Jacksonville,624,23.8,0.0,3,0
2022-04-22,center_jacksonville,Jacksonville,529,24.2,0.0,4,0
2022-04-23,center_jacksonville,Jacksonville,424,25.1,0.0,5,0
2022-04-24,center_jacksonville,Jacksonville,344,26.2,0.0,6,0
2022-04-25,center_jacksonville,Jacksonville,723,27.0,0.8,0,0
2022-04-26,center_jacksonville,Jacksonville,672,29.0,0.1,1,0
2022-04-27,center_jacksonville,Jacksonville,721,26.3,0.9,2,0
2022-04-28,center_jacksonville,Jacksonville,659,24.2,0.0,3,0
2022-04-29,center_jacksonville,Jacksonville,631,25.0,0.0,4,0
2022-04-30,center_jacksonville,Jacksonville,420,26.4,0.3,5,0
2022-05-01,center_jacksonville,Jacksonville,354,26.9,2.0,6,0
2022-05-02,center_jacksonville,Jacksonville,613,29.1,0.0,0,0
2022-05-03,center_jacksonville,Jacksonville,654,29.4,0.0,1,0
2022-05-04,center_jacksonville,Jacksonville,681,30.2,1.9,2,0
2022-05-05,center_jacksonville,Jacksonville,629,33.6,0.4,3,0
2022-05-06,center_jacksonville,Jacksonville,546,32.2,0.0,4,0
2022-05-07,center_jacksonville,Jacksonville,465,30.1,0.7,5,0
2022-05-08,center_jacksonville,Jacksonville,346,29.5,0.0,6,0
2022-05-09,center_jacksonville,Jacksonville,632,21.7,0.0,0,0
2022-05-10,center_jacksonville,Jacksonville,754,25.0,0.0,1,0
2022-05-11,center_jacksonville,Jacksonville,749,26.5,0.0,2,0
2022-05-12,center_jacksonville,Jacksonville,636,25.1,0.4,3,0
2022-05-13,center_jacksonville,Jacksonville,564,26.6,1.1,4,0
2022-05-14,center_jacksonville,Jacksonville,421,27.8,2.9,5,0
2022-05-15,center_jacksonville,Jacksonville,331,27.3,8.4,6,0
2022-05-16,center_jacksonville,Jacksonville,635,30.1,1.1,0,0
2022-05-17,center_jacksonville,Jacksonville,637,32.2,0.1,1,0
2022-05-18,center_jacksonville,Jacksonville,730,31.9,0.0,2,0
2022-05-19,center_jacksonville,Jacksonville,644,34.2,0.0,3,0
2022-05-20,center_jacksonville,Jacksonville,597,31.2,0.0,4,0
2022-05-21,center_jacksonville,Jacksonville,374,28.7,23.3,5,0
2022-05-22,center_jacksonville,Jacksonville,319,30.8,11.8,6,0
2022-05-23,center_jacksonville,Jacksonville,609,31.8,9.1,0,0
2022-05-24,center_jacksonville,Jacksonville,760,31.5,0.3,1,0
2022-05-25,center_jacksonville,Jacksonville,671,30.0,0.4,2,0
2022-05-26,center_jacksonville,Jacksonville,638,31.7,0.0,3,0
2022-05-27,center_jacksonville,Jacksonville,399,28.2,24.6,4,0
2022-05-28,center_jacksonville,Jacksonville,418,30.5,0.2,5,0
2022-05-29,center_jacksonville,Jacksonville,392,30.6,0.6,6,0
2022-05-30,center_jacksonville,Jacksonville,279,28.3,6.9,0,1
2022-05-31,center_jacksonville,Jacksonville,672,26.5,13.9,1,0
2022-06-01,center_jacksonville,Jacksonville,761,29.6,0.3,2,0
2022-06-02,center_jacksonville,Jacksonville,643,32.1,0.0,3,0
2022-06-03,center_jacksonville,Jacksonville,603,32.9,0.0,4,0
2022-06-04,center_jacksonville,Jacksonville,476,30.4,0.6,5,0
2022-06-05,center_jacksonville,Jacksonville,379,28.5,2.0,6,0
2022-06-06,center_jacksonville,Jacksonville,626,28.3,11.5,0,0
2022-06-07,center_jacksonville,Jacksonville,654,30.5,1.1,1,0
2022-06-08,center_jacksonville,Jacksonville,712,33.8,1.3,2,0
2022-06-09,center_jacksonville,Jacksonville,579,32.9,17.8,3,0
2022-06-10,center_jacksonville,Jacksonville,565,32.1,6.8,4,0
2022-06-11,center_jacksonville,Jacksonville,408,29.9,14.2,5,0
2022-06-12,center_jacksonville,Jacksonville,313,29.8,12.8,6,0
2022-06-13,center_jacksonville,Jacksonville,664,32.1,1.4,0,0
2022-06-14,center_jacksonville,Jacksonville,674,33.7,0.3,1,0
2022-06-15,center_jacksonville,Jacksonville,742,33.3,0.0,2,0
2022-06-16,center_jacksonville,Jacksonville,715,32.5,0.8,3,0
2022-06-17,center_jacksonville,Jacksonville,527,32.7,0.0,4,0
2022-06-18,center_jacksonville,Jacksonville,399,36.3,0.2,5,0
2022-06-19,center_jacksonville,Jacksonville,150,31.9,7.1,6,1
2022-06-20,center_jacksonville,Jacksonville,320,30.5,1.0,0,1
2022-06-21,center_jacksonville,Jacksonville,685,31.5,0.0,1,0
2022-06-22,center_jacksonville,Jacksonville,682,33.5,0.0,2,0
2022-06-23,center_jacksonville,Jacksonville,489,39.2,0.0,3,0
2022-06-24,center_jacksonville,Jacksonville,572,33.2,4.5,4,0
2022-06-25,center_jacksonville,Jacksonville,491,30.9,1.1,5,0
2022-06-26,center_jacksonville,Jacksonville,379,30.4,1.1,6,0
2022-06-27,center_jacksonville,Jacksonville,642,31.1,0.8,0,0
2022-06-28,center_jacksonville,Jacksonville,573,31.9,7.1,1,0
2022-06-29,center_jacksonville,Jacksonville,689,32.3,0.2,2,0
2022-06-30,center_jacksonville,Jacksonville,666,29.1,4.2,3,0
2022-07-01,center_jacksonville,Jacksonville,505,33.3,7.2,4,0
2022-07-02,center_jacksonville,Jacksonville,383,32.5,19.7,5,0
2022-07-03,center_jacksonville,Jacksonville,351,30.0,12.3,6,0
2022-07-04,center_jacksonville,Jacksonville,279,32.6,6.1,0,1
2022-07-05,center_jacksonville,Jacksonville,674,30.8,5.8,1,0
2022-07-06,center_jacksonville,Jacksonville,674,33.4,0.4,2,0
2022-07-07,center_jacksonville,Jacksonville,702,34.6,4.9,3,0
2022-07-08,center_jacksonville,Jacksonville,540,31.9,4.1,4,0
2022-07-09,center_jacksonville,Jacksonville,385,30.9,5.6,5,0
2022-07-10,center_jacksonville,Jacksonville,296,30.1,16.5,6,0
2022-07-11,center_jacksonville,Jacksonville,559,31.6,9.2,0,0
2022-07-12,center_jacksonville,Jacksonville,656,32.2,3.4,1,0
2022-07-13,center_jacksonville,Jacksonville,655,33.3,0.7,2,0
2022-07-14,center_jacksonville,Jacksonville,715,32.8,3.1,3,0
2022-07-15,center_jacksonville,Jacksonville,485,30.1,17.4,4,0
2022-07-16,center_jacksonville,Jacksonville,426,28.6,10.2,5,0
2022-07-17,center_jacksonville,Jacksonville,341,31.0,10.1,6,0
2022-07-18,center_jacksonville,Jacksonville,545,29.5,7.7,0,0
2022-07-19,center_jacksonville,Jacksonville,745,31.2,4.7,1,0
2022-07-20,center_jacksonville,Jacksonville,613,32.1,5.5,2,0
2022-07-21,center_jacksonville,Jacksonville,675,32.8,0.7,3,0
2022-07-22,center_jacksonville,Jacksonville,598,32.5,2.9,4,0
2022-07-23,center_jacksonville,Jacksonville,429,30.8,9.0,5,0
2022-07-24,center_jacksonville,Jacksonville,335,32.0,3.8,6,0
2022-07-25,center_jacksonville,Jacksonville,706,31.6,1.0,0,0
2022-07-26,center_jacksonville,Jacksonville,631,32.5,0.9,1,0
2022-07-27,center_jacksonville,Jacksonville,604,31.9,8.0,2,0
2022-07-28,center_jacksonville,Jacksonville,635,34.2,2.6,3,0
2022-07-29,center_jacksonville,Jacksonville,615,34.7,0.2,4,0
2022-07-30,center_jacksonville,Jacksonville,441,35.0,0.0,5,0
2022-07-31,center_jacksonville,Jacksonville,341,34.6,0.0,6,0
2022-08-01,center_jacksonville,Jacksonville,729,34.8,0.2,0,0
2022-08-02,center_jacksonville,Jacksonville,598,33.7,9.0,1,0
2022-08-03,center_jacksonville,Jacksonville,605,30.4,12.6,2,0
2022-08-04,center_jacksonville,Jacksonville,579,32.6,6.2,3,0
2022-08-05,center_jacksonville,Jacksonville,530,30.5,2.2,4,0
2022-08-06,center_jacksonville,Jacksonville,414,29.7,7.6,5,0
2022-08-07,center_jacksonville,Jacksonville,393,30.8,0.7,6,0
2022-08-08,center_jacksonville,Jacksonville,641,30.9,2.1,0,0
2022-08-09,center_jacksonville,Jacksonville,748,32.0,0.4,1,0
2022-08-10,center_jacksonville,Jacksonville,756,33.4,4.1,2,0
2022-08-11,center_jacksonville,Jacksonville,596,30.2,6.6,3,0
2022-08-12,center_jacksonville,Jacksonville,610,32.8,0.8,4,0
2022-08-13,center_jacksonville,Jacksonville,321,28.9,21.5,5,0
2022-08-14,center_jacksonville,Jacksonville,361,29.8,0.0,6,0
2022-08-15,center_jacksonville,Jacksonville,612,31.5,0.0,0,0
2022-08-16,center_jacksonville,Jacksonville,686,33.0,0.3,1,0
2022-08-17,center_jacksonville,Jacksonville,612,31.8,7.9,2,0
2022-08-18,center_jacksonville,Jacksonville,559,32.1,6.6,3,0
2022-08-19,center_jacksonville,Jacksonville,510,30.7,10.2,4,0
2022-08-20,center_jacksonville,Jacksonville,486,30.8,2.6,5,0
2022-08-21,center_jacksonville,Jacksonville,328,31.0,6.1,6,0
2022-08-22,center_jacksonville,Jacksonville,606,30.9,4.0,0,0
2022-08-23,center_jacksonville,Jacksonville,628,28.2,15.6,1,0
2022-08-24,center_jacksonville,Jacksonville,703,30.8,4.9,2,0
2022-08-25,center_jacksonville,Jacksonville,639,28.8,13.6,3,0
2022-08-26,center_jacksonville,Jacksonville,406,29.9,26.5,4,0
2022-08-27,center_jacksonville,Jacksonville,395,28.8,18.5,5,0
2022-08-28,center_jacksonville,Jacksonville,301,29.7,9.3,6,0
2022-08-29,center_jacksonville,Jacksonville,603,29.1,15.9,0,0
2022-08-30,center_jacksonville,Jacksonville,622,29.4,6.4,1,0
2022-08-31,center_jacksonville,Jacksonville,717,30.8,3.3,2,0
2022-09-01,center_jacksonville,Jacksonville,631,29.9,11.3,3,0
2022-09-02,center_jacksonville,Jacksonville,511,29.4,18.3,4,0
2022-09-03,center_jacksonville,Jacksonville,401,28.4,9.6,5,0
2022-09-04,center_jacksonville,Jacksonville,325,29.1,10.8,6,0
2022-09-05,center_jacksonville,Jacksonville,276,31.4,17.9,0,1
2022-09-06,center_jacksonville,Jacksonville,711,33.3,0.3,1,0
2022-09-07,center_jacksonville,Jacksonville,578,32.3,8.0,2,0
2022-09-08,center_jacksonville,Jacksonville,659,30.6,4.3,3,0
2022-09-09,center_jacksonville,Jacksonville,525,29.7,7.3,4,0
2022-09-10,center_jacksonville,Jacksonville,425,29.4,5.5,5,0
2022-09-11,center_jacksonville,Jacksonville,355,31.0,12.6,6,0
2022-09-12,center_jacksonville,Jacksonville,621,30.0,8.4,0,0
2022-09-13,center_jacksonville,Jacksonville,717,28.1,1.9,1,0
2022-09-14,center_jacksonville,Jacksonville,762,29.2,1.1,2,0
2022-09-15,center_jacksonville,Jacksonville,724,27.9,0.7,3,0
2022-09-16,center_jacksonville,Jacksonville,605,28.5,0.7,4,0
2022-09-17,center_jacksonville,Jacksonville,497,26.7,4.0,5,0
2022-09-18,center_jacksonville,Jacksonville,322,27.1,13.0,6,0
2022-09-19,center_jacksonville,Jacksonville,713,27.4,4.4,0,0
2022-09-20,center_jacksonville,Jacksonville,710,28.8,0.6,1,0
2022-09-21,center_jacksonville,Jacksonville,757,29.4,0.2,2,0
2022-09-22,center_jacksonville,Jacksonville,688,32.5,0.0,3,0
2022-09-23,center_jacksonville,Jacksonville,634,28.4,0.0,4,0
2022-09-24,center_jacksonville,Jacksonville,470,28.1,0.0,5,0
2022-09-25,center_jacksonville,Jacksonville,397,29.8,0.0,6,0
2022-09-26,center_jacksonville,Jacksonville,681,31.1,0.0,0,0
2022-09-27,center_jacksonville,Jacksonville,704,28.0,0.0,1,0
2022-09-28,center_jacksonville,Jacksonville,608,25.0,18.2,2,0
2022-09-29,center_jacksonville,Jacksonville,523,21.5,80.3,3,0
2022-09-30,center_jacksonville,Jacksonville,519,27.6,5.3,4,0
2022-10-01,center_jacksonville,Jacksonville,421,27.5,0.0,5,0
2022-10-02,center_jacksonville,Jacksonville,363,26.6,0.0,6,0
2022-10-03,center_jacksonville,Jacksonville,669,21.8,0.1,0,0
2022-10-04,center_jacksonville,Jacksonville,680,20.9,0.0,1,0
2022-10-05,center_jacksonville,Jacksonville,721,25.4,0.0,2,0
2022-10-06,center_jacksonville,Jacksonville,703,27.0,0.0,3,0
2022-10-07,center_jacksonville,Jacksonville,550,28.4,0.0,4,0
2022-10-08,center_jacksonville,Jacksonville,434,28.8,0.0,5,0
2022-10-09,center_jacksonville,Jacksonville,389,27.5,0.0,6,0
2022-10-10,center_jacksonville,Jacksonville,304,27.6,0.0,0,1
2022-10-11,center_jacksonville,Jacksonville,657,27.6,0.4,1,0
2022-10-12,center_jacksonville,Jacksonville,589,25.5,7.9,2,0
2022-10-13,center_jacksonville,Jacksonville,692,30.1,3.8,3,0
2022-10-14,center_jacksonville,Jacksonville,629,26.8,0.0,4,0
2022-10-15,center_jacksonville,Jacksonville,457,26.2,0.0,5,0
2022-10-16,center_jacksonville,Jacksonville,374,27.9,0.0,6,0
2022-10-17,center_jacksonville,Jacksonville,683,27.8,0.2,0,0
2022-10-18,center_jacksonville,Jacksonville,723,23.5,0.1,1,0
2022-10-19,center_jacksonville,Jacksonville,639,16.9,0.0,2,0
2022-10-20,center_jacksonville,Jacksonville,655,20.2,0.0,3,0
2022-10-21,center_jacksonville,Jacksonville,588,20.4,0.0,4,0
2022-10-22,center_jacksonville,Jacksonville,443,22.2,0.0,5,0
2022-10-23,center_jacksonville,Jacksonville,366,24.1,0.0,6,0
2022-10-24,center_jacksonville,Jacksonville,671,23.9,0.0,0,0
2022-10-25,center_jacksonville,Jacksonville,724,26.2,0.0,1,0
2022-10-26,center_jacksonville,Jacksonville,744,26.2,2.1,2,0
2022-10-27,center_jacksonville,Jacksonville,612,25.7,0.2,3,0
2022-10-28,center_jacksonville,Jacksonville,580,24.1,0.8,4,0
2022-10-29,center_jacksonville,Jacksonville,495,22.2,0.4,5,0
2022-10-30,center_jacksonville,Jacksonville,397,26.4,0.5,6,0
2022-10-31,center_jacksonville,Jacksonville,670,28.0,1.1,0,0
2022-11-01,center_jacksonville,Jacksonville,646,28.8,0.2,1,0
2022-11-02,center_jacksonville,Jacksonville,711,27.3,0.0,2,0
2022-11-03,center_jacksonville,Jacksonville,695,24.5,0.0,3,0
2022-11-04,center_jacksonville,Jacksonville,632,25.2,0.0,4,0
2022-11-05,center_jacksonville,Jacksonville,434,27.3,1.2,5,0
2022-11-06,center_jacksonville,Jacksonville,398,27.0,2.6,6,0
2022-11-07,center_jacksonville,Jacksonville,698,25.5,3.0,0,0
2022-11-08,center_jacksonville,Jacksonville,748,25.2,0.1,1,0
2022-11-09,center_jacksonville,Jacksonville,659,21.4,0.1,2,0
2022-11-10,center_jacksonville,Jacksonville,534,24.6,55.0,3,0
2022-11-11,center_jacksonville,Jacksonville,269,25.4,1.3,4,1
2022-11-12,center_jacksonville,Jacksonville,495,26.0,0.3,5,0
2022-11-13,center_jacksonville,Jacksonville,362,22.0,0.1,6,0
2022-11-14,center_jacksonville,Jacksonville,688,20.9,0.2,0,0
2022-11-15,center_jacksonville,Jacksonville,768,26.1,1.3,1,0
2022-11-16,center_jacksonville,Jacksonville,689,21.5,2.8,2,0
2022-11-17,center_jacksonville,Jacksonville,676,15.6,0.0,3,0
2022-11-18,center_jacksonville,Jacksonville,589,14.0,0.0,4,0
2022-11-19,center_jacksonville,Jacksonville,415,14.1,0.5,5,0
2022-11-20,center_jacksonville,Jacksonville,332,12.9,0.8,6,0
2022-11-21,center_jacksonville,Jacksonville,717,19.1,1.5,0,0
2022-11-22,center_jacksonville,Jacksonville,662,19.5,0.0,1,0
2022-11-23,center_jacksonville,Jacksonville,693,19.9,0.0,2,0
2022-11-24,center_jacksonville,Jacksonville,327,23.8,0.4,3,1
2022-11-25,center_jacksonville,Jacksonville,532,26.2,0.6,4,0
2022-11-26,center_jacksonville,Jacksonville,451,22.0,0.4,5,0
2022-11-27,center_jacksonville,Jacksonville,389,26.5,0.8,6,0
2022-11-28,center_jacksonville,Jacksonville,665,23.8,0.0,0,0
2022-11-29,center_jacksonville,Jacksonville,755,23.1,0.0,1,0
2022-11-30,center_jacksonville,Jacksonville,612,24.5,9.9,2,0
2022-12-01,center_jacksonville,Jacksonville,736,18.5,0.1,3,0
2022-12-02,center_jacksonville,Jacksonville,586,22.5,0.0,4,0
2022-12-03,center_jacksonville,Jacksonville,482,24.5,0.0,5,0
2022-12-04,center_jacksonville,Jacksonville,332,22.2,0.2,6,0
2022-12-05,center_jacksonville,Jacksonville,630,23.1,0.0,0,0
2022-12-06,center_jacksonville,Jacksonville,700,24.3,0.0,1,0
2022-12-07,center_jacksonville,Jacksonville,692,25.8,0.0,2,0
2022-12-08,center_jacksonville,Jacksonville,694,25.8,0.0,3,0
2022-12-09,center_jacksonville,Jacksonville,543,25.3,0.0,4,0
2022-12-10,center_jacksonville,Jacksonville,445,20.2,0.0,5,0
2022-12-11,center_jacksonville,Jacksonville,349,22.0,0.0,6,0
2022-12-12,center_jacksonville,Jacksonville,712,18.9,0.3,0,0
2022-12-13,center_jacksonville,Jacksonville,761,19.7,0.4,1,0
2022-12-14,center_jacksonville,Jacksonville,690,22.4,0.6,2,0
2022-12-15,center_jacksonville,Jacksonville,549,22.0,6.1,3,0
2022-12-16,center_jacksonville,Jacksonville,563,17.8,0.0,4,0
2022-12-17,center_jacksonville,Jacksonville,472,17.5,0.7,5,0
2022-12-18,center_jacksonville,Jacksonville,398,14.8,0.0,6,0
2022-12-19,center_jacksonville,Jacksonville,665,18.5,0.0,0,0
2022-12-20,center_jacksonville,Jacksonville,669,18.2,2.9,1,0
2022-12-21,center_jacksonville,Jacksonville,631,16.1,6.4,2,0
2022-12-22,center_jacksonville,Jacksonville,673,17.8,0.0,3,0
2022-12-23,center_jacksonville,Jacksonville,538,18.2,0.3,4,0
2022-12-24,center_jacksonville,Jacksonville,389,5.4,0.0,5,0
2022-12-25,center_jacksonville,Jacksonville,152,6.0,0.0,6,1
2022-12-26,center_jacksonville,Jacksonville,296,9.1,0.0,0,1
2022-12-27,center_jacksonville,Jacksonville,700,11.8,0.0,1,0
2022-12-28,center_jacksonville,Jacksonville,750,16.0,0.0,2,0
2022-12-29,center_jacksonville,Jacksonville,696,19.8,0.0,3,0
2022-12-30,center_jacksonville,Jacksonville,631,22.3,0.0,4,0
2022-12-31,center_jacksonville,Jacksonville,374,23.1,10.4,5,0
2023-01-01,center_jacksonville,Jacksonville,171,22.9,0.2,6,1
2023-01-02,center_jacksonville,Jacksonville,311,20.4,0.0,0,1
2023-01-03,center_jacksonville,Jacksonville,728,25.2,0.0,1,0
2023-01-04,center_jacksonville,Jacksonville,655,24.1,7.3,2,0
2023-01-05,center_jacksonville,Jacksonville,689,23.4,2.1,3,0
2023-01-06,center_jacksonville,Jacksonville,539,17.4,0.0,4,0
2023-01-07,center_jacksonville,Jacksonville,472,17.3,0.0,5,0
2023-01-08,center_jacksonville,Jacksonville,388,21.0,0.0,6,0
2023-01-09,center_jacksonville,Jacksonville,657,20.2,0.0,0,0
2023-01-10,center_jacksonville,Jacksonville,646,18.3,0.0,1,0
2023-01-11,center_jacksonville,Jacksonville,754,20.6,0.0,2,0
2023-01-12,center_jacksonville,Jacksonville,679,23.4,0.0,3,0
2023-01-13,center_jacksonville,Jacksonville,502,18.4,14.4,4,0
2023-01-14,center_jacksonville,Jacksonville,384,9.8,0.0,5,0
2023-01-15,center_jacksonville,Jacksonville,339,12.2,0.0,6,0
2023-01-16,center_jacksonville,Jacksonville,364,15.2,0.0,0,1
2023-01-17,center_jacksonville,Jacksonville,760,21.0,0.0,1,0
2023-01-18,center_jacksonville,Jacksonville,739,23.3,0.0,2,0
2023-01-19,center_jacksonville,Jacksonville,728,26.2,0.0,3,0
2023-01-20,center_jacksonville,Jacksonville,534,22.1,0.2,4,0
2023-01-21,center_jacksonville,Jacksonville,464,15.2,0.8,5,0
2023-01-22,center_jacksonville,Jacksonville,336,24.7,1.4,6,0
2023-01-23,center_jacksonville,Jacksonville,579,20.8,11.7,0,0
2023-01-24,center_jacksonville,Jacksonville,723,18.5,0.0,1,0
2023-01-25,center_jacksonville,Jacksonville,760,26.1,0.2,2,0
2023-01-26,center_jacksonville,Jacksonville,555,19.4,6.4,3,0
2023-01-27,center_jacksonville,Jacksonville,612,13.6,0.0,4,0
2023-01-28,center_jacksonville,Jacksonville,422,14.2,0.0,5,0
2023-01-29,center_jacksonville,Jacksonville,329,23.1,1.7,6,0
2023-01-30,center_jacksonville,Jacksonville,542,27.3,10.3,0,0
2023-01-31,center_jacksonville,Jacksonville,720,26.5,0.4,1,0
2023-02-01,center_jacksonville,Jacksonville,720,25.0,0.1,2,0
2023-02-02,center_jacksonville,Jacksonville,618,25.4,0.0,3,0
2023-02-03,center_jacksonville,Jacksonville,513,21.5,6.9,4,0
2023-02-04,center_jacksonville,Jacksonville,500,16.5,0.0,5,0
2023-02-05,center_jacksonville,Jacksonville,354,21.6,0.0,6,0
2023-02-06,center_jacksonville,Jacksonville,693,20.9,0.0,0,0
2023-02-07,center_jacksonville,Jacksonville,643,21.8,0.0,1,0
2023-02-08,center_jacksonville,Jacksonville,679,23.4,0.0,2,0
2023-02-09,center_jacksonville,Jacksonville,628,25.3,0.0,3,0
2023-02-10,center_jacksonville,Jacksonville,586,25.6,0.9,4,0
2023-02-11,center_jacksonville,Jacksonville,418,21.3,11.4,5,0
2023-02-12,center_jacksonville,Jacksonville,309,20.0,9.1,6,0
2023-02-13,center_jacksonville,Jacksonville,711,19.1,0.0,0,0
2023-02-14,center_jacksonville,Jacksonville,749,20.5,0.0,1,0
2023-02-15,center_jacksonville,Jacksonville,693,24.6,0.0,2,0
2023-02-16,center_jacksonville,Jacksonville,631,25.5,0.0,3,0
2023-02-17,center_jacksonville,Jacksonville,532,27.6,3.1,4,0
2023-02-18,center_jacksonville,Jacksonville,475,17.6,0.0,5,0
2023-02-19,center_jacksonville,Jacksonville,372,24.1,0.0,6,0
2023-02-20,center_jacksonville,Jacksonville,306,24.5,0.0,0,1
2023-02-21,center_jacksonville,Jacksonville,731,26.3,0.0,1,0
2023-02-22,center_jacksonville,Jacksonville,758,27.6,0.0,2,0
2023-02-23,center_jacksonville,Jacksonville,677,28.5,0.0,3,0
2023-02-24,center_jacksonville,Jacksonville,588,29.2,0.0,4,0
2023-02-25,center_jacksonville,Jacksonville,475,27.8,0.0,5,0
2023-02-26,center_jacksonville,Jacksonville,358,28.5,0.0,6,0
2023-02-27,center_jacksonville,Jacksonville,723,27.6,0.0,0,0
2023-02-28,center_jacksonville,Jacksonville,748,28.4,0.0,1,0
2023-03-01,center_jacksonville,Jacksonville,672,28.2,0.0,2,0
2023-03-02,center_jacksonville,Jacksonville,695,28.0,0.0,3,0
2023-03-03,center_jacksonville,Jacksonville,562,29.0,0.0,4,0
2023-03-04,center_jacksonville,Jacksonville,461,27.5,4.7,5,0
2023-03-05,center_jacksonville,Jacksonville,341,25.5,0.0,6,0
2023-03-06,center_jacksonville,Jacksonville,694,26.7,0.5,0,0
2023-03-07,center_jacksonville,Jacksonville,671,29.8,0.0,1,0
2023-03-08,center_jacksonville,Jacksonville,730,24.6,0.0,2,0
2023-03-09,center_jacksonville,Jacksonville,605,22.5,0.0,3,0
2023-03-10,center_jacksonville,Jacksonville,479,25.7,5.9,4,0
2023-03-11,center_jacksonville,Jacksonville,492,22.2,0.5,5,0
2023-03-12,center_jacksonville,Jacksonville,367,26.8,0.2,6,0
2023-03-13,center_jacksonville,Jacksonville,652,22.2,18.1,0,0
2023-03-14,center_jacksonville,Jacksonville,745,17.1,0.0,1,0
2023-03-15,center_jacksonville,Jacksonville,633,14.1,0.0,2,0
2023-03-16,center_jacksonville,Jacksonville,637,19.5,0.0,3,0
2023-03-17,center_jacksonville,Jacksonville,550,24.9,0.0,4,0
2023-03-18,center_jacksonville,Jacksonville,443,21.5,10.6,5,0
2023-03-19,center_jacksonville,Jacksonville,375,16.1,1.0,6,0
2023-03-20,center_jacksonville,Jacksonville,629,14.6,0.0,0,0
2023-03-21,center_jacksonville,Jacksonville,652,18.8,0.0,1,0
2023-03-22,center_jacksonville,Jacksonville,701,24.7,0.8,2,0
2023-03-23,center_jacksonville,Jacksonville,733,27.0,0.0,3,0
2023-03-24,center_jacksonville,Jacksonville,607,28.3,0.0,4,0
2023-03-25,center_jacksonville,Jacksonville,488,29.1,0.5,5,0
2023-03-26,center_jacksonville,Jacksonville,347,30.1,0.1,6,0
2023-03-27,center_jacksonville,Jacksonville,679,30.0,0.1,0,0
2023-03-28,center_jacksonville,Jacksonville,655,27.0,10.2,1,0
2023-03-29,center_jacksonville,Jacksonville,722,20.5,3.9,2,0
2023-03-30,center_jacksonville,Jacksonville,606,21.6,0.0,3,0
2023-03-31,center_jacksonville,Jacksonville,557,26.5,0.0,4,0
2023-04-01,center_jacksonville,Jacksonville,499,29.5,0.0,5,0
2023-04-02,center_jacksonville,Jacksonville,385,28.4,0.0,6,0
2023-04-03,center_jacksonville,Jacksonville,619,30.6,0.0,0,0
2023-04-04,center_jacksonville,Jacksonville,702,27.6,0.1,1,0
2023-04-05,center_jacksonville,Jacksonville,766,29.9,0.0,2,0
2023-04-06,center_jacksonville,Jacksonville,630,28.7,0.1,3,0
2023-04-07,center_jacksonville,Jacksonville,560,28.7,0.2,4,0
2023-04-08,center_jacksonville,Jacksonville,416,27.6,4.5,5,0
2023-04-09,center_jacksonville,Jacksonville,336,20.3,3.2,6,0
2023-04-10,center_jacksonville,Jacksonville,585,20.6,6.6,0,0
2023-04-11,center_jacksonville,Jacksonville,682,21.0,4.7,1,0
2023-04-12,center_jacksonville,Jacksonville,696,23.2,0.3,2,0
2023-04-13,center_jacksonville,Jacksonville,626,26.8,12.6,3,0
2023-04-14,center_jacksonville,Jacksonville,592,29.4,1.4,4,0
2023-04-15,center_jacksonville,Jacksonville,453,29.9,0.0,5,0
2023-04-16,center_jacksonville,Jacksonville,377,29.2,4.3,6,0
2023-04-17,center_jacksonville,Jacksonville,723,26.0,0.2,0,0
2023-04-18,center_jacksonville,Jacksonville,767,23.0,0.0,1,0
2023-04-19,center_jacksonville,Jacksonville,634,25.7,0.0,2,0
2023-04-20,center_jacksonville,Jacksonville,669,26.0,0.0,3,0
2023-04-21,center_jacksonville,Jacksonville,622,25.5,0.4,4,0
2023-04-22,center_jacksonville,Jacksonville,438,29.0,11.6,5,0
2023-04-23,center_jacksonville,Jacksonville,385,24.0,0.0,6,0
2023-04-24,center_jacksonville,Jacksonville,726,24.5,0.4,0,0
2023-04-25,center_jacksonville,Jacksonville,655,25.0,7.8,1,0
2023-04-26,center_jacksonville,Jacksonville,764,24.0,5.0,2,0
2023-04-27,center_jacksonville,Jacksonville,477,26.8,47.6,3,0
2023-04-28,center_jacksonville,Jacksonville,477,28.2,14.0,4,0
2023-04-29,center_jacksonville,Jacksonville,427,29.2,1.5,5,0
2023-04-30,center_jacksonville,Jacksonville,332,25.2,7.5,6,0
2023-05-01,center_jacksonville,Jacksonville,736,26.5,0.2,0,0
2023-05-02,center_jacksonville,Jacksonville,765,26.5,0.0,1,0
2023-05-03,center_jacksonville,Jacksonville,687,25.8,0.0,2,0
2023-05-04,center_jacksonville,Jacksonville,691,27.9,0.0,3,0
2023-05-05,center_jacksonville,Jacksonville,614,26.4,0.0,4,0
2023-05-06,center_jacksonville,Jacksonville,427,25.0,0.3,5,0
2023-05-07,center_jacksonville,Jacksonville,353,26.5,0.0,6,0
2023-05-08,center_jacksonville,Jacksonville,641,30.7,0.0,0,0
2023-05-09,center_jacksonville,Jacksonville,655,31.7,0.8,1,0
2023-05-10,center_jacksonville,Jacksonville,682,30.8,0.0,2,0
2023-05-11,center_jacksonville,Jacksonville,599,27.6,6.0,3,0
2023-05-12,center_jacksonville,Jacksonville,605,28.8,0.8,4,0
2023-05-13,center_jacksonville,Jacksonville,373,28.1,5.3,5,0
2023-05-14,center_jacksonville,Jacksonville,400,29.9,0.0,6,0
2023-05-15,center_jacksonville,Jacksonville,721,28.7,1.8,0,0
2023-05-16,center_jacksonville,Jacksonville,729,31.0,0.2,1,0
2023-05-17,center_jacksonville,Jacksonville,609,29.5,5.6,2,0
2023-05-18,center_jacksonville,Jacksonville,617,29.6,2.2,3,0
2023-05-19,center_jacksonville,Jacksonville,613,28.5,2.8,4,0
2023-05-20,center_jacksonville,Jacksonville,446,30.4,1.3,5,0
2023-05-21,center_jacksonville,Jacksonville,316,31.5,11.5,6,0
2023-05-22,center_jacksonville,Jacksonville,583,25.9,15.5,0,0
2023-05-23,center_jacksonville,Jacksonville,600,24.8,13.1,1,0
2023-05-24,center_jacksonville,Jacksonville,530,23.0,27.1,2,0
2023-05-25,center_jacksonville,Jacksonville,716,26.0,0.0,3,0
2023-05-26,center_jacksonville,Jacksonville,579,22.6,3.3,4,0
2023-05-27,center_jacksonville,Jacksonville,424,22.9,0.0,5,0
2023-05-28,center_jacksonville,Jacksonville,339,27.4,0.0,6,0
2023-05-29,center_jacksonville,Jacksonville,347,29.9,0.0,0,1
2023-05-30,center_jacksonville,Jacksonville,707,29.9,0.2,1,0
2023-05-31,center_jacksonville,Jacksonville,647,27.0,0.6,2,0
2023-06-01,center_jacksonville,Jacksonville,675,25.6,2.6,3,0
2023-06-02,center_jacksonville,Jacksonville,567,26.5,0.4,4,0
2023-06-03,center_jacksonville,Jacksonville,487,26.1,3.2,5,0
2023-06-04,center_jacksonville,Jacksonville,347,25.3,11.4,6,0
2023-06-05,center_jacksonville,Jacksonville,678,26.3,2.5,0,0
2023-06-06,center_jacksonville,Jacksonville,670,30.5,0.0,1,0
2023-06-07,center_jacksonville,Jacksonville,658,30.9,0.7,2,0
2023-06-08,center_jacksonville,Jacksonville,731,32.8,1.1,3,0
2023-06-09,center_jacksonville,Jacksonville,469,32.3,8.8,4,0
2023-06-10,center_jacksonville,Jacksonville,444,28.6,10.1,5,0
2023-06-11,center_jacksonville,Jacksonville,299,32.3,12.2,6,0
2023-06-12,center_jacksonville,Jacksonville,551,33.2,7.5,0,0
2023-06-13,center_jacksonville,Jacksonville,661,33.9,4.2,1,0
2023-06-14,center_jacksonville,Jacksonville,766,32.6,0.1,2,0
2023-06-15,center_jacksonville,Jacksonville,549,28.7,16.1,3,0
2023-06-16,center_jacksonville,Jacksonville,627,30.5,3.1,4,0
2023-06-17,center_jacksonville,Jacksonville,470,29.0,3.1,5,0
2023-06-18,center_jacksonville,Jacksonville,331,31.0,5.6,6,0
2023-06-19,center_jacksonville,Jacksonville,278,30.4,10.1,0,1
2023-06-20,center_jacksonville,Jacksonville,638,28.4,15.2,1,0
2023-06-21,center_jacksonville,Jacksonville,568,29.3,19.6,2,0
2023-06-22,center_jacksonville,Jacksonville,566,28.9,16.9,3,0
2023-06-23,center_jacksonville,Jacksonville,547,29.4,6.8,4,0
2023-06-24,center_jacksonville,Jacksonville,417,31.1,6.6,5,0
2023-06-25,center_jacksonville,Jacksonville,333,32.6,4.6,6,0
2023-06-26,center_jacksonville,Jacksonville,612,33.0,0.1,0,0
2023-06-27,center_jacksonville,Jacksonville,694,35.0,0.5,1,0
2023-06-28,center_jacksonville,Jacksonville,723,34.5,0.0,2,0
2023-06-29,center_jacksonville,Jacksonville,613,33.2,0.0,3,0
2023-06-30,center_jacksonville,Jacksonville,561,31.0,0.0,4,0
2023-07-01,center_jacksonville,Jacksonville,471,32.0,0.3,5,0
2023-07-02,center_jacksonville,Jacksonville,399,33.8,0.1,6,0
2023-07-03,center_jacksonville,Jacksonville,500,35.2,1.0,0,0
2023-07-04,center_jacksonville,Jacksonville,328,32.9,3.4,1,1
2023-07-05,center_jacksonville,Jacksonville,671,33.0,7.4,2,0
2023-07-06,center_jacksonville,Jacksonville,569,35.5,1.0,3,0
2023-07-07,center_jacksonville,Jacksonville,628,32.5,4.0,4,0
2023-07-08,center_jacksonville,Jacksonville,413,31.0,2.1,5,0
2023-07-09,center_jacksonville,Jacksonville,357,32.0,2.0,6,0
2023-07-10,center_jacksonville,Jacksonville,616,29.9,5.5,0,0
2023-07-11,center_jacksonville,Jacksonville,628,32.1,9.2,1,0
2023-07-12,center_jacksonville,Jacksonville,762,32.8,1.4,2,0
2023-07-13,center_jacksonville,Jacksonville,698,31.6,2.0,3,0
2023-07-14,center_jacksonville,Jacksonville,594,31.5,2.7,4,0
2023-07-15,center_jacksonville,Jacksonville,402,33.2,6.2,5,0
2023-07-16,center_jacksonville,Jacksonville,388,32.2,2.1,6,0
2023-07-17,center_jacksonville,Jacksonville,648,33.2,6.0,0,0
2023-07-18,center_jacksonville,Jacksonville,741,34.2,0.0,1,0
2023-07-19,center_jacksonville,Jacksonville,719,33.5,0.0,2,0
2023-07-20,center_jacksonville,Jacksonville,553,35.2,0.0,3,0
2023-07-21,center_jacksonville,Jacksonville,493,36.0,0.0,4,0
2023-07-22,center_jacksonville,Jacksonville,377,34.0,14.8,5,0
2023-07-23,center_jacksonville,Jacksonville,302,32.5,10.6,6,0
2023-07-24,center_jacksonville,Jacksonville,638,32.2,5.7,0,0
2023-07-25,center_jacksonville,Jacksonville,764,32.0,1.7,1,0
2023-07-26,center_jacksonville,Jacksonville,760,31.6,0.5,2,0
2023-07-27,center_jacksonville,Jacksonville,713,31.0,0.8,3,0
2023-07-28,center_jacksonville,Jacksonville,538,29.2,9.3,4,0
2023-07-29,center_jacksonville,Jacksonville,454,32.7,0.2,5,0
2023-07-30,center_jacksonville,Jacksonville,269,34.5,24.0,6,0
2023-07-31,center_jacksonville,Jacksonville,549,30.0,30.9,0,0
2023-08-01,center_jacksonville,Jacksonville,758,30.5,2.9,1,0
2023-08-02,center_jacksonville,Jacksonville,756,30.5,4.7,2,0
2023-08-03,center_jacksonville,Jacksonville,637,30.6,0.3,3,0
2023-08-04,center_jacksonville,Jacksonville,512,30.0,7.1,4,0
2023-08-05,center_jacksonville,Jacksonville,412,32.3,6.6,5,0
2023-08-06,center_jacksonville,Jacksonville,374,33.9,0.0,6,0
2023-08-07,center_jacksonville,Jacksonville,636,34.8,0.5,0,0
2023-08-08,center_jacksonville,Jacksonville,508,35.6,1.9,1,0
2023-08-09,center_jacksonville,Jacksonville,635,34.5,0.1,2,0
2023-08-10,center_jacksonville,Jacksonville,627,33.6,1.0,3,0
2023-08-11,center_jacksonville,Jacksonville,417,35.5,0.0,4,0
2023-08-12,center_jacksonville,Jacksonville,436,35.0,0.4,5,0
2023-08-13,center_jacksonville,Jacksonville,301,35.6,0.0,6,0
2023-08-14,center_jacksonville,Jacksonville,485,35.3,11.4,0,0
2023-08-15,center_jacksonville,Jacksonville,678,31.1,4.7,1,0
2023-08-16,center_jacksonville,Jacksonville,640,33.4,9.8,2,0
2023-08-17,center_jacksonville,Jacksonville,682,31.7,1.8,3,0
2023-08-18,center_jacksonville,Jacksonville,578,31.5,0.8,4,0
2023-08-19,center_jacksonville,Jacksonville,438,31.5,0.7,5,0
2023-08-20,center_jacksonville,Jacksonville,344,31.2,4.2,6,0
2023-08-21,center_jacksonville,Jacksonville,726,32.1,0.0,0,0
2023-08-22,center_jacksonville,Jacksonville,695,33.6,0.0,1,0
2023-08-23,center_jacksonville,Jacksonville,719,32.0,1.5,2,0
2023-08-24,center_jacksonville,Jacksonville,732,30.5,0.9,3,0
2023-08-25,center_jacksonville,Jacksonville,523,32.8,0.0,4,0
2023-08-26,center_jacksonville,Jacksonville,475,32.3,1.8,5,0
2023-08-27,center_jacksonville,Jacksonville,335,32.1,0.0,6,0
2023-08-28,center_jacksonville,Jacksonville,620,32.0,6.6,0,0
2023-08-29,center_jacksonville,Jacksonville,579,31.0,5.3,1,0
2023-08-30,center_jacksonville,Jacksonville,605,30.5,8.9,2,0
2023-08-31,center_jacksonville,Jacksonville,644,31.9,1.1,3,0
2023-09-01,center_jacksonville,Jacksonville,528,29.5,9.3,4,0
2023-09-02,center_jacksonville,Jacksonville,473,29.3,0.1,5,0
2023-09-03,center_jacksonville,Jacksonville,370,29.3,1.0,6,0
2023-09-04,center_jacksonville,Jacksonville,333,30.3,0.0,0,1
2023-09-05,center_jacksonville,Jacksonville,634,30.3,0.0,1,0
2023-09-06,center_jacksonville,Jacksonville,687,34.3,0.0,2,0
2023-09-07,center_jacksonville,Jacksonville,698,33.8,0.0,3,0
2023-09-08,center_jacksonville,Jacksonville,606,32.1,0.7,4,0
2023-09-09,center_jacksonville,Jacksonville,460,31.5,0.9,5,0
2023-09-10,center_jacksonville,Jacksonville,400,32.8,1.6,6,0
2023-09-11,center_jacksonville,Jacksonville,620,32.5,0.5,0,0
2023-09-12,center_jacksonville,Jacksonville,715,31.2,0.8,1,0
2023-09-13,center_jacksonville,Jacksonville,537,31.0,21.1,2,0
2023-09-14,center_jacksonville,Jacksonville,621,31.0,3.7,3,0
2023-09-15,center_jacksonville,Jacksonville,490,29.0,5.6,4,0
2023-09-16,center_jacksonville,Jacksonville,446,29.5,0.0,5,0
2023-09-17,center_jacksonville,Jacksonville,342,29.6,16.1,6,0
2023-09-18,center_jacksonville,Jacksonville,625,29.5,1.1,0,0
2023-09-19,center_jacksonville,Jacksonville,633,29.4,0.0,1,0
2023-09-20,center_jacksonville,Jacksonville,734,29.6,0.2,2,0
2023-09-21,center_jacksonville,Jacksonville,592,28.0,6.2,3,0
2023-09-22,center_jacksonville,Jacksonville,610,28.8,1.1,4,0
2023-09-23,center_jacksonville,Jacksonville,489,29.9,0.0,5,0
2023-09-24,center_jacksonville,Jacksonville,328,31.2,0.0,6,0
2023-09-25,center_jacksonville,Jacksonville,645,31.5,2.2,0,0
2023-09-26,center_jacksonville,Jacksonville,561,29.6,24.1,1,0
2023-09-27,center_jacksonville,Jacksonville,653,28.1,4.6,2,0
2023-09-28,center_jacksonville,Jacksonville,634,24.5,8.9,3,0
2023-09-29,center_jacksonville,Jacksonville,596,26.4,3.9,4,0
2023-09-30,center_jacksonville,Jacksonville,478,27.2,0.0,5,0
2023-10-01,center_jacksonville,Jacksonville,332,26.5,0.2,6,0
2023-10-02,center_jacksonville,Jacksonville,611,27.7,0.2,0,0
2023-10-03,center_jacksonville,Jacksonville,678,27.7,0.4,1,0
2023-10-04,center_jacksonville,Jacksonville,692,28.2,0.5,2,0
2023-10-05,center_jacksonville,Jacksonville,614,28.4,0.5,3,0
2023-10-06,center_jacksonville,Jacksonville,632,28.5,0.0,4,0
2023-10-07,center_jacksonville,Jacksonville,471,29.3,0.2,5,0
2023-10-08,center_jacksonville,Jacksonville,375,23.8,0.0,6,0
2023-10-09,center_jacksonville,Jacksonville,327,24.0,0.0,0,1
2023-10-10,center_jacksonville,Jacksonville,770,26.4,0.0,1,0
2023-10-11,center_jacksonville,Jacksonville,763,25.1,1.5,2,0
2023-10-12,center_jacksonville,Jacksonville,544,26.3,37.4,3,0
2023-10-13,center_jacksonville,Jacksonville,535,28.7,1.3,4,0
2023-10-14,center_jacksonville,Jacksonville,436,27.3,0.2,5,0
2023-10-15,center_jacksonville,Jacksonville,388,22.6,0.0,6,0
2023-10-16,center_jacksonville,Jacksonville,666,19.1,0.0,0,0
2023-10-17,center_jacksonville,Jacksonville,734,20.5,0.0,1,0
2023-10-18,center_jacksonville,Jacksonville,763,21.9,0.0,2,0
2023-10-19,center_jacksonville,Jacksonville,705,23.8,0.0,3,0
2023-10-20,center_jacksonville,Jacksonville,634,25.9,0.0,4,0
2023-10-21,center_jacksonville,Jacksonville,422,24.8,0.0,5,0
2023-10-22,center_jacksonville,Jacksonville,347,28.5,0.0,6,0
2023-10-23,center_jacksonville,Jacksonville,703,25.6,0.0,0,0
2023-10-24,center_jacksonville,Jacksonville,743,25.6,0.3,1,0
2023-10-25,center_jacksonville,Jacksonville,682,26.2,0.2,2,0
2023-10-26,center_jacksonville,Jacksonville,630,25.6,0.1,3,0
2023-10-27,center_jacksonville,Jacksonville,551,26.9,0.0,4,0
2023-10-28,center_jacksonville,Jacksonville,432,26.8,0.0,5,0
2023-10-29,center_jacksonville,Jacksonville,350,26.9,0.0,6,0
2023-10-30,center_jacksonville,Jacksonville,659,27.1,0.0,0,0
2023-10-31,center_jacksonville,Jacksonville,734,28.0,0.0,1,0
2023-11-01,center_jacksonville,Jacksonville,640,22.0,0.0,2,0
2023-11-02,center_jacksonville,Jacksonville,637,21.6,0.0,3,0
2023-11-03,center_jacksonville,Jacksonville,553,20.7,2.6,4,0
2023-11-04,center_jacksonville,Jacksonville,429,21.5,0.2,5,0
2023-11-05,center_jacksonville,Jacksonville,346,24.1,0.0,6,0
2023-11-06,center_jacksonville,Jacksonville,635,24.1,0.0,0,0
2023-11-07,center_jacksonville,Jacksonville,675,25.6,0.0,1,0
2023-11-08,center_jacksonville,Jacksonville,732,25.6,0.0,2,0
2023-11-09,center_jacksonville,Jacksonville,641,26.2,0.0,3,0
2023-11-10,center_jacksonville,Jacksonville,307,28.2,0.1,4,1
2023-11-11,center_jacksonville,Jacksonville,247,24.4,2.3,5,1
2023-11-12,center_jacksonville,Jacksonville,370,19.6,0.0,6,0
2023-11-13,center_jacksonville,Jacksonville,646,18.6,0.0,0,0
2023-11-14,center_jacksonville,Jacksonville,726,22.1,1.3,1,0
2023-11-15,center_jacksonville,Jacksonville,633,22.3,2.3,2,0
2023-11-16,center_jacksonville,Jacksonville,582,21.0,16.1,3,0
2023-11-17,center_jacksonville,Jacksonville,515,22.7,6.3,4,0
2023-11-18,center_jacksonville,Jacksonville,423,24.0,0.3,5,0
2023-11-19,center_jacksonville,Jacksonville,392,23.4,0.0,6,0
2023-11-20,center_jacksonville,Jacksonville,693,23.6,0.3,0,0
2023-11-21,center_jacksonville,Jacksonville,697,25.5,0.3,1,0
2023-11-22,center_jacksonville,Jacksonville,749,24.1,1.0,2,0
2023-11-23,center_jacksonville,Jacksonville,346,17.3,0.0,3,1
2023-11-24,center_jacksonville,Jacksonville,525,16.6,5.4,4,0
2023-11-25,center_jacksonville,Jacksonville,488,19.6,0.0,5,0
2023-11-26,center_jacksonville,Jacksonville,261,19.6,20.1,6,0
2023-11-27,center_jacksonville,Jacksonville,625,17.6,6.7,0,0
2023-11-28,center_jacksonville,Jacksonville,755,13.9,0.0,1,0
2023-11-29,center_jacksonville,Jacksonville,694,13.5,0.0,2,0
2023-11-30,center_jacksonville,Jacksonville,647,18.6,0.0,3,0
2023-12-01,center_jacksonville,Jacksonville,571,25.7,0.0,4,0
2023-12-02,center_jacksonville,Jacksonville,400,22.8,6.7,5,0
2023-12-03,center_jacksonville,Jacksonville,328,24.4,3.4,6,0
2023-12-04,center_jacksonville,Jacksonville,637,23.1,0.1,0,0
2023-12-05,center_jacksonville,Jacksonville,635,18.8,0.0,1,0
2023-12-06,center_jacksonville,Jacksonville,747,15.1,0.0,2,0
2023-12-07,center_jacksonville,Jacksonville,644,16.2,0.0,3,0
2023-12-08,center_jacksonville,Jacksonville,617,21.3,0.0,4,0
2023-12-09,center_jacksonville,Jacksonville,437,25.0,0.1,5,0
2023-12-10,center_jacksonville,Jacksonville,337,24.3,1.2,6,0
2023-12-11,center_jacksonville,Jacksonville,612,20.4,4.6,0,0
2023-12-12,center_jacksonville,Jacksonville,717,16.1,0.0,1,0
2023-12-13,center_jacksonville,Jacksonville,770,16.0,0.0,2,0
2023-12-14,center_jacksonville,Jacksonville,713,19.2,0.2,3,0
2023-12-15,center_jacksonville,Jacksonville,627,19.4,1.4,4,0
2023-12-16,center_jacksonville,Jacksonville,414,21.0,3.6,5,0
2023-12-17,center_jacksonville,Jacksonville,299,20.9,58.6,6,0
2023-12-18,center_jacksonville,Jacksonville,688,16.1,0.0,0,0
2023-12-19,center_jacksonville,Jacksonville,680,12.1,0.0,1,0
2023-12-20,center_jacksonville,Jacksonville,704,14.6,0.0,2,0
2023-12-21,center_jacksonville,Jacksonville,635,16.6,0.0,3,0
2023-12-22,center_jacksonville,Jacksonville,626,19.8,0.0,4,0
2023-12-23,center_jacksonville,Jacksonville,463,20.8,0.0,5,0
2023-12-24,center_jacksonville,Jacksonville,382,21.8,0.2,6,0
2023-12-25,center_jacksonville,Jacksonville,294,20.1,6.1,0,1
2023-12-26,center_jacksonville,Jacksonville,706,22.5,4.1,1,0
2023-12-27,center_jacksonville,Jacksonville,689,19.0,0.0,2,0
2023-12-28,center_jacksonville,Jacksonville,643,16.8,0.0,3,0
2023-12-29,center_jacksonville,Jacksonville,584,13.2,0.0,4,0
2023-12-30,center_jacksonville,Jacksonville,470,13.2,0.0,5,0
2023-12-31,center_jacksonville,Jacksonville,396,14.4,0.0,6,0
2020-01-01,center_la,Los Angeles,1471,17.8,0.0,2,1
2020-01-02,center_la,Los Angeles,2823,16.5,0.0,3,0
2020-01-03,center_la,Los Angeles,2444,19.5,0.0,4,0
2020-01-04,center_la,Los Angeles,1886,17.3,0.0,5,0
2020-01-05,center_la,Los Angeles,1524,20.1,0.0,6,0
2020-01-06,center_la,Los Angeles,2846,22.0,0.0,0,0
2020-01-07,center_la,Los Angeles,2869,22.5,0.0,1,0
2020-01-08,center_la,Los Angeles,2712,18.0,0.0,2,0
2020-01-09,center_la,Los Angeles,2715,14.6,0.0,3,0
2020-01-10,center_la,Los Angeles,2030,15.9,0.0,4,0
2020-01-11,center_la,Los Angeles,1756,15.1,0.0,5,0
2020-01-12,center_la,Los Angeles,1299,14.4,0.0,6,0
2020-01-13,center_la,Los Angeles,2739,14.8,0.0,0,0
2020-01-14,center_la,Los Angeles,2549,14.6,0.1,1,0
2020-01-15,center_la,Los Angeles,2525,14.9,0.0,2,0
2020-01-16,center_la,Los Angeles,2434,13.4,0.3,3,0
2020-01-17,center_la,Los Angeles,2205,15.1,11.2,4,0
2020-01-18,center_la,Los Angeles,1849,18.0,0.0,5,0
2020-01-19,center_la,Los Angeles,1418,19.6,0.0,6,0
2020-01-20,center_la,Los Angeles,1314,16.3,0.0,0,1
2020-01-21,center_la,Los Angeles,2703,14.5,2.1,1,0
2020-01-22,center_la,Los Angeles,2527,14.8,0.0,2,0
2020-01-23,center_la,Los Angeles,2745,18.3,0.0,3,0
2020-01-24,center_la,Los Angeles,2160,18.5,0.0,4,0
2020-01-25,center_la,Los Angeles,1636,17.2,0.0,5,0
2020-01-26,center_la,Los Angeles,1396,15.4,0.0,6,0
2020-01-27,center_la,Los Angeles,2543,22.6,0.0,0,0
2020-01-28,center_la,Los Angeles,2860,21.5,0.0,1,0
2020-01-29,center_la,Los Angeles,2937,22.4,0.0,2,0
2020-01-30,center_la,Los Angeles,2342,21.9,0.0,3,0
2020-01-31,center_la,Los Angeles,2081,23.5,0.0,4,0
2020-02-01,center_la,Los Angeles,1815,23.1,0.0,5,0
2020-02-02,center_la,Los Angeles,1551,19.7,0.0,6,0
2020-02-03,center_la,Los Angeles,2646,15.1,0.1,0,0
2020-02-04,center_la,Los Angeles,2494,14.1,0.0,1,0
2020-02-05,center_la,Los Angeles,2538,14.4,0.0,2,0
2020-02-06,center_la,Los Angeles,2622,15.8,0.0,3,0
2020-02-07,center_la,Los Angeles,2097,16.6,0.0,4,0
2020-02-08,center_la,Los Angeles,1887,16.2,0.0,5,0
2020-02-09,center_la,Los Angeles,1378,14.3,2.9,6,0
2020-02-10,center_la,Los Angeles,2412,19.4,1.0,0,0
2020-02-11,center_la,Los Angeles,2817,21.8,0.0,1,0
2020-02-12,center_la,Los Angeles,2492,17.1,0.0,2,0
2020-02-13,center_la,Los Angeles,2379,16.0,0.0,3,0
2020-02-14,center_la,Los Angeles,2106,16.9,0.0,4,0
2020-02-15,center_la,Los Angeles,1624,16.5,0.0,5,0
2020-02-16,center_la,Los Angeles,1349,17.0,0.0,6,0
2020-02-17,center_la,Los Angeles,1320,18.5,0.0,0,1
2020-02-18,center_la,Los Angeles,2747,17.9,0.0,1,0
2020-02-19,center_la,Los Angeles,2871,16.8,0.0,2,0
2020-02-20,center_la,Los Angeles,2349,22.0,0.0,3,0
2020-02-21,center_la,Los Angeles,2211,21.1,0.0,4,0
2020-02-22,center_la,Los Angeles,1515,18.2,5.9,5,0
2020-02-23,center_la,Los Angeles,1466,16.5,0.0,6,0
2020-02-24,center_la,Los Angeles,2438,16.1,0.0,0,0
2020-02-25,center_la,Los Angeles,2817,23.5,0.0,1,0
2020-02-26,center_la,Los Angeles,2848,24.0,0.0,2,0
2020-02-27,center_la,Los Angeles,2432,26.2,0.0,3,0
2020-02-28,center_la,Los Angeles,2223,27.3,0.0,4,0
2020-02-29,center_la,Los Angeles,1874,21.2,0.0,5,0
2020-03-01,center_la,Los Angeles,1504,15.7,0.1,6,0
2020-03-02,center_la,Los Angeles,2529,21.3,2.0,0,0
2020-03-03,center_la,Los Angeles,2775,26.8,0.0,1,0
2020-03-04,center_la,Los Angeles,2795,19.9,0.0,2,0
2020-03-05,center_la,Los Angeles,2667,17.6,0.0,3,0
2020-03-06,center_la,Los Angeles,2120,18.6,0.0,4,0
2020-03-07,center_la,Los Angeles,1760,15.2,1.4,5,0
2020-03-08,center_la,Los Angeles,1350,15.9,0.3,6,0
2020-03-09,center_la,Los Angeles,2633,20.8,0.0,0,0
2020-03-10,center_la,Los Angeles,2425,20.5,15.6,1,0
2020-03-11,center_la,Los Angeles,2363,17.6,9.6,2,0
2020-03-12,center_la,Los Angeles,2366,17.9,6.0,3,0
2020-03-13,center_la,Los Angeles,1607,14.7,30.1,4,0
2020-03-14,center_la,Los Angeles,1937,14.4,4.4,5,0
2020-03-15,center_la,Los Angeles,1432,14.9,1.9,6,0
2020-03-16,center_la,Los Angeles,2789,14.9,3.6,0,0
2020-03-17,center_la,Los Angeles,2527,12.6,7.9,1,0
2020-03-18,center_la,Los Angeles,2739,15.4,0.1,2,0
2020-03-19,center_la,Los Angeles,2591,14.9,0.3,3,0
2020-03-20,center_la,Los Angeles,2109,14.9,2.1,4,0
2020-03-21,center_la,Los Angeles,1944,15.4,1.3,5,0
2020-03-22,center_la,Los Angeles,1373,17.8,0.1,6,0
2020-03-23,center_la,Los Angeles,1903,15.2,31.4,0,0
2020-03-24,center_la,Los Angeles,2718,15.9,0.9,1,0
2020-03-25,center_la,Los Angeles,2777,14.6,0.5,2,0
2020-03-26,center_la,Los Angeles,2819,14.1,0.0,3,0
2020-03-27,center_la,Los Angeles,2239,15.1,0.2,4,0
2020-03-28,center_la,Los Angeles,1761,15.9,0.0,5,0
2020-03-29,center_la,Los Angeles,1387,15.9,0.0,6,0
2020-03-30,center_la,Los Angeles,2769,17.8,0.0,0,0
2020-03-31,center_la,Los Angeles,2823,19.5,0.0,1,0
2020-04-01,center_la,Los Angeles,2653,19.1,0.0,2,0
2020-04-02,center_la,Los Angeles,2661,19.1,0.2,3,0
2020-04-03,center_la,Los Angeles,2235,17.5,0.0,4,0
2020-04-04,center_la,Los Angeles,1763,17.1,0.2,5,0
2020-04-05,center_la,Los Angeles,1377,15.9,0.2,6,0
2020-04-06,center_la,Los Angeles,1770,14.8,31.3,0,0
2020-04-07,center_la,Los Angeles,2747,15.2,4.0,1,0
2020-04-08,center_la,Los Angeles,2397,13.6,16.6,2,0
2020-04-09,center_la,Los Angeles,2483,13.4,17.7,3,0
2020-04-10,center_la,Los Angeles,2179,14.1,17.7,4,0
2020-04-11,center_la,Los Angeles,1730,17.9,2.0,5,0
2020-04-12,center_la,Los Angeles,1306,15.4,1.4,6,0
2020-04-13,center_la,Los Angeles,2809,15.6,0.4,0,0
2020-04-14,center_la,Los Angeles,2829,18.6,0.0,1,0
2020-04-15,center_la,Los Angeles,2707,21.5,0.0,2,0
2020-04-16,center_la,Los Angeles,2442,19.8,0.0,3,0
2020-04-17,center_la,Los Angeles,2336,16.9,0.5,4,0
2020-04-18,center_la,Los Angeles,1848,16.0,0.5,5,0
2020-04-19,center_la,Los Angeles,1422,16.1,0.0,6,0
2020-04-20,center_la,Los Angeles,2517,15.8,0.0,0,0
2020-04-21,center_la,Los Angeles,2448,17.9,0.0,1,0
2020-04-22,center_la,Los Angeles,2960,22.8,0.0,2,0
2020-04-23,center_la,Los Angeles,2377,29.7,0.0,3,0
2020-04-24,center_la,Los Angeles,2404,27.4,0.0,4,0
2020-04-25,center_la,Los Angeles,1821,28.0,0.0,5,0
2020-04-26,center_la,Los Angeles,1390,24.1,0.0,6,0
2020-04-27,center_la,Los Angeles,2648,21.8,0.0,0,0
2020-04-28,center_la,Los Angeles,2464,23.8,0.0,1,0
2020-04-29,center_la,Los Angeles,2908,22.9,0.0,2,0
2020-04-30,center_la,Los Angeles,2640,20.0,0.0,3,0
2020-05-01,center_la,Los Angeles,2042,21.1,0.0,4,0
2020-05-02,center_la,Los Angeles,1868,21.8,0.0,5,0
2020-05-03,center_la,Los Angeles,1514,20.6,0.0,6,0
2020-05-04,center_la,Los Angeles,2367,23.2,0.0,0,0
2020-05-05,center_la,Los Angeles,2673,24.9,0.0,1,0
2020-05-06,center_la,Los Angeles,2560,27.4,0.0,2,0
2020-05-07,center_la,Los Angeles,2695,29.5,0.0,3,0
2020-05-08,center_la,Los Angeles,2180,24.2,0.0,4,0
2020-05-09,center_la,Los Angeles,1632,22.0,0.0,5,0
2020-05-10,center_la,Los Angeles,1448,19.3,0.0,6,0
2020-05-11,center_la,Los Angeles,2620,19.0,0.0,0,0
2020-05-12,center_la,Los Angeles,2924,19.2,0.0,1,0
2020-05-13,center_la,Los Angeles,2713,20.9,0.0,2,0
2020-05-14,center_la,Los Angeles,2430,22.6,0.0,3,0
2020-05-15,center_la,Los Angeles,2107,22.0,0.0,4,0
2020-05-16,center_la,Los Angeles,1865,23.0,0.0,5,0
2020-05-17,center_la,Los Angeles,1513,22.6,0.0,6,0
2020-05-18,center_la,Los Angeles,2446,20.2,2.8,0,0
2020-05-19,center_la,Los Angeles,2698,19.8,0.2,1,0
2020-05-20,center_la,Los Angeles,2559,19.6,0.0,2,0
2020-05-21,center_la,Los Angeles,2655,23.1,0.0,3,0
2020-05-22,center_la,Los Angeles,2449,23.0,0.0,4,0
2020-05-23,center_la,Los Angeles,1734,20.3,0.0,5,0
2020-05-24,center_la,Los Angeles,1297,21.5,0.0,6,0
2020-05-25,center_la,Los Angeles,1324,21.5,0.0,0,1
2020-05-26,center_la,Los Angeles,2772,23.2,0.0,1,0
2020-05-27,center_la,Los Angeles,2778,22.1,0.0,2,0
2020-05-28,center_la,Los Angeles,2628,19.5,0.0,3,0
2020-05-29,center_la,Los Angeles,2369,20.8,0.0,4,0
2020-05-30,center_la,Los Angeles,1684,21.0,0.0,5,0
2020-05-31,center_la,Los Angeles,1470,20.5,0.0,6,0
2020-06-01,center_la,Los Angeles,2456,25.8,0.0,0,0
2020-06-02,center_la,Los Angeles,2543,25.7,0.0,1,0
2020-06-03,center_la,Los Angeles,2944,26.7,0.0,2,0
2020-06-04,center_la,Los Angeles,2730,23.7,0.0,3,0
2020-06-05,center_la,Los Angeles,2442,22.0,0.3,4,0
2020-06-06,center_la,Los Angeles,1693,19.2,0.0,5,0
2020-06-07,center_la,Los Angeles,1335,23.3,0.0,6,0
2020-06-08,center_la,Los Angeles,2737,28.9,0.0,0,0
2020-06-09,center_la,Los Angeles,2520,31.1,0.0,1,0
2020-06-10,center_la,Los Angeles,2603,31.0,0.0,2,0
2020-06-11,center_la,Los Angeles,2704,26.4,0.0,3,0
2020-06-12,center_la,Los Angeles,2207,21.6,0.0,4,0
2020-06-13,center_la,Los Angeles,1885,22.0,0.0,5,0
2020-06-14,center_la,Los Angeles,1501,22.8,0.0,6,0
2020-06-15,center_la,Los Angeles,2716,23.2,0.0,0,0
2020-06-16,center_la,Los Angeles,2932,21.1,0.0,1,0
2020-06-17,center_la,Los Angeles,2762,22.5,0.0,2,0
2020-06-18,center_la,Los Angeles,2539,21.5,0.0,3,0
2020-06-19,center_la,Los Angeles,2287,20.4,0.0,4,0
2020-06-20,center_la,Los Angeles,1645,20.0,0.0,5,0
2020-06-21,center_la,Los Angeles,1279,20.4,0.0,6,0
2020-06-22,center_la,Los Angeles,2615,22.1,0.0,0,0
2020-06-23,center_la,Los Angeles,2643,21.5,0.0,1,0
2020-06-24,center_la,Los Angeles,2839,21.2,0.0,2,0
2020-06-25,center_la,Los Angeles,2633,21.5,0.0,3,0
2020-06-26,center_la,Los Angeles,2205,21.4,0.0,4,0
2020-06-27,center_la,Los Angeles,1889,20.9,0.0,5,0
2020-06-28,center_la,Los Angeles,1520,20.0,0.1,6,0
2020-06-29,center_la,Los Angeles,2559,20.2,1.1,0,0
2020-06-30,center_la,Los Angeles,2900,20.5,0.0,1,0
2020-07-01,center_la,Los Angeles,2781,21.0,0.0,2,0
2020-07-02,center_la,Los Angeles,2728,22.6,0.0,3,0
2020-07-03,center_la,Los Angeles,1029,23.4,0.0,4,1
2020-07-04,center_la,Los Angeles,841,24.0,0.0,5,1
2020-07-05,center_la,Los Angeles,1321,26.4,0.0,6,0
2020-07-06,center_la,Los Angeles,2568,26.5,0.0,0,0
2020-07-07,center_la,Los Angeles,2667,25.2,0.0,1,0
2020-07-08,center_la,Los Angeles,2826,25.2,0.0,2,0
2020-07-09,center_la,Los Angeles,2645,23.4,0.0,3,0
2020-07-10,center_la,Los Angeles,2433,24.5,0.0,4,0
2020-07-11,center_la,Los Angeles,1692,26.7,0.0,5,0
2020-07-12,center_la,Los Angeles,1370,27.5,0.0,6,0
2020-07-13,center_la,Los Angeles,2556,26.5,0.0,0,0
2020-07-14,center_la,Los Angeles,2569,22.8,0.0,1,0
2020-07-15,center_la,Los Angeles,2914,21.6,0.0,2,0
2020-07-16,center_la,Los Angeles,2574,22.1,0.0,3,0
2020-07-17,center_la,Los Angeles,2108,22.2,0.0,4,0
2020-07-18,center_la,Los Angeles,1778,23.4,0.0,5,0
2020-07-19,center_la,Los Angeles,1306,22.8,0.0,6,0
2020-07-20,center_la,Los Angeles,2680,23.2,0.0,0,0
2020-07-21,center_la,Los Angeles,2812,23.8,0.0,1,0
2020-07-22,center_la,Los Angeles,2955,20.7,0.0,2,0
2020-07-23,center_la,Los Angeles,2735,21.8,0.0,3,0
2020-07-24,center_la,Los Angeles,2314,22.2,0.0,4,0
2020-07-25,center_la,Los Angeles,1792,22.9,0.0,5,0
2020-07-26,center_la,Los Angeles,1360,23.0,0.0,6,0
2020-07-27,center_la,Los Angeles,2627,21.6,0.0,0,0
2020-07-28,center_la,Los Angeles,2807,22.1,0.0,1,0
2020-07-29,center_la,Los Angeles,2492,22.0,0.0,2,0
2020-07-30,center_la,Los Angeles,2638,23.8,0.0,3,0
2020-07-31,center_la,Los Angeles,2110,23.9,0.0,4,0
2020-08-01,center_la,Los Angeles,1661,28.5,0.0,5,0
2020-08-02,center_la,Los Angeles,1279,26.2,0.0,6,0
2020-08-03,center_la,Los Angeles,2559,23.9,0.0,0,0
2020-08-04,center_la,Los Angeles,2752,22.9,0.0,1,0
2020-08-05,center_la,Los Angeles,2646,23.0,0.0,2,0
2020-08-06,center_la,Los Angeles,2662,22.3,0.1,3,0
2020-08-07,center_la,Los Angeles,2417,22.5,0.0,4,0
2020-08-08,center_la,Los Angeles,1777,22.0,0.0,5,0
2020-08-09,center_la,Los Angeles,1531,21.9,0.0,6,0
2020-08-10,center_la,Los Angeles,2440,22.0,0.0,0,0
2020-08-11,center_la,Los Angeles,2981,23.4,0.0,1,0
2020-08-12,center_la,Los Angeles,2694,24.9,0.0,2,0
2020-08-13,center_la,Los Angeles,2813,26.1,0.0,3,0
2020-08-14,center_la,Los Angeles,2111,27.8,0.0,4,0
2020-08-15,center_la,Los Angeles,1610,30.4,0.0,5,0
2020-08-16,center_la,Los Angeles,1490,29.6,0.0,6,0
2020-08-17,center_la,Los Angeles,2372,29.1,0.0,0,0
2020-08-18,center_la,Los Angeles,2790,30.8,0.0,1,0
2020-08-19,center_la,Los Angeles,2610,29.3,0.0,2,0
2020-08-20,center_la,Los Angeles,2709,28.9,0.0,3,0
2020-08-21,center_la,Los Angeles,2439,28.5,0.0,4,0
2020-08-22,center_la,Los Angeles,1915,30.0,0.0,5,0
2020-08-23,center_la,Los Angeles,1385,27.5,0.0,6,0
2020-08-24,center_la,Los Angeles,2773,26.0,0.0,0,0
2020-08-25,center_la,Los Angeles,2541,27.7,0.0,1,0
2020-08-26,center_la,Los Angeles,2485,26.8,0.0,2,0
2020-08-27,center_la,Los Angeles,2836,27.8,0.0,3,0
2020-08-28,center_la,Los Angeles,2176,25.1,0.0,4,0
2020-08-29,center_la,Los Angeles,1848,23.5,0.0,5,0
2020-08-30,center_la,Los Angeles,1435,21.9,0.0,6,0
2020-08-31,center_la,Los Angeles,2776,21.6,0.0,0,0
2020-09-01,center_la,Los Angeles,2497,21.6,0.0,1,0
2020-09-02,center_la,Los Angeles,2620,23.1,0.0,2,0
2020-09-03,center_la,Los Angeles,2764,24.5,0.0,3,0
2020-09-04,center_la,Los Angeles,2127,26.7,0.0,4,0
2020-09-05,center_la,Los Angeles,1911,33.7,0.0,5,0
2020-09-06,center_la,Los Angeles,1209,37.8,0.0,6,0
2020-09-07,center_la,Los Angeles,1272,31.8,0.0,0,1
2020-09-08,center_la,Los Angeles,2801,26.6,0.1,1,0
2020-09-09,center_la,Los Angeles,2783,26.8,0.0,2,0
2020-09-10,center_la,Los Angeles,2794,28.2,0.0,3,0
2020-09-11,center_la,Los Angeles,2392,27.9,0.0,4,0
2020-09-12,center_la,Los Angeles,1741,26.7,0.0,5,0
2020-09-13,center_la,Los Angeles,1296,25.5,0.0,6,0
2020-09-14,center_la,Los Angeles,2603,25.8,0.0,0,0
2020-09-15,center_la,Los Angeles,2596,26.5,0.0,1,0
2020-09-16,center_la,Los Angeles,2488,28.5,0.0,2,0
2020-09-17,center_la,Los Angeles,2664,27.0,0.0,3,0
2020-09-18,center_la,Los Angeles,2276,28.4,0.0,4,0
2020-09-19,center_la,Los Angeles,1838,27.1,0.0,5,0
2020-09-20,center_la,Los Angeles,1485,24.5,0.0,6,0
2020-09-21,center_la,Los Angeles,2363,23.2,0.0,0,0
2020-09-22,center_la,Los Angeles,2955,23.1,0.0,1,0
2020-09-23,center_la,Los Angeles,2569,24.2,0.0,2,0
2020-09-24,center_la,Los Angeles,2744,26.6,0.0,3,0
2020-09-25,center_la,Los Angeles,2081,24.8,0.0,4,0
2020-09-26,center_la,Los Angeles,1674,24.9,0.0,5,0
2020-09-27,center_la,Los Angeles,1377,24.2,0.0,6,0
2020-09-28,center_la,Los Angeles,2818,24.0,0.0,0,0
2020-09-29,center_la,Los Angeles,2643,28.0,0.0,1,0
2020-09-30,center_la,Los Angeles,2315,38.0,0.0,2,0
2020-10-01,center_la,Los Angeles,2363,34.5,0.0,3,0
2020-10-02,center_la,Los Angeles,2079,32.0,0.0,4,0
2020-10-03,center_la,Los Angeles,1871,30.4,0.0,5,0
2020-10-04,center_la,Los Angeles,1547,29.5,0.0,6,0
2020-10-05,center_la,Los Angeles,2770,28.0,0.0,0,0
2020-10-06,center_la,Los Angeles,2456,28.0,0.0,1,0
2020-10-07,center_la,Los Angeles,2748,24.9,0.0,2,0
2020-10-08,center_la,Los Angeles,2677,22.7,0.0,3,0
2020-10-09,center_la,Los Angeles,2147,22.5,0.0,4,0
2020-10-10,center_la,Los Angeles,1930,22.1,0.0,5,0
2020-10-11,center_la,Los Angeles,1472,22.9,0.0,6,0
2020-10-12,center_la,Los Angeles,1327,28.1,0.0,0,1
2020-10-13,center_la,Los Angeles,2746,30.6,0.0,1,0
2020-10-14,center_la,Los Angeles,2820,30.5,0.0,2,0
2020-10-15,center_la,Los Angeles,2506,29.2,0.0,3,0
2020-10-16,center_la,Los Angeles,2222,28.8,0.0,4,0
2020-10-17,center_la,Los Angeles,1726,28.1,0.0,5,0
2020-10-18,center_la,Los Angeles,1400,25.9,0.0,6,0
2020-10-19,center_la,Los Angeles,2441,23.6,0.0,0,0
2020-10-20,center_la,Los Angeles,2761,23.1,0.0,1,0
2020-10-21,center_la,Los Angeles,2719,22.8,0.0,2,0
2020-10-22,center_la,Los Angeles,2565,21.5,0.0,3,0
2020-10-23,center_la,Los Angeles,2157,21.3,0.0,4,0
2020-10-24,center_la,Los Angeles,1694,20.2,0.1,5,0
2020-10-25,center_la,Los Angeles,1496,19.2,0.4,6,0
2020-10-26,center_la,Los Angeles,2444,23.4,0.0,0,0
2020-10-27,center_la,Los Angeles,2685,24.7,0.0,1,0
2020-10-28,center_la,Los Angeles,2516,22.5,0.0,2,0
2020-10-29,center_la,Los Angeles,2519,24.5,0.0,3,0
2020-10-30,center_la,Los Angeles,2172,25.2,0.0,4,0
2020-10-31,center_la,Los Angeles,1915,25.9,0.0,5,0
2020-11-01,center_la,Los Angeles,1488,26.2,0.0,6,0
2020-11-02,center_la,Los Angeles,2706,25.2,0.0,0,0
2020-11-03,center_la,Los Angeles,2787,23.4,0.0,1,0
2020-11-04,center_la,Los Angeles,2668,23.6,0.0,2,0
2020-11-05,center_la,Los Angeles,2381,31.4,0.0,3,0
2020-11-06,center_la,Los Angeles,2231,25.9,0.0,4,0
2020-11-07,center_la,Los Angeles,1887,18.2,1.7,5,0
2020-11-08,center_la,Los Angeles,1508,15.9,0.1,6,0
2020-11-09,center_la,Los Angeles,2622,15.8,0.0,0,0
2020-11-10,center_la,Los Angeles,2461,17.4,0.0,1,0
2020-11-11,center_la,Los Angeles,1223,19.1,0.0,2,1
2020-11-12,center_la,Los Angeles,2467,19.0,0.0,3,0
2020-11-13,center_la,Los Angeles,2178,17.1,0.0,4,0
2020-11-14,center_la,Los Angeles,1616,17.4,0.0,5,0
2020-11-15,center_la,Los Angeles,1369,26.2,0.0,6,0
2020-11-16,center_la,Los Angeles,2719,30.0,0.0,0,0
2020-11-17,center_la,Los Angeles,2690,23.8,0.0,1,0
2020-11-18,center_la,Los Angeles,2575,17.6,0.0,2,0
2020-11-19,center_la,Los Angeles,2686,17.9,0.0,3,0
2020-11-20,center_la,Los Angeles,2138,21.0,0.0,4,0
2020-11-21,center_la,Los Angeles,1813,22.8,0.0,5,0
2020-11-22,center_la,Los Angeles,1526,21.2,0.0,6,0
2020-11-23,center_la,Los Angeles,2541,17.0,0.0,0,0
2020-11-24,center_la,Los Angeles,2777,18.6,0.0,1,0
2020-11-25,center_la,Los Angeles,2684,17.1,0.0,2,0
2020-11-26,center_la,Los Angeles,1242,18.2,0.0,3,1
2020-11-27,center_la,Los Angeles,2412,19.4,0.0,4,0
2020-11-28,center_la,Los Angeles,1725,20.8,0.0,5,0
2020-11-29,center_la,Los Angeles,1394,21.7,0.0,6,0
2020-11-30,center_la,Los Angeles,2620,23.1,0.0,0,0
2020-12-01,center_la,Los Angeles,2680,23.1,0.0,1,0
2020-12-02,center_la,Los Angeles,2447,23.4,0.0,2,0
2020-12-03,center_la,Los Angeles,2706,21.7,0.0,3,0
2020-12-04,center_la,Los Angeles,2129,21.3,0.0,4,0
2020-12-05,center_la,Los Angeles,1883,21.0,0.0,5,0
2020-12-06,center_la,Los Angeles,1419,20.0,0.0,6,0
2020-12-07,center_la,Los Angeles,2532,22.6,0.0,0,0
2020-12-08,center_la,Los Angeles,2747,26.9,0.0,1,0
2020-12-09,center_la,Los Angeles,2574,26.5,0.0,2,0
2020-12-10,center_la,Los Angeles,2418,17.6,0.0,3,0
2020-12-11,center_la,Los Angeles,2064,15.3,0.0,4,0
2020-12-12,center_la,Los Angeles,1945,17.1,0.0,5,0
2020-12-13,center_la,Los Angeles,1339,18.5,0.0,6,0
2020-12-14,center_la,Los Angeles,2690,16.3,0.0,0,0
2020-12-15,center_la,Los Angeles,2479,18.8,0.0,1,0
2020-12-16,center_la,Los Angeles,2571,20.6,0.0,2,0
2020-12-17,center_la,Los Angeles,2845,16.6,0.0,3,0
2020-12-18,center_la,Los Angeles,2024,18.2,0.0,4,0
2020-12-19,center_la,Los Angeles,1928,19.6,0.0,5,0
2020-12-20,center_la,Los Angeles,1406,23.1,0.0,6,0
2020-12-21,center_la,Los Angeles,2414,24.5,0.0,0,0
2020-12-22,center_la,Los Angeles,2743,20.5,0.0,1,0
2020-12-23,center_la,Los Angeles,2544,18.5,0.0,2,0
2020-12-24,center_la,Los Angeles,2552,19.2,0.7,3,0
2020-12-25,center_la,Los Angeles,1100,21.3,0.0,4,1
2020-12-26,center_la,Los Angeles,1634,17.9,0.0,5,0
2020-12-27,center_la,Los Angeles,1467,15.8,0.5,6,0
2020-12-28,center_la,Los Angeles,1775,13.9,22.0,0,0
2020-12-29,center_la,Los Angeles,2566,16.1,4.4,1,0
2020-12-30,center_la,Los Angeles,2516,16.5,0.0,2,0
2020-12-31,center_la,Los Angeles,2552,16.1,0.0,3,0
2021-01-01,center_la,Los Angeles,1136,19.8,0.0,4,1
2021-01-02,center_la,Los Angeles,1703,16.9,0.0,5,0
2021-01-03,center_la,Los Angeles,1409,15.1,0.0,6,0
2021-01-04,center_la,Los Angeles,2362,14.7,0.0,0,0
2021-01-05,center_la,Los Angeles,2640,13.4,0.0,1,0
2021-01-06,center_la,Los Angeles,2715,17.4,0.0,2,0
2021-01-07,center_la,Los Angeles,2595,19.8,0.0,3,0
2021-01-08,center_la,Los Angeles,2248,18.5,0.0,4,0
2021-01-09,center_la,Los Angeles,1634,22.1,0.0,5,0
2021-01-10,center_la,Los Angeles,1451,18.9,0.0,6,0
2021-01-11,center_la,Los Angeles,2726,19.5,0.0,0,0
2021-01-12,center_la,Los Angeles,2980,20.0,0.0,1,0
2021-01-13,center_la,Los Angeles,2569,21.4,0.0,2,0
2021-01-14,center_la,Los Angeles,2469,25.1,0.0,3,0
2021-01-15,center_la,Los Angeles,2186,29.5,0.0,4,0
2021-01-16,center_la,Los Angeles,1823,28.0,0.0,5,0
2021-01-17,center_la,Los Angeles,1470,26.7,0.0,6,0
2021-01-18,center_la,Los Angeles,1298,22.6,0.0,0,1
2021-01-19,center_la,Los Angeles,2663,20.0,0.0,1,0
2021-01-20,center_la,Los Angeles,2720,22.4,0.0,2,0
2021-01-21,center_la,Los Angeles,2536,22.7,0.0,3,0
2021-01-22,center_la,Los Angeles,2353,16.1,0.0,4,0
2021-01-23,center_la,Los Angeles,1456,13.1,7.4,5,0
2021-01-24,center_la,Los Angeles,1488,13.0,2.6,6,0
2021-01-25,center_la,Los Angeles,2571,12.1,4.2,0,0
2021-01-26,center_la,Los Angeles,2460,11.8,0.0,1,0
2021-01-27,center_la,Los Angeles,2859,12.9,0.2,2,0
2021-01-28,center_la,Los Angeles,2557,16.1,0.0,3,0
2021-01-29,center_la,Los Angeles,1555,13.9,27.4,4,0
2021-01-30,center_la,Los Angeles,1745,14.1,0.6,5,0
2021-01-31,center_la,Los Angeles,1395,18.6,0.0,6,0
2021-02-01,center_la,Los Angeles,2459,17.3,0.0,0,0
2021-02-02,center_la,Los Angeles,2725,18.0,0.0,1,0
2021-02-03,center_la,Los Angeles,2934,16.7,0.0,2,0
2021-02-04,center_la,Los Angeles,2700,15.6,0.8,3,0
2021-02-05,center_la,Los Angeles,2113,16.0,0.0,4,0
2021-02-06,center_la,Los Angeles,1636,19.3,0.0,5,0
2021-02-07,center_la,Los Angeles,1470,19.1,0.0,6,0
2021-02-08,center_la,Los Angeles,2561,15.4,0.0,0,0
2021-02-09,center_la,Los Angeles,2941,13.4,0.0,1,0
2021-02-10,center_la,Los Angeles,2944,14.4,0.3,2,0
2021-02-11,center_la,Los Angeles,2482,16.5,0.0,3,0
2021-02-12,center_la,Los Angeles,2061,18.6,0.8,4,0
2021-02-13,center_la,Los Angeles,1830,17.6,0.0,5,0
2021-02-14,center_la,Los Angeles,1450,18.8,0.0,6,0
2021-02-15,center_la,Los Angeles,1347,17.7,0.0,0,1
2021-02-16,center_la,Los Angeles,2788,19.3,0.0,1,0
2021-02-17,center_la,Los Angeles,2954,19.6,0.0,2,0
2021-02-18,center_la,Los Angeles,2366,19.1,0.0,3,0
2021-02-19,center_la,Los Angeles,2209,17.9,0.0,4,0
2021-02-20,center_la,Los Angeles,1787,18.4,0.0,5,0
2021-02-21,center_la,Los Angeles,1491,21.2,0.0,6,0
2021-02-22,center_la,Los Angeles,2498,23.6,0.0,0,0
2021-02-23,center_la,Los Angeles,2951,23.2,0.0,1,0
2021-02-24,center_la,Los Angeles,2880,21.2,0.0,2,0
2021-02-25,center_la,Los Angeles,2614,21.0,0.0,3,0
2021-02-26,center_la,Los Angeles,2360,20.9,0.0,4,0
2021-02-27,center_la,Los Angeles,1660,21.5,0.0,5,0
2021-02-28,center_la,Los Angeles,1477,20.0,0.0,6,0
2021-03-01,center_la,Los Angeles,2758,22.3,0.0,0,0
2021-03-02,center_la,Los Angeles,2588,22.2,0.0,1,0
2021-03-03,center_la,Los Angeles,2913,17.4,4.0,2,0
2021-03-04,center_la,Los Angeles,2776,15.6,0.1,3,0
2021-03-05,center_la,Los Angeles,2080,19.0,0.0,4,0
2021-03-06,center_la,Los Angeles,1724,17.6,0.0,5,0
2021-03-07,center_la,Los Angeles,1549,15.9,0.0,6,0
2021-03-08,center_la,Los Angeles,2648,15.4,0.0,0,0
2021-03-09,center_la,Los Angeles,2505,16.0,0.0,1,0
2021-03-10,center_la,Los Angeles,2242,14.1,6.0,2,0
2021-03-11,center_la,Los Angeles,2355,11.5,4.2,3,0
2021-03-12,center_la,Los Angeles,2173,12.2,2.4,4,0
2021-03-13,center_la,Los Angeles,1947,13.8,0.6,5,0
2021-03-14,center_la,Los Angeles,1505,14.2,0.0,6,0
2021-03-15,center_la,Los Angeles,2477,13.1,5.6,0,0
2021-03-16,center_la,Los Angeles,2577,13.3,0.2,1,0
2021-03-17,center_la,Los Angeles,2697,13.9,0.0,2,0
2021-03-18,center_la,Los Angeles,2638,15.4,0.2,3,0
2021-03-19,center_la,Los Angeles,2416,18.0,0.0,4,0
2021-03-20,center_la,Los Angeles,1626,18.0,0.0,5,0
2021-03-21,center_la,Los Angeles,1551,18.5,0.0,6,0
2021-03-22,center_la,Los Angeles,2583,19.0,0.0,0,0
2021-03-23,center_la,Los Angeles,2982,19.5,0.0,1,0
2021-03-24,center_la,Los Angeles,2603,21.5,0.0,2,0
2021-03-25,center_la,Los Angeles,2582,19.2,0.0,3,0
2021-03-26,center_la,Los Angeles,2137,16.1,0.0,4,0
2021-03-27,center_la,Los Angeles,1914,20.5,0.0,5,0
2021-03-28,center_la,Los Angeles,1449,25.5,0.0,6,0
2021-03-29,center_la,Los Angeles,2407,23.3,0.0,0,0
2021-03-30,center_la,Los Angeles,2808,20.8,0.0,1,0
2021-03-31,center_la,Los Angeles,2690,28.2,0.0,2,0
2021-04-01,center_la,Los Angeles,2557,29.4,0.0,3,0
2021-04-02,center_la,Los Angeles,2165,24.5,0.0,4,0
2021-04-03,center_la,Los Angeles,1597,17.3,0.0,5,0
2021-04-04,center_la,Los Angeles,1292,19.5,0.0,6,0
2021-04-05,center_la,Los Angeles,2787,19.2,0.0,0,0
2021-04-06,center_la,Los Angeles,2460,18.6,0.0,1,0
2021-04-07,center_la,Los Angeles,2724,20.3,0.0,2,0
2021-04-08,center_la,Los Angeles,2833,21.5,0.0,3,0
2021-04-09,center_la,Los Angeles,2131,20.3,0.0,4,0
2021-04-10,center_la,Los Angeles,1900,21.2,0.0,5,0
2021-04-11,center_la,Los Angeles,1552,19.4,0.0,6,0
2021-04-12,center_la,Los Angeles,2400,18.3,0.0,0,0
2021-04-13,center_la,Los Angeles,2550,15.9,0.2,1,0
2021-04-14,center_la,Los Angeles,2973,14.8,0.4,2,0
2021-04-15,center_la,Los Angeles,2749,16.8,0.0,3,0
2021-04-16,center_la,Los Angeles,2204,18.6,0.0,4,0
2021-04-17,center_la,Los Angeles,1826,18.8,0.0,5,0
2021-04-18,center_la,Los Angeles,1336,32.0,0.0,6,0
2021-04-19,center_la,Los Angeles,2720,27.3,0.0,0,0
2021-04-20,center_la,Los Angeles,2452,20.5,0.0,1,0
2021-04-21,center_la,Los Angeles,2690,17.0,0.1,2,0
2021-04-22,center_la,Los Angeles,2447,15.7,0.0,3,0
2021-04-23,center_la,Los Angeles,2036,16.1,0.0,4,0
2021-04-24,center_la,Los Angeles,1685,16.1,0.0,5,0
2021-04-25,center_la,Los Angeles,1443,16.8,0.0,6,0
2021-04-26,center_la,Los Angeles,2494,16.6,0.1,0,0
2021-04-27,center_la,Los Angeles,2935,16.9,0.0,1,0
2021-04-28,center_la,Los Angeles,2513,26.6,0.0,2,0
2021-04-29,center_la,Los Angeles,2618,25.1,0.0,3,0
2021-04-30,center_la,Los Angeles,2078,26.0,0.0,4,0
2021-05-01,center_la,Los Angeles,1742,21.5,0.0,5,0
2021-05-02,center_la,Los Angeles,1532,19.1,0.0,6,0
2021-05-03,center_la,Los Angeles,2503,21.9,0.0,0,0
2021-05-04,center_la,Los Angeles,2476,22.2,0.0,1,0
2021-05-05,center_la,Los Angeles,2932,20.9,0.0,2,0
2021-05-06,center_la,Los Angeles,2622,19.2,0.0,3,0
2021-05-07,center_la,Los Angeles,2197,18.1,0.0,4,0
2021-05-08,center_la,Los Angeles,1795,19.9,0.0,5,0
2021-05-09,center_la,Los Angeles,1393,19.9,0.0,6,0
2021-05-10,center_la,Los Angeles,2407,19.3,0.0,0,0
2021-05-11,center_la,Los Angeles,2627,20.5,0.0,1,0
2021-05-12,center_la,Los Angeles,2829,19.6,0.0,2,0
2021-05-13,center_la,Los Angeles,2658,18.2,0.0,3,0
2021-05-14,center_la,Los Angeles,2174,18.4,0.0,4,0
2021-05-15,center_la,Los Angeles,1812,18.4,0.0,5,0
2021-05-16,center_la,Los Angeles,1371,17.3,0.9,6,0
2021-05-17,center_la,Los Angeles,2708,18.4,0.0,0,0
2021-05-18,center_la,Los Angeles,2699,19.4,0.0,1,0
2021-05-19,center_la,Los Angeles,2831,19.6,0.0,2,0
2021-05-20,center_la,Los Angeles,2394,20.5,0.0,3,0
2021-05-21,center_la,Los Angeles,2045,21.6,0.4,4,0
2021-05-22,center_la,Los Angeles,1852,20.5,0.0,5,0
2021-05-23,center_la,Los Angeles,1546,18.8,0.0,6,0
2021-05-24,center_la,Los Angeles,2679,25.1,0.0,0,0
2021-05-25,center_la,Los Angeles,2710,25.5,0.0,1,0
2021-05-26,center_la,Los Angeles,2839,23.4,0.0,2,0
2021-05-27,center_la,Los Angeles,2428,20.0,0.0,3,0
2021-05-28,center_la,Los Angeles,2290,19.1,0.0,4,0
2021-05-29,center_la,Los Angeles,1888,19.2,0.0,5,0
2021-05-30,center_la,Los Angeles,1420,19.6,0.0,6,0
2021-05-31,center_la,Los Angeles,1372,20.2,0.0,0,1
2021-06-01,center_la,Los Angeles,2762,19.8,0.0,1,0
2021-06-02,center_la,Los Angeles,2790,19.8,0.0,2,0
2021-06-03,center_la,Los Angeles,2601,20.1,0.0,3,0
2021-06-04,center_la,Los Angeles,2409,21.5,0.0,4,0
2021-06-05,center_la,Los Angeles,1939,21.2,0.0,5,0
2021-06-06,center_la,Los Angeles,1292,20.1,0.0,6,0
2021-06-07,center_la,Los Angeles,2510,20.0,0.0,0,0
2021-06-08,center_la,Los Angeles,2789,19.6,0.2,1,0
2021-06-09,center_la,Los Angeles,2657,22.2,0.0,2,0
2021-06-10,center_la,Los Angeles,2847,22.5,0.0,3,0
2021-06-11,center_la,Los Angeles,2123,22.8,0.0,4,0
2021-06-12,center_la,Los Angeles,1599,23.5,0.0,5,0
2021-06-13,center_la,Los Angeles,1391,23.7,0.0,6,0
2021-06-14,center_la,Los Angeles,2834,25.2,0.0,0,0
2021-06-15,center_la,Los Angeles,2556,26.1,0.0,1,0
2021-06-16,center_la,Los Angeles,2875,26.3,0.0,2,0
2021-06-17,center_la,Los Angeles,2799,27.5,0.0,3,0
2021-06-18,center_la,Los Angeles,1126,24.0,0.0,4,1
2021-06-19,center_la,Los Angeles,911,21.6,0.0,5,1
2021-06-20,center_la,Los Angeles,1517,21.4,0.0,6,0
2021-06-21,center_la,Los Angeles,2631,21.7,0.0,0,0
2021-06-22,center_la,Los Angeles,2522,22.9,0.0,1,0
2021-06-23,center_la,Los Angeles,2929,24.0,0.0,2,0
2021-06-24,center_la,Los Angeles,2586,21.2,0.0,3,0
2021-06-25,center_la,Los Angeles,2446,21.5,0.0,4,0
2021-06-26,center_la,Los Angeles,1911,23.8,0.0,5,0
2021-06-27,center_la,Los Angeles,1288,24.7,0.0,6,0
2021-06-28,center_la,Los Angeles,2387,22.9,0.0,0,0
2021-06-29,center_la,Los Angeles,2902,24.6,0.0,1,0
2021-06-30,center_la,Los Angeles,2595,23.1,0.0,2,0
2021-07-01,center_la,Los Angeles,2497,24.0,0.0,3,0
2021-07-02,center_la,Los Angeles,2023,24.1,0.0,4,0
2021-07-03,center_la,Los Angeles,1612,23.5,0.0,5,0
2021-07-04,center_la,Los Angeles,646,23.1,0.0,6,1
2021-07-05,center_la,Los Angeles,1236,22.5,0.0,0,1
2021-07-06,center_la,Los Angeles,2955,22.9,0.0,1,0
2021-07-07,center_la,Los Angeles,2678,22.9,0.0,2,0
2021-07-08,center_la,Los Angeles,2779,25.1,0.0,3,0
2021-07-09,center_la,Los Angeles,2048,24.2,0.0,4,0
2021-07-10,center_la,Los Angeles,1815,25.2,0.0,5,0
2021-07-11,center_la,Los Angeles,1304,26.1,0.0,6,0
2021-07-12,center_la,Los Angeles,2707,25.5,0.0,0,0
2021-07-13,center_la,Los Angeles,2851,23.7,0.0,1,0
2021-07-14,center_la,Los Angeles,2971,24.8,0.0,2,0
2021-07-15,center_la,Los Angeles,2603,24.1,0.0,3,0
2021-07-16,center_la,Los Angeles,2144,23.1,0.0,4,0
2021-07-17,center_la,Los Angeles,1684,25.1,0.0,5,0
2021-07-18,center_la,Los Angeles,1372,26.2,0.0,6,0
2021-07-19,center_la,Los Angeles,2409,25.6,0.0,0,0
2021-07-20,center_la,Los Angeles,2782,25.7,0.0,1,0
2021-07-21,center_la,Los Angeles,2591,27.1,0.0,2,0
2021-07-22,center_la,Los Angeles,2481,26.5,0.0,3,0
2021-07-23,center_la,Los Angeles,2289,24.6,0.0,4,0
2021-07-24,center_la,Los Angeles,1680,23.0,0.0,5,0
2021-07-25,center_la,Los Angeles,1469,22.7,0.0,6,0
2021-07-26,center_la,Los Angeles,2344,21.7,3.6,0,0
2021-07-27,center_la,Los Angeles,2660,22.5,0.0,1,0
2021-07-28,center_la,Los Angeles,2541,24.5,0.0,2,0
2021-07-29,center_la,Los Angeles,2481,23.2,0.0,3,0
2021-07-30,center_la,Los Angeles,2103,23.9,0.0,4,0
2021-07-31,center_la,Los Angeles,1666,24.3,0.0,5,0
2021-08-01,center_la,Los Angeles,1430,24.9,0.0,6,0
2021-08-02,center_la,Los Angeles,2425,25.4,0.0,0,0
2021-08-03,center_la,Los Angeles,2944,26.1,0.0,1,0
2021-08-04,center_la,Los Angeles,2619,26.0,0.0,2,0
2021-08-05,center_la,Los Angeles,2848,25.5,0.0,3,0
2021-08-06,center_la,Los Angeles,2336,25.6,0.0,4,0
2021-08-07,center_la,Los Angeles,1758,23.9,0.0,5,0
2021-08-08,center_la,Los Angeles,1401,23.0,0.0,6,0
2021-08-09,center_la,Los Angeles,2409,23.9,0.0,0,0
2021-08-10,center_la,Los Angeles,2968,24.5,0.0,1,0
2021-08-11,center_la,Los Angeles,2736,26.1,0.0,2,0
2021-08-12,center_la,Los Angeles,2556,26.5,0.0,3,0
2021-08-13,center_la,Los Angeles,2135,26.6,0.0,4,0
2021-08-14,center_la,Los Angeles,1880,26.1,0.0,5,0
2021-08-15,center_la,Los Angeles,1390,26.0,0.0,6,0
2021-08-16,center_la,Los Angeles,2807,26.6,0.0,0,0
2021-08-17,center_la,Los Angeles,2662,25.1,0.0,1,0
2021-08-18,center_la,Los Angeles,2469,23.5,0.5,2,0
2021-08-19,center_la,Los Angeles,2826,23.4,0.5,3,0
2021-08-20,center_la,Los Angeles,2141,23.5,0.0,4,0
2021-08-21,center_la,Los Angeles,1634,21.5,0.0,5,0
2021-08-22,center_la,Los Angeles,1464,22.6,0.0,6,0
2021-08-23,center_la,Los Angeles,2787,23.0,0.0,0,0
2021-08-24,center_la,Los Angeles,2767,23.0,0.0,1,0
2021-08-25,center_la,Los Angeles,2870,24.2,0.0,2,0
2021-08-26,center_la,Los Angeles,2515,27.8,0.0,3,0
2021-08-27,center_la,Los Angeles,2109,26.9,0.0,4,0
2021-08-28,center_la,Los Angeles,1884,25.6,0.0,5,0
2021-08-29,center_la,Los Angeles,1340,23.5,0.0,6,0
2021-08-30,center_la,Los Angeles,2419,23.6,0.0,0,0
2021-08-31,center_la,Los Angeles,2857,23.1,0.0,1,0
2021-09-01,center_la,Los Angeles,2445,22.1,0.0,2,0
2021-09-02,center_la,Los Angeles,2513,22.5,0.0,3,0
2021-09-03,center_la,Los Angeles,2407,22.8,0.0,4,0
2021-09-04,center_la,Los Angeles,1724,27.5,0.0,5,0
2021-09-05,center_la,Los Angeles,1359,29.4,0.0,6,0
2021-09-06,center_la,Los Angeles,1351,27.8,0.0,0,1
2021-09-07,center_la,Los Angeles,2819,25.6,0.0,1,0
2021-09-08,center_la,Los Angeles,2733,25.6,0.0,2,0
2021-09-09,center_la,Los Angeles,2721,26.6,0.0,3,0
2021-09-10,center_la,Los Angeles,2033,25.6,0.0,4,0
2021-09-11,center_la,Los Angeles,1603,25.7,0.0,5,0
2021-09-12,center_la,Los Angeles,1488,25.0,0.0,6,0
2021-09-13,center_la,Los Angeles,2845,23.5,0.0,0,0
2021-09-14,center_la,Los Angeles,2905,23.3,0.0,1,0
2021-09-15,center_la,Los Angeles,2900,21.5,0.0,2,0
2021-09-16,center_la,Los Angeles,2630,20.9,0.0,3,0
2021-09-17,center_la,Los Angeles,2159,21.1,0.0,4,0
2021-09-18,center_la,Los Angeles,1611,20.9,0.0,5,0
2021-09-19,center_la,Los Angeles,1446,22.3,0.0,6,0
2021-09-20,center_la,Los Angeles,2633,25.1,0.0,0,0
2021-09-21,center_la,Los Angeles,2544,27.6,0.0,1,0
2021-09-22,center_la,Los Angeles,2731,29.3,0.0,2,0
2021-09-23,center_la,Los Angeles,2819,27.0,0.0,3,0
2021-09-24,center_la,Los Angeles,2054,22.0,0.0,4,0
2021-09-25,center_la,Los Angeles,1860,21.4,0.0,5,0
2021-09-26,center_la,Los Angeles,1443,19.6,0.0,6,0
2021-09-27,center_la,Los Angeles,2606,19.8,0.1,0,0
2021-09-28,center_la,Los Angeles,2758,20.1,0.0,1,0
2021-09-29,center_la,Los Angeles,2954,21.5,0.0,2,0
2021-09-30,center_la,Los Angeles,2537,27.0,0.0,3,0
2021-10-01,center_la,Los Angeles,2207,29.7,0.0,4,0
2021-10-02,center_la,Los Angeles,1771,29.7,0.0,5,0
2021-10-03,center_la,Los Angeles,1496,30.9,0.0,6,0
2021-10-04,center_la,Los Angeles,2614,26.8,0.0,0,0
2021-10-05,center_la,Los Angeles,2661,26.1,0.0,1,0
2021-10-06,center_la,Los Angeles,2452,21.0,0.0,2,0
2021-10-07,center_la,Los Angeles,2543,19.2,0.1,3,0
2021-10-08,center_la,Los Angeles,2340,19.2,1.4,4,0
2021-10-09,center_la,Los Angeles,1757,21.2,0.0,5,0
2021-10-10,center_la,Los Angeles,1498,24.1,0.0,6,0
2021-10-11,center_la,Los Angeles,1219,22.0,0.0,0,1
2021-10-12,center_la,Los Angeles,2889,20.4,0.0,1,0
2021-10-13,center_la,Los Angeles,2914,20.4,0.0,2,0
2021-10-14,center_la,Los Angeles,2677,21.8,0.0,3,0
2021-10-15,center_la,Los Angeles,2238,28.2,0.0,4,0
2021-10-16,center_la,Los Angeles,1645,29.4,0.0,5,0
2021-10-17,center_la,Los Angeles,1384,24.7,0.0,6,0
2021-10-18,center_la,Los Angeles,2443,17.8,1.0,0,0
2021-10-19,center_la,Los Angeles,2838,19.6,0.0,1,0
2021-10-20,center_la,Los Angeles,2653,19.0,0.0,2,0
2021-10-21,center_la,Los Angeles,2585,21.0,0.0,3,0
2021-10-22,center_la,Los Angeles,2052,18.0,0.0,4,0
2021-10-23,center_la,Los Angeles,1936,19.8,0.2,5,0
2021-10-24,center_la,Los Angeles,1279,18.8,0.0,6,0
2021-10-25,center_la,Los Angeles,2502,16.9,14.1,0,0
2021-10-26,center_la,Los Angeles,2504,18.0,0.0,1,0
2021-10-27,center_la,Los Angeles,2797,23.5,0.0,2,0
2021-10-28,center_la,Los Angeles,2810,26.0,0.0,3,0
2021-10-29,center_la,Los Angeles,2354,25.9,0.0,4,0
2021-10-30,center_la,Los Angeles,1651,20.1,0.0,5,0
2021-10-31,center_la,Los Angeles,1489,18.4,0.0,6,0
2021-11-01,center_la,Los Angeles,2814,17.2,0.0,0,0
2021-11-02,center_la,Los Angeles,2532,18.6,0.0,1,0
2021-11-03,center_la,Los Angeles,2715,19.0,0.0,2,0
2021-11-04,center_la,Los Angeles,2552,18.8,0.0,3,0
2021-11-05,center_la,Los Angeles,2442,22.0,0.0,4,0
2021-11-06,center_la,Los Angeles,1626,18.0,0.0,5,0
2021-11-07,center_la,Los Angeles,1449,17.4,0.0,6,0
2021-11-08,center_la,Los Angeles,2767,20.0,0.0,0,0
2021-11-09,center_la,Los Angeles,2565,16.9,0.0,1,0
2021-11-10,center_la,Los Angeles,2510,20.5,0.0,2,0
2021-11-11,center_la,Los Angeles,1243,26.4,0.0,3,1
2021-11-12,center_la,Los Angeles,2447,31.0,0.0,4,0
2021-11-13,center_la,Los Angeles,1841,29.6,0.0,5,0
2021-11-14,center_la,Los Angeles,1488,27.7,0.0,6,0
2021-11-15,center_la,Los Angeles,2690,23.5,0.0,0,0
2021-11-16,center_la,Los Angeles,2650,19.0,0.0,1,0
2021-11-17,center_la,Los Angeles,2884,18.0,0.0,2,0
2021-11-18,center_la,Los Angeles,2524,17.7,0.0,3,0
2021-11-19,center_la,Los Angeles,2170,17.5,0.0,4,0
2021-11-20,center_la,Los Angeles,1741,15.4,0.0,5,0
2021-11-21,center_la,Los Angeles,1349,27.4,0.0,6,0
2021-11-22,center_la,Los Angeles,2516,27.0,0.0,0,0
2021-11-23,center_la,Los Angeles,2682,23.2,0.0,1,0
2021-11-24,center_la,Los Angeles,2814,19.1,0.0,2,0
2021-11-25,center_la,Los Angeles,1405,25.4,0.0,3,1
2021-11-26,center_la,Los Angeles,2224,23.4,0.0,4,0
2021-11-27,center_la,Los Angeles,1839,23.2,0.0,5,0
2021-11-28,center_la,Los Angeles,1433,22.4,0.0,6,0
2021-11-29,center_la,Los Angeles,2786,23.7,0.0,0,0
2021-11-30,center_la,Los Angeles,2889,21.4,0.0,1,0
2021-12-01,center_la,Los Angeles,2659,23.2,0.0,2,0
2021-12-02,center_la,Los Angeles,2516,19.6,0.0,3,0
2021-12-03,center_la,Los Angeles,2148,16.4,0.0,4,0
2021-12-04,center_la,Los Angeles,1652,14.9,0.0,5,0
2021-12-05,center_la,Los Angeles,1484,15.9,0.0,6,0
2021-12-06,center_la,Los Angeles,2468,18.5,0.0,0,0
2021-12-07,center_la,Los Angeles,2448,17.8,2.4,1,0
2021-12-08,center_la,Los Angeles,2838,17.0,0.0,2,0
2021-12-09,center_la,Los Angeles,2395,14.6,6.3,3,0
2021-12-10,center_la,Los Angeles,2464,16.2,0.0,4,0
2021-12-11,center_la,Los Angeles,1731,17.6,0.0,5,0
2021-12-12,center_la,Los Angeles,1390,15.6,0.0,6,0
2021-12-13,center_la,Los Angeles,2440,15.1,0.2,0,0
2021-12-14,center_la,Los Angeles,1965,14.2,29.8,1,0
2021-12-15,center_la,Los Angeles,2981,12.1,0.1,2,0
2021-12-16,center_la,Los Angeles,2398,12.0,0.0,3,0
2021-12-17,center_la,Los Angeles,2203,17.6,2.0,4,0
2021-12-18,center_la,Los Angeles,1646,17.0,0.0,5,0
2021-12-19,center_la,Los Angeles,1340,15.7,0.0,6,0
2021-12-20,center_la,Los Angeles,2469,15.6,0.0,0,0
2021-12-21,center_la,Los Angeles,2924,17.2,0.0,1,0
2021-12-22,center_la,Los Angeles,2538,16.6,0.0,2,0
2021-12-23,center_la,Los Angeles,2142,14.6,15.2,3,0
2021-12-24,center_la,Los Angeles,828,14.1,40.5,4,1
2021-12-25,center_la,Los Angeles,820,13.3,1.5,5,1
2021-12-26,center_la,Los Angeles,1311,13.4,6.1,6,0
2021-12-27,center_la,Los Angeles,2664,12.4,1.0,0,0
2021-12-28,center_la,Los Angeles,2683,12.1,1.2,1,0
2021-12-29,center_la,Los Angeles,2338,11.4,5.9,2,0
2021-12-30,center_la,Los Angeles,1834,12.1,100.4,3,0
2021-12-31,center_la,Los Angeles,1087,13.9,10.1,4,1
2022-01-01,center_la,Los Angeles,820,14.6,0.0,5,1
2022-01-02,center_la,Los Angeles,1338,16.1,0.0,6,0
2022-01-03,center_la,Los Angeles,2576,14.6,0.0,0,0
2022-01-04,center_la,Los Angeles,2927,12.4,0.0,1,0
2022-01-05,center_la,Los Angeles,2707,18.1,0.0,2,0
2022-01-06,center_la,Los Angeles,2622,18.0,0.0,3,0
2022-01-07,center_la,Los Angeles,2383,15.4,0.0,4,0
2022-01-08,center_la,Los Angeles,1946,15.9,0.1,5,0
2022-01-09,center_la,Los Angeles,1321,19.1,0.0,6,0
2022-01-10,center_la,Los Angeles,2654,20.8,0.0,0,0
2022-01-11,center_la,Los Angeles,2673,21.0,0.0,1,0
2022-01-12,center_la,Los Angeles,2710,23.4,0.0,2,0
2022-01-13,center_la,Los Angeles,2603,19.6,0.0,3,0
2022-01-14,center_la,Los Angeles,2288,21.9,0.0,4,0
2022-01-15,center_la,Los Angeles,1770,17.5,0.5,5,0
2022-01-16,center_la,Los Angeles,1350,21.0,9.2,6,0
2022-01-17,center_la,Los Angeles,1343,17.9,2.7,0,1
2022-01-18,center_la,Los Angeles,2242,15.9,13.2,1,0
2022-01-19,center_la,Los Angeles,2646,16.1,0.3,2,0
2022-01-20,center_la,Los Angeles,2785,21.6,0.0,3,0
2022-01-21,center_la,Los Angeles,2404,19.6,0.0,4,0
2022-01-22,center_la,Los Angeles,1852,21.1,0.0,5,0
2022-01-23,center_la,Los Angeles,1404,21.8,0.0,6,0
2022-01-24,center_la,Los Angeles,2641,19.9,0.0,0,0
2022-01-25,center_la,Los Angeles,2595,18.0,0.0,1,0
2022-01-26,center_la,Los Angeles,2722,19.3,0.0,2,0
2022-01-27,center_la,Los Angeles,2847,20.0,0.0,3,0
2022-01-28,center_la,Los Angeles,2452,20.8,0.0,4,0
2022-01-29,center_la,Los Angeles,1941,21.6,0.0,5,0
2022-01-30,center_la,Los Angeles,1552,19.9,0.0,6,0
2022-01-31,center_la,Los Angeles,2750,16.0,0.0,0,0
2022-02-01,center_la,Los Angeles,2870,17.0,0.1,1,0
2022-02-02,center_la,Los Angeles,2608,17.9,0.0,2,0
2022-02-03,center_la,Los Angeles,2477,17.1,0.0,3,0
2022-02-04,center_la,Los Angeles,2063,19.4,0.0,4,0
2022-02-05,center_la,Los Angeles,1902,19.8,0.0,5,0
2022-02-06,center_la,Los Angeles,1494,21.0,0.0,6,0
2022-02-07,center_la,Los Angeles,2418,23.3,0.0,0,0
2022-02-08,center_la,Los Angeles,2566,24.1,0.0,1,0
2022-02-09,center_la,Los Angeles,2863,27.4,0.0,2,0
2022-02-10,center_la,Los Angeles,2593,31.0,0.0,3,0
2022-02-11,center_la,Los Angeles,2104,25.1,0.0,4,0
2022-02-12,center_la,Los Angeles,1912,29.2,0.0,5,0
2022-02-13,center_la,Los Angeles,1539,28.1,0.0,6,0
2022-02-14,center_la,Los Angeles,2660,22.8,0.0,0,0
2022-02-15,center_la,Los Angeles,2838,16.2,0.2,1,0
2022-02-16,center_la,Los Angeles,2804,17.1,0.3,2,0
2022-02-17,center_la,Los Angeles,2508,18.6,0.0,3,0
2022-02-18,center_la,Los Angeles,2118,20.3,0.0,4,0
2022-02-19,center_la,Los Angeles,1836,20.9,0.0,5,0
2022-02-20,center_la,Los Angeles,1343,17.8,0.0,6,0
2022-02-21,center_la,Los Angeles,1218,14.6,0.6,0,1
2022-02-22,center_la,Los Angeles,2798,14.1,0.3,1,0
2022-02-23,center_la,Los Angeles,2692,12.3,1.6,2,0
2022-02-24,center_la,Los Angeles,2673,14.6,0.0,3,0
2022-02-25,center_la,Los Angeles,2449,15.9,0.0,4,0
2022-02-26,center_la,Los Angeles,1653,18.9,0.0,5,0
2022-02-27,center_la,Los Angeles,1390,22.1,0.0,6,0
2022-02-28,center_la,Los Angeles,2598,26.4,0.0,0,0
2022-03-01,center_la,Los Angeles,2826,26.0,0.0,1,0
2022-03-02,center_la,Los Angeles,2556,25.1,0.0,2,0
2022-03-03,center_la,Los Angeles,2434,20.0,0.0,3,0
2022-03-04,center_la,Los Angeles,2290,15.9,3.3,4,0
2022-03-05,center_la,Los Angeles,1852,15.1,1.7,5,0
2022-03-06,center_la,Los Angeles,1444,15.2,0.0,6,0
2022-03-07,center_la,Los Angeles,2363,18.4,0.0,0,0
2022-03-08,center_la,Los Angeles,2818,19.3,0.0,1,0
2022-03-09,center_la,Los Angeles,2892,18.7,0.0,2,0
2022-03-10,center_la,Los Angeles,2480,17.6,0.0,3,0
2022-03-11,center_la,Los Angeles,2297,20.4,0.0,4,0
2022-03-12,center_la,Los Angeles,1927,22.2,0.0,5,0
2022-03-13,center_la,Los Angeles,1405,19.5,0.0,6,0
2022-03-14,center_la,Los Angeles,2492,21.0,0.0,0,0
2022-03-15,center_la,Los Angeles,2513,19.0,0.0,1,0
2022-03-16,center_la,Los Angeles,2540,24.8,0.0,2,0
2022-03-17,center_la,Los Angeles,2589,25.2,0.0,3,0
2022-03-18,center_la,Los Angeles,2209,23.1,0.0,4,0
2022-03-19,center_la,Los Angeles,1734,19.9,0.0,5,0
2022-03-20,center_la,Los Angeles,1368,21.6,1.5,6,0
2022-03-21,center_la,Los Angeles,2424,20.8,0.0,0,0
2022-03-22,center_la,Los Angeles,2660,25.4,0.0,1,0
2022-03-23,center_la,Los Angeles,2730,27.4,0.0,2,0
2022-03-24,center_la,Los Angeles,2504,23.9,0.0,3,0
2022-03-25,center_la,Los Angeles,2260,21.3,0.0,4,0
2022-03-26,center_la,Los Angeles,1680,19.0,0.0,5,0
2022-03-27,center_la,Los Angeles,1362,18.1,0.0,6,0
2022-03-28,center_la,Los Angeles,2282,15.9,17.1,0,0
2022-03-29,center_la,Los Angeles,2449,15.9,16.0,1,0
2022-03-30,center_la,Los Angeles,2635,16.4,0.0,2,0
2022-03-31,center_la,Los Angeles,2728,15.9,0.7,3,0
2022-04-01,center_la,Los Angeles,2228,16.5,0.0,4,0
2022-04-02,center_la,Los Angeles,1710,16.5,0.1,5,0
2022-04-03,center_la,Los Angeles,1449,16.1,0.0,6,0
2022-04-04,center_la,Los Angeles,2704,16.6,0.0,0,0
2022-04-05,center_la,Los Angeles,2559,23.0,0.0,1,0
2022-04-06,center_la,Los Angeles,2529,24.3,0.0,2,0
2022-04-07,center_la,Los Angeles,2465,32.0,0.0,3,0
2022-04-08,center_la,Los Angeles,2322,33.2,0.0,4,0
2022-04-09,center_la,Los Angeles,1749,29.0,0.0,5,0
2022-04-10,center_la,Los Angeles,1505,20.0,0.0,6,0
2022-04-11,center_la,Los Angeles,2465,17.5,0.7,0,0
2022-04-12,center_la,Los Angeles,2704,18.9,0.0,1,0
2022-04-13,center_la,Los Angeles,2537,19.7,0.0,2,0
2022-04-14,center_la,Los Angeles,2449,19.0,0.0,3,0
2022-04-15,center_la,Los Angeles,2269,18.7,0.0,4,0
2022-04-16,center_la,Los Angeles,1868,17.1,0.0,5,0
2022-04-17,center_la,Los Angeles,1449,17.7,0.0,6,0
2022-04-18,center_la,Los Angeles,2565,19.8,0.0,0,0
2022-04-19,center_la,Los Angeles,2534,20.9,0.0,1,0
2022-04-20,center_la,Los Angeles,2629,19.5,0.0,2,0
2022-04-21,center_la,Los Angeles,2458,17.2,0.0,3,0
2022-04-22,center_la,Los Angeles,2347,16.9,1.5,4,0
2022-04-23,center_la,Los Angeles,1842,19.5,0.0,5,0
2022-04-24,center_la,Los Angeles,1547,27.8,0.0,6,0
2022-04-25,center_la,Los Angeles,2527,28.1,0.0,0,0
2022-04-26,center_la,Los Angeles,2838,24.3,0.0,1,0
2022-04-27,center_la,Los Angeles,2730,20.5,0.0,2,0
2022-04-28,center_la,Los Angeles,2619,17.1,0.3,3,0
2022-04-29,center_la,Los Angeles,2414,18.9,0.0,4,0
2022-04-30,center_la,Los Angeles,1770,19.5,0.0,5,0
2022-05-01,center_la,Los Angeles,1322,19.5,0.0,6,0
2022-05-02,center_la,Los Angeles,2795,19.2,0.0,0,0
2022-05-03,center_la,Los Angeles,2692,20.2,0.0,1,0
2022-05-04,center_la,Los Angeles,2720,20.6,0.0,2,0
2022-05-05,center_la,Los Angeles,2768,19.8,0.0,3,0
2022-05-06,center_la,Los Angeles,2287,21.6,0.0,4,0
2022-05-07,center_la,Los Angeles,1876,20.8,0.0,5,0
2022-05-08,center_la,Los Angeles,1286,19.4,0.3,6,0
2022-05-09,center_la,Los Angeles,2427,18.6,0.0,0,0
2022-05-10,center_la,Los Angeles,2665,18.7,0.0,1,0
2022-05-11,center_la,Los Angeles,2497,18.2,0.0,2,0
2022-05-12,center_la,Los Angeles,2619,22.6,0.0,3,0
2022-05-13,center_la,Los Angeles,2273,26.8,0.0,4,0
2022-05-14,center_la,Los Angeles,1721,27.9,0.0,5,0
2022-05-15,center_la,Los Angeles,1448,26.1,0.0,6,0
2022-05-16,center_la,Los Angeles,2678,21.4,0.0,0,0
2022-05-17,center_la,Los Angeles,2871,19.6,0.0,1,0
2022-05-18,center_la,Los Angeles,2525,19.4,0.0,2,0
2022-05-19,center_la,Los Angeles,2753,19.9,0.2,3,0
2022-05-20,center_la,Los Angeles,2254,18.1,0.0,4,0
2022-05-21,center_la,Los Angeles,1821,19.0,0.3,5,0
2022-05-22,center_la,Los Angeles,1412,18.0,0.0,6,0
2022-05-23,center_la,Los Angeles,2490,19.0,0.0,0,0
2022-05-24,center_la,Los Angeles,2713,19.4,0.0,1,0
2022-05-25,center_la,Los Angeles,2848,20.3,0.0,2,0
2022-05-26,center_la,Los Angeles,2501,20.8,0.0,3,0
2022-05-27,center_la,Los Angeles,2129,19.7,0.0,4,0
2022-05-28,center_la,Los Angeles,1903,17.4,0.0,5,0
2022-05-29,center_la,Los Angeles,1348,20.2,0.0,6,0
2022-05-30,center_la,Los Angeles,1193,22.0,0.0,0,1
2022-05-31,center_la,Los Angeles,2962,21.5,0.0,1,0
2022-06-01,center_la,Los Angeles,2610,23.2,0.0,2,0
2022-06-02,center_la,Los Angeles,2844,23.2,0.0,3,0
2022-06-03,center_la,Los Angeles,2239,20.9,0.0,4,0
2022-06-04,center_la,Los Angeles,1750,22.0,0.0,5,0
2022-06-05,center_la,Los Angeles,1287,21.2,0.0,6,0
2022-06-06,center_la,Los Angeles,2816,22.9,0.0,0,0
2022-06-07,center_la,Los Angeles,2629,22.9,0.0,1,0
2022-06-08,center_la,Los Angeles,2832,22.6,0.0,2,0
2022-06-09,center_la,Los Angeles,2819,23.9,0.0,3,0
2022-06-10,center_la,Los Angeles,2166,24.2,0.0,4,0
2022-06-11,center_la,Los Angeles,1744,22.2,0.0,5,0
2022-06-12,center_la,Los Angeles,1438,22.0,0.0,6,0
2022-06-13,center_la,Los Angeles,2650,24.3,0.0,0,0
2022-06-14,center_la,Los Angeles,2721,23.1,0.1,1,0
2022-06-15,center_la,Los Angeles,2490,24.2,0.0,2,0
2022-06-16,center_la,Los Angeles,2720,24.1,0.0,3,0
2022-06-17,center_la,Los Angeles,2186,22.0,0.0,4,0
2022-06-18,center_la,Los Angeles,1785,21.9,0.0,5,0
2022-06-19,center_la,Los Angeles,692,23.2,0.0,6,1
2022-06-20,center_la,Los Angeles,1376,27.9,0.0,0,1
2022-06-21,center_la,Los Angeles,2814,26.9,0.0,1,0
2022-06-22,center_la,Los Angeles,2409,27.6,11.9,2,0
2022-06-23,center_la,Los Angeles,2512,28.5,0.0,3,0
2022-06-24,center_la,Los Angeles,2092,24.6,0.0,4,0
2022-06-25,center_la,Los Angeles,1801,24.0,0.0,5,0
2022-06-26,center_la,Los Angeles,1277,24.4,0.0,6,0
2022-06-27,center_la,Los Angeles,2439,25.4,0.0,0,0
2022-06-28,center_la,Los Angeles,2944,25.9,0.0,1,0
2022-06-29,center_la,Los Angeles,2973,26.9,0.0,2,0
2022-06-30,center_la,Los Angeles,2658,25.0,0.0,3,0
2022-07-01,center_la,Los Angeles,2080,24.4,0.0,4,0
2022-07-02,center_la,Los Angeles,1792,22.2,0.0,5,0
2022-07-03,center_la,Los Angeles,1466,22.3,0.0,6,0
2022-07-04,center_la,Los Angeles,1413,23.2,0.0,0,1
2022-07-05,center_la,Los Angeles,2980,22.8,0.0,1,0
2022-07-06,center_la,Los Angeles,2487,22.1,0.0,2,0
2022-07-07,center_la,Los Angeles,2720,24.1,0.0,3,0
2022-07-08,center_la,Los Angeles,2043,22.8,0.0,4,0
2022-07-09,center_la,Los Angeles,1704,22.6,0.0,5,0
2022-07-10,center_la,Los Angeles,1399,25.5,0.0,6,0
2022-07-11,center_la,Los Angeles,2734,22.0,0.0,0,0
2022-07-12,center_la,Los Angeles,2606,21.5,0.0,1,0
2022-07-13,center_la,Los Angeles,2494,22.0,0.0,2,0
2022-07-14,center_la,Los Angeles,2702,22.0,0.0,3,0
2022-07-15,center_la,Los Angeles,2112,23.5,0.0,4,0
2022-07-16,center_la,Los Angeles,1853,25.4,0.0,5,0
2022-07-17,center_la,Los Angeles,1507,26.5,0.0,6,0
2022-07-18,center_la,Los Angeles,2373,25.5,0.0,0,0
2022-07-19,center_la,Los Angeles,2901,24.8,0.0,1,0
2022-07-20,center_la,Los Angeles,2880,25.2,0.0,2,0
2022-07-21,center_la,Los Angeles,2658,25.5,0.0,3,0
2022-07-22,center_la,Los Angeles,2305,25.0,0.0,4,0
2022-07-23,center_la,Los Angeles,1727,24.2,0.0,5,0
2022-07-24,center_la,Los Angeles,1459,23.4,0.0,6,0
2022-07-25,center_la,Los Angeles,2847,23.5,0.0,0,0
2022-07-26,center_la,Los Angeles,2676,22.5,0.0,1,0
2022-07-27,center_la,Los Angeles,2498,22.3,0.0,2,0
2022-07-28,center_la,Los Angeles,2485,24.3,0.0,3,0
2022-07-29,center_la,Los Angeles,2042,24.6,0.0,4,0
2022-07-30,center_la,Los Angeles,1921,25.0,0.0,5,0
2022-07-31,center_la,Los Angeles,1435,25.9,1.5,6,0
2022-08-01,center_la,Los Angeles,2808,25.3,0.1,0,0
2022-08-02,center_la,Los Angeles,2535,23.4,0.0,1,0
2022-08-03,center_la,Los Angeles,2791,25.5,0.0,2,0
2022-08-04,center_la,Los Angeles,2807,24.2,0.0,3,0
2022-08-05,center_la,Los Angeles,2045,25.3,0.0,4,0
2022-08-06,center_la,Los Angeles,1762,26.4,0.0,5,0
2022-08-07,center_la,Los Angeles,1338,28.3,0.0,6,0
2022-08-08,center_la,Los Angeles,2747,26.9,0.0,0,0
2022-08-09,center_la,Los Angeles,2927,26.4,0.0,1,0
2022-08-10,center_la,Los Angeles,2459,27.8,0.0,2,0
2022-08-11,center_la,Los Angeles,2813,26.2,0.0,3,0
2022-08-12,center_la,Los Angeles,2058,26.5,0.0,4,0
2022-08-13,center_la,Los Angeles,1700,27.1,0.0,5,0
2022-08-14,center_la,Los Angeles,1315,26.5,0.0,6,0
2022-08-15,center_la,Los Angeles,2366,25.6,0.0,0,0
2022-08-16,center_la,Los Angeles,2853,25.4,0.0,1,0
2022-08-17,center_la,Los Angeles,2902,24.9,0.0,2,0
2022-08-18,center_la,Los Angeles,2715,24.0,0.0,3,0
2022-08-19,center_la,Los Angeles,2209,25.0,0.0,4,0
2022-08-20,center_la,Los Angeles,1850,25.6,0.0,5,0
2022-08-21,center_la,Los Angeles,1330,24.9,0.0,6,0
2022-08-22,center_la,Los Angeles,2594,23.4,0.0,0,0
2022-08-23,center_la,Los Angeles,2595,24.3,0.0,1,0
2022-08-24,center_la,Los Angeles,2637,26.2,0.0,2,0
2022-08-25,center_la,Los Angeles,2419,26.5,0.0,3,0
2022-08-26,center_la,Los Angeles,2116,23.9,0.0,4,0
2022-08-27,center_la,Los Angeles,1944,23.6,0.0,5,0
2022-08-28,center_la,Los Angeles,1521,23.7,0.0,6,0
2022-08-29,center_la,Los Angeles,2579,23.2,0.0,0,0
2022-08-30,center_la,Los Angeles,2593,26.9,0.0,1,0
2022-08-31,center_la,Los Angeles,2752,30.8,0.0,2,0
2022-09-01,center_la,Los Angeles,2588,32.7,0.0,3,0
2022-09-02,center_la,Los Angeles,2339,30.0,0.0,4,0
2022-09-03,center_la,Los Angeles,1775,30.0,0.0,5,0
2022-09-04,center_la,Los Angeles,1196,36.2,0.0,6,0
2022-09-05,center_la,Los Angeles,1273,30.4,0.0,0,1
2022-09-06,center_la,Los Angeles,2801,28.9,0.0,1,0
2022-09-07,center_la,Los Angeles,2465,33.2,0.0,2,0
2022-09-08,center_la,Los Angeles,2378,34.2,0.0,3,0
2022-09-09,center_la,Los Angeles,1938,38.2,0.1,4,0
2022-09-10,center_la,Los Angeles,1211,31.5,22.0,5,0
2022-09-11,center_la,Los Angeles,1249,25.9,5.8,6,0
2022-09-12,center_la,Los Angeles,2759,25.0,1.0,0,0
2022-09-13,center_la,Los Angeles,2914,24.8,0.0,1,0
2022-09-14,center_la,Los Angeles,2860,25.2,0.3,2,0
2022-09-15,center_la,Los Angeles,2562,24.0,0.1,3,0
2022-09-16,center_la,Los Angeles,2394,23.9,0.0,4,0
2022-09-17,center_la,Los Angeles,1933,24.1,0.3,5,0
2022-09-18,center_la,Los Angeles,1549,22.0,1.6,6,0
2022-09-19,center_la,Los Angeles,2800,23.5,0.0,0,0
2022-09-20,center_la,Los Angeles,2957,23.9,0.8,1,0
2022-09-21,center_la,Los Angeles,2564,24.9,0.0,2,0
2022-09-22,center_la,Los Angeles,2770,25.5,0.0,3,0
2022-09-23,center_la,Los Angeles,2047,27.0,0.0,4,0
2022-09-24,center_la,Los Angeles,1872,26.6,0.0,5,0
2022-09-25,center_la,Los Angeles,1458,26.9,0.0,6,0
2022-09-26,center_la,Los Angeles,2755,25.9,0.0,0,0
2022-09-27,center_la,Los Angeles,2452,27.9,0.0,1,0
2022-09-28,center_la,Los Angeles,2916,28.5,0.0,2,0
2022-09-29,center_la,Los Angeles,2765,25.5,0.0,3,0
2022-09-30,center_la,Los Angeles,2073,23.5,0.0,4,0
2022-10-01,center_la,Los Angeles,1666,22.9,0.0,5,0
2022-10-02,center_la,Los Angeles,1338,22.9,0.0,6,0
2022-10-03,center_la,Los Angeles,2478,23.2,0.0,0,0
2022-10-04,center_la,Los Angeles,2797,25.4,0.0,1,0
2022-10-05,center_la,Los Angeles,2653,24.4,0.0,2,0
2022-10-06,center_la,Los Angeles,2842,24.7,0.0,3,0
2022-10-07,center_la,Los Angeles,2091,24.3,0.0,4,0
2022-10-08,center_la,Los Angeles,1739,24.5,0.0,5,0
2022-10-09,center_la,Los Angeles,1447,23.3,0.0,6,0
2022-10-10,center_la,Los Angeles,1367,23.0,0.0,0,1
2022-10-11,center_la,Los Angeles,2919,23.2,0.0,1,0
2022-10-12,center_la,Los Angeles,2709,22.8,0.2,2,0
2022-10-13,center_la,Los Angeles,2542,22.1,0.3,3,0
2022-10-14,center_la,Los Angeles,2078,22.8,0.0,4,0
2022-10-15,center_la,Los Angeles,1691,21.1,0.3,5,0
2022-10-16,center_la,Los Angeles,1302,21.2,0.0,6,0
2022-10-17,center_la,Los Angeles,2612,22.0,0.0,0,0
2022-10-18,center_la,Los Angeles,2594,25.9,0.0,1,0
2022-10-19,center_la,Los Angeles,2447,33.2,0.0,2,0
2022-10-20,center_la,Los Angeles,2464,28.8,0.0,3,0
2022-10-21,center_la,Los Angeles,2305,24.2,0.0,4,0
2022-10-22,center_la,Los Angeles,1599,19.9,0.6,5,0
2022-10-23,center_la,Los Angeles,1300,23.5,0.5,6,0
2022-10-24,center_la,Los Angeles,2766,22.0,0.0,0,0
2022-10-25,center_la,Los Angeles,2769,23.5,0.0,1,0
2022-10-26,center_la,Los Angeles,2690,20.1,0.0,2,0
2022-10-27,center_la,Los Angeles,2771,21.5,0.0,3,0
2022-10-28,center_la,Los Angeles,2184,21.5,0.0,4,0
2022-10-29,center_la,Los Angeles,1860,21.4,0.0,5,0
2022-10-30,center_la,Los Angeles,1525,23.2,0.0,6,0
2022-10-31,center_la,Los Angeles,2539,24.7,0.0,0,0
2022-11-01,center_la,Los Angeles,2624,20.6,0.1,1,0
2022-11-02,center_la,Los Angeles,2588,19.2,2.6,2,0
2022-11-03,center_la,Los Angeles,2791,18.4,0.0,3,0
2022-11-04,center_la,Los Angeles,2324,18.9,0.0,4,0
2022-11-05,center_la,Los Angeles,1604,19.5,0.0,5,0
2022-11-06,center_la,Los Angeles,1460,18.4,0.0,6,0
2022-11-07,center_la,Los Angeles,2541,16.5,4.9,0,0
2022-11-08,center_la,Los Angeles,1968,17.6,23.4,1,0
2022-11-09,center_la,Los Angeles,2514,16.0,7.2,2,0
2022-11-10,center_la,Los Angeles,2622,17.6,0.0,3,0
2022-11-11,center_la,Los Angeles,1175,18.2,0.0,4,1
2022-11-12,center_la,Los Angeles,1696,17.6,0.0,5,0
2022-11-13,center_la,Los Angeles,1389,18.5,0.0,6,0
2022-11-14,center_la,Los Angeles,2368,18.3,0.0,0,0
2022-11-15,center_la,Los Angeles,2466,19.3,0.0,1,0
2022-11-16,center_la,Los Angeles,2632,21.0,0.0,2,0
2022-11-17,center_la,Los Angeles,2458,21.9,0.0,3,0
2022-11-18,center_la,Los Angeles,2394,20.6,0.0,4,0
2022-11-19,center_la,Los Angeles,1689,22.5,0.0,5,0
2022-11-20,center_la,Los Angeles,1377,24.1,0.0,6,0
2022-11-21,center_la,Los Angeles,2802,22.7,0.0,0,0
2022-11-22,center_la,Los Angeles,2932,21.9,0.0,1,0
2022-11-23,center_la,Los Angeles,2646,20.3,0.0,2,0
2022-11-24,center_la,Los Angeles,1230,24.5,0.0,3,1
2022-11-25,center_la,Los Angeles,2390,21.9,0.0,4,0
2022-11-26,center_la,Los Angeles,1763,20.1,0.0,5,0
2022-11-27,center_la,Los Angeles,1379,19.0,0.0,6,0
2022-11-28,center_la,Los Angeles,2454,16.5,0.1,0,0
2022-11-29,center_la,Los Angeles,2820,17.7,1.5,1,0
2022-11-30,center_la,Los Angeles,2691,16.0,0.2,2,0
2022-12-01,center_la,Los Angeles,2701,14.6,0.2,3,0
2022-12-02,center_la,Los Angeles,2090,13.9,6.6,4,0
2022-12-03,center_la,Los Angeles,1687,18.2,1.0,5,0
2022-12-04,center_la,Los Angeles,1541,16.2,3.6,6,0
2022-12-05,center_la,Los Angeles,2337,15.3,1.9,0,0
2022-12-06,center_la,Los Angeles,2969,15.1,0.0,1,0
2022-12-07,center_la,Los Angeles,2584,14.5,1.1,2,0
2022-12-08,center_la,Los Angeles,2442,14.8,0.0,3,0
2022-12-09,center_la,Los Angeles,2185,15.1,0.0,4,0
2022-12-10,center_la,Los Angeles,1780,14.4,0.1,5,0
2022-12-11,center_la,Los Angeles,984,14.2,25.5,6,0
2022-12-12,center_la,Los Angeles,2286,12.3,9.0,0,0
2022-12-13,center_la,Los Angeles,2664,13.1,0.0,1,0
2022-12-14,center_la,Los Angeles,2720,13.9,0.0,2,0
2022-12-15,center_la,Los Angeles,2798,14.4,0.0,3,0
2022-12-16,center_la,Los Angeles,2141,17.9,0.0,4,0
2022-12-17,center_la,Los Angeles,1841,17.1,0.0,5,0
2022-12-18,center_la,Los Angeles,1549,16.3,0.0,6,0
2022-12-19,center_la,Los Angeles,2388,16.5,0.0,0,0
2022-12-20,center_la,Los Angeles,2833,15.9,0.0,1,0
2022-12-21,center_la,Los Angeles,2642,18.4,0.0,2,0
2022-12-22,center_la,Los Angeles,2526,18.9,0.0,3,0
2022-12-23,center_la,Los Angeles,2318,17.6,0.0,4,0
2022-12-24,center_la,Los Angeles,1609,21.0,0.0,5,0
2022-12-25,center_la,Los Angeles,738,25.2,0.0,6,1
2022-12-26,center_la,Los Angeles,1292,25.4,0.0,0,1
2022-12-27,center_la,Los Angeles,2870,20.4,0.4,1,0
2022-12-28,center_la,Los Angeles,2203,16.5,11.3,2,0
2022-12-29,center_la,Los Angeles,2681,15.1,0.2,3,0
2022-12-30,center_la,Los Angeles,2100,14.4,0.1,4,0
2022-12-31,center_la,Los Angeles,1570,14.6,9.3,5,0
2023-01-01,center_la,Los Angeles,536,15.1,24.5,6,1
2023-01-02,center_la,Los Angeles,1362,14.1,0.0,0,1
2023-01-03,center_la,Los Angeles,2443,13.4,10.5,1,0
2023-01-04,center_la,Los Angeles,2334,15.6,8.3,2,0
2023-01-05,center_la,Los Angeles,2017,15.1,32.6,3,0
2023-01-06,center_la,Los Angeles,2383,14.9,0.7,4,0
2023-01-07,center_la,Los Angeles,1603,17.2,0.0,5,0
2023-01-08,center_la,Los Angeles,1464,15.4,1.0,6,0
2023-01-09,center_la,Los Angeles,2364,14.8,14.4,0,0
2023-01-10,center_la,Los Angeles,2005,14.9,71.6,1,0
2023-01-11,center_la,Los Angeles,2752,14.8,0.0,2,0
2023-01-12,center_la,Los Angeles,2661,18.9,0.0,3,0
2023-01-13,center_la,Los Angeles,2461,17.9,0.0,4,0
2023-01-14,center_la,Los Angeles,1247,14.5,26.8,5,0
2023-01-15,center_la,Los Angeles,1293,13.4,10.4,6,0
2023-01-16,center_la,Los Angeles,1111,13.9,19.7,0,1
2023-01-17,center_la,Los Angeles,2934,12.6,0.0,1,0
2023-01-18,center_la,Los Angeles,2455,13.6,0.0,2,0
2023-01-19,center_la,Los Angeles,2535,13.0,0.0,3,0
2023-01-20,center_la,Los Angeles,2244,13.6,0.3,4,0
2023-01-21,center_la,Los Angeles,1663,14.6,0.0,5,0
2023-01-22,center_la,Los Angeles,1505,16.1,0.0,6,0
2023-01-23,center_la,Los Angeles,2367,17.0,0.0,0,0
2023-01-24,center_la,Los Angeles,2927,16.2,0.0,1,0
2023-01-25,center_la,Los Angeles,2974,18.1,0.0,2,0
2023-01-26,center_la,Los Angeles,2844,17.0,0.0,3,0
2023-01-27,center_la,Los Angeles,2413,17.2,0.0,4,0
2023-01-28,center_la,Los Angeles,1935,15.9,0.0,5,0
2023-01-29,center_la,Los Angeles,1379,13.5,1.8,6,0
2023-01-30,center_la,Los Angeles,2402,11.8,7.0,0,0
2023-01-31,center_la,Los Angeles,2686,16.2,0.1,1,0
2023-02-01,center_la,Los Angeles,2601,16.5,0.0,2,0
2023-02-02,center_la,Los Angeles,2687,17.0,0.0,3,0
2023-02-03,center_la,Los Angeles,2206,17.5,0.0,4,0
2023-02-04,center_la,Los Angeles,1920,18.1,0.0,5,0
2023-02-05,center_la,Los Angeles,1483,16.9,0.1,6,0
2023-02-06,center_la,Los Angeles,2766,19.5,0.0,0,0
2023-02-07,center_la,Los Angeles,2619,19.0,0.0,1,0
2023-02-08,center_la,Los Angeles,2822,19.0,0.0,2,0
2023-02-09,center_la,Los Angeles,2402,23.0,0.0,3,0
2023-02-10,center_la,Los Angeles,2218,22.8,0.0,4,0
2023-02-11,center_la,Los Angeles,1908,17.9,0.0,5,0
2023-02-12,center_la,Los Angeles,1421,13.8,0.2,6,0
2023-02-13,center_la,Los Angeles,2751,15.2,0.1,0,0
2023-02-14,center_la,Los Angeles,2844,14.9,1.1,1,0
2023-02-15,center_la,Los Angeles,2974,16.2,0.0,2,0
2023-02-16,center_la,Los Angeles,2583,16.2,0.0,3,0
2023-02-17,center_la,Los Angeles,2034,17.5,0.0,4,0
2023-02-18,center_la,Los Angeles,1884,18.1,0.1,5,0
2023-02-19,center_la,Los Angeles,1330,16.8,0.0,6,0
2023-02-20,center_la,Los Angeles,1413,20.4,0.0,0,1
2023-02-21,center_la,Los Angeles,2612,17.0,0.0,1,0
2023-02-22,center_la,Los Angeles,2774,12.6,0.7,2,0
2023-02-23,center_la,Los Angeles,2340,10.4,7.5,3,0
2023-02-24,center_la,Los Angeles,1626,11.3,21.0,4,0
2023-02-25,center_la,Los Angeles,1360,12.1,44.8,5,0
2023-02-26,center_la,Los Angeles,1528,11.1,4.5,6,0
2023-02-27,center_la,Los Angeles,2436,11.6,7.7,0,0
2023-02-28,center_la,Los Angeles,2922,12.3,3.8,1,0
2023-03-01,center_la,Los Angeles,2641,11.4,17.5,2,0
2023-03-02,center_la,Los Angeles,2574,14.1,0.0,3,0
2023-03-03,center_la,Los Angeles,2294,13.4,0.0,4,0
2023-03-04,center_la,Los Angeles,1876,13.6,0.1,5,0
2023-03-05,center_la,Los Angeles,1301,12.9,1.1,6,0
2023-03-06,center_la,Los Angeles,2439,12.9,0.8,0,0
2023-03-07,center_la,Los Angeles,2630,14.5,0.0,1,0
2023-03-08,center_la,Los Angeles,2586,12.5,0.1,2,0
2023-03-09,center_la,Los Angeles,2856,15.9,0.0,3,0
2023-03-10,center_la,Los Angeles,2195,13.4,14.9,4,0
2023-03-11,center_la,Los Angeles,1742,15.1,14.7,5,0
2023-03-12,center_la,Los Angeles,1474,15.6,0.2,6,0
2023-03-13,center_la,Los Angeles,2362,14.9,0.0,0,0
2023-03-14,center_la,Los Angeles,2568,14.6,9.8,1,0
2023-03-15,center_la,Los Angeles,1852,14.7,65.4,2,0
2023-03-16,center_la,Los Angeles,2631,14.3,0.2,3,0
2023-03-17,center_la,Los Angeles,2430,15.4,0.0,4,0
2023-03-18,center_la,Los Angeles,1828,21.2,0.0,5,0
2023-03-19,center_la,Los Angeles,1441,17.6,2.3,6,0
2023-03-20,center_la,Los Angeles,2818,14.2,3.4,0,0
2023-03-21,center_la,Los Angeles,1851,14.6,29.4,1,0
2023-03-22,center_la,Los Angeles,1842,11.9,22.2,2,0
2023-03-23,center_la,Los Angeles,2569,13.9,4.9,3,0
2023-03-24,center_la,Los Angeles,2238,14.9,0.0,4,0
2023-03-25,center_la,Los Angeles,1856,16.1,0.0,5,0
2023-03-26,center_la,Los Angeles,1400,15.9,0.0,6,0
2023-03-27,center_la,Los Angeles,2561,19.4,0.0,0,0
2023-03-28,center_la,Los Angeles,2588,17.6,0.0,1,0
2023-03-29,center_la,Los Angeles,2005,14.4,20.8,2,0
2023-03-30,center_la,Los Angeles,2278,12.3,7.3,3,0
2023-03-31,center_la,Los Angeles,2252,14.5,0.1,4,0
2023-04-01,center_la,Los Angeles,1634,16.2,0.0,5,0
2023-04-02,center_la,Los Angeles,1514,15.4,0.0,6,0
2023-04-03,center_la,Los Angeles,2632,14.4,0.2,0,0
2023-04-04,center_la,Los Angeles,2746,14.6,0.0,1,0
2023-04-05,center_la,Los Angeles,2706,16.6,0.0,2,0
2023-04-06,center_la,Los Angeles,2839,19.4,0.0,3,0
2023-04-07,center_la,Los Angeles,2159,17.5,0.0,4,0
2023-04-08,center_la,Los Angeles,1878,16.8,0.0,5,0
2023-04-09,center_la,Los Angeles,1491,17.2,0.0,6,0
2023-04-10,center_la,Los Angeles,2466,17.6,0.0,0,0
2023-04-11,center_la,Los Angeles,2566,16.5,0.0,1,0
2023-04-12,center_la,Los Angeles,2962,16.5,0.0,2,0
2023-04-13,center_la,Los Angeles,2688,14.6,0.8,3,0
2023-04-14,center_la,Los Angeles,2315,14.9,1.6,4,0
2023-04-15,center_la,Los Angeles,1793,16.5,0.0,5,0
2023-04-16,center_la,Los Angeles,1414,16.6,0.0,6,0
2023-04-17,center_la,Los Angeles,2564,16.2,0.2,0,0
2023-04-18,center_la,Los Angeles,2504,15.6,0.3,1,0
2023-04-19,center_la,Los Angeles,2716,19.2,0.0,2,0
2023-04-20,center_la,Los Angeles,2571,21.0,0.0,3,0
2023-04-21,center_la,Los Angeles,2415,25.6,0.0,4,0
2023-04-22,center_la,Los Angeles,1650,25.1,0.0,5,0
2023-04-23,center_la,Los Angeles,1531,20.0,0.0,6,0
2023-04-24,center_la,Los Angeles,2856,17.8,0.0,0,0
2023-04-25,center_la,Los Angeles,2730,18.7,0.0,1,0
2023-04-26,center_la,Los Angeles,2913,18.8,0.0,2,0
2023-04-27,center_la,Los Angeles,2644,17.5,0.0,3,0
2023-04-28,center_la,Los Angeles,2219,17.6,0.0,4,0
2023-04-29,center_la,Los Angeles,1884,18.2,0.0,5,0
2023-04-30,center_la,Los Angeles,1313,17.2,0.0,6,0
2023-05-01,center_la,Los Angeles,2794,15.6,0.5,0,0
2023-05-02,center_la,Los Angeles,2580,15.4,0.0,1,0
2023-05-03,center_la,Los Angeles,2779,16.2,0.3,2,0
2023-05-04,center_la,Los Angeles,2159,15.3,11.3,3,0
2023-05-05,center_la,Los Angeles,2437,16.4,0.9,4,0
2023-05-06,center_la,Los Angeles,1896,16.6,0.0,5,0
2023-05-07,center_la,Los Angeles,1460,18.1,0.0,6,0
2023-05-08,center_la,Los Angeles,2528,18.4,0.0,0,0
2023-05-09,center_la,Los Angeles,2478,18.8,0.4,1,0
2023-05-10,center_la,Los Angeles,2723,19.0,0.0,2,0
2023-05-11,center_la,Los Angeles,2772,17.3,0.0,3,0
2023-05-12,center_la,Los Angeles,2338,19.2,0.0,4,0
2023-05-13,center_la,Los Angeles,1860,20.5,0.0,5,0
2023-05-14,center_la,Los Angeles,1343,21.8,0.0,6,0
2023-05-15,center_la,Los Angeles,2415,19.5,0.0,0,0
2023-05-16,center_la,Los Angeles,2731,18.6,0.0,1,0
2023-05-17,center_la,Los Angeles,2901,18.8,0.0,2,0
2023-05-18,center_la,Los Angeles,2674,21.0,0.0,3,0
2023-05-19,center_la,Los Angeles,2294,19.8,0.0,4,0
2023-05-20,center_la,Los Angeles,1796,19.8,0.0,5,0
2023-05-21,center_la,Los Angeles,1288,20.2,0.0,6,0
2023-05-22,center_la,Los Angeles,2760,20.0,0.0,0,0
2023-05-23,center_la,Los Angeles,2947,18.4,0.0,1,0
2023-05-24,center_la,Los Angeles,2795,18.5,0.0,2,0
2023-05-25,center_la,Los Angeles,2563,18.8,0.0,3,0
2023-05-26,center_la,Los Angeles,2402,17.9,0.7,4,0
2023-05-27,center_la,Los Angeles,1869,18.0,0.0,5,0
2023-05-28,center_la,Los Angeles,1553,18.4,0.0,6,0
2023-05-29,center_la,Los Angeles,1276,18.6,0.0,0,1
2023-05-30,center_la,Los Angeles,2836,18.4,0.2,1,0
2023-05-31,center_la,Los Angeles,2564,17.9,0.1,2,0
2023-06-01,center_la,Los Angeles,2630,18.5,0.1,3,0
2023-06-02,center_la,Los Angeles,2116,18.8,0.0,4,0
2023-06-03,center_la,Los Angeles,1721,19.6,0.0,5,0
2023-06-04,center_la,Los Angeles,1311,19.0,0.0,6,0
2023-06-05,center_la,Los Angeles,2490,18.2,0.0,0,0
2023-06-06,center_la,Los Angeles,2593,18.9,0.0,1,0
2023-06-07,center_la,Los Angeles,2803,18.1,3.9,2,0
2023-06-08,center_la,Los Angeles,2657,19.1,0.0,3,0
2023-06-09,center_la,Los Angeles,2381,19.3,0.2,4,0
2023-06-10,center_la,Los Angeles,1746,19.3,0.2,5,0
2023-06-11,center_la,Los Angeles,1346,18.6,0.1,6,0
2023-06-12,center_la,Los Angeles,2410,19.2,0.5,0,0
2023-06-13,center_la,Los Angeles,2558,19.1,0.0,1,0
2023-06-14,center_la,Los Angeles,2561,18.6,0.0,2,0
2023-06-15,center_la,Los Angeles,2851,19.0,0.0,3,0
2023-06-16,center_la,Los Angeles,2253,20.6,0.0,4,0
2023-06-17,center_la,Los Angeles,1872,21.1,0.0,5,0
2023-06-18,center_la,Los Angeles,1327,20.1,0.0,6,0
2023-06-19,center_la,Los Angeles,1338,20.4,0.0,0,1
2023-06-20,center_la,Los Angeles,2751,21.0,0.0,1,0
2023-06-21,center_la,Los Angeles,2588,21.8,0.0,2,0
2023-06-22,center_la,Los Angeles,2779,20.5,0.0,3,0
2023-06-23,center_la,Los Angeles,2456,19.9,0.0,4,0
2023-06-24,center_la,Los Angeles,1842,20.7,0.0,5,0
2023-06-25,center_la,Los Angeles,1407,19.8,0.0,6,0
2023-06-26,center_la,Los Angeles,2834,20.9,0.0,0,0
2023-06-27,center_la,Los Angeles,2543,20.6,0.0,1,0
2023-06-28,center_la,Los Angeles,2968,20.4,0.0,2,0
2023-06-29,center_la,Los Angeles,2642,21.7,0.0,3,0
2023-06-30,center_la,Los Angeles,2373,21.6,0.0,4,0
2023-07-01,center_la,Los Angeles,1885,22.6,0.0,5,0
2023-07-02,center_la,Los Angeles,1398,22.5,0.0,6,0
2023-07-03,center_la,Los Angeles,2612,22.1,0.0,0,0
2023-07-04,center_la,Los Angeles,1487,20.8,0.0,1,1
2023-07-05,center_la,Los Angeles,2483,20.2,0.0,2,0
2023-07-06,center_la,Los Angeles,2776,20.5,0.0,3,0
2023-07-07,center_la,Los Angeles,2200,20.8,0.0,4,0
2023-07-08,center_la,Los Angeles,1793,21.9,0.0,5,0
2023-07-09,center_la,Los Angeles,1526,21.9,0.0,6,0
2023-07-10,center_la,Los Angeles,2703,23.6,0.0,0,0
2023-07-11,center_la,Los Angeles,2464,24.1,0.0,1,0
2023-07-12,center_la,Los Angeles,2551,25.4,0.0,2,0
2023-07-13,center_la,Los Angeles,2687,25.5,0.0,3,0
2023-07-14,center_la,Los Angeles,2205,26.7,0.0,4,0
2023-07-15,center_la,Los Angeles,1904,26.1,0.0,5,0
2023-07-16,center_la,Los Angeles,1495,25.4,0.0,6,0
2023-07-17,center_la,Los Angeles,2406,25.0,0.0,0,0
2023-07-18,center_la,Los Angeles,2790,24.6,0.0,1,0
2023-07-19,center_la,Los Angeles,2659,26.2,0.0,2,0
2023-07-20,center_la,Los Angeles,2598,25.9,0.0,3,0
2023-07-21,center_la,Los Angeles,2311,26.5,0.0,4,0
2023-07-22,center_la,Los Angeles,1690,25.5,0.0,5,0
2023-07-23,center_la,Los Angeles,1345,26.3,0.0,6,0
2023-07-24,center_la,Los Angeles,2526,25.7,0.0,0,0
2023-07-25,center_la,Los Angeles,2530,27.3,0.0,1,0
2023-07-26,center_la,Los Angeles,2792,28.2,0.0,2,0
2023-07-27,center_la,Los Angeles,2811,28.1,0.0,3,0
2023-07-28,center_la,Los Angeles,2361,27.3,0.0,4,0
2023-07-29,center_la,Los Angeles,1721,27.9,0.0,5,0
2023-07-30,center_la,Los Angeles,1505,27.8,0.0,6,0
2023-07-31,center_la,Los Angeles,2704,31.9,0.1,0,0
2023-08-01,center_la,Los Angeles,2447,27.1,0.1,1,0
2023-08-02,center_la,Los Angeles,2471,25.5,0.0,2,0
2023-08-03,center_la,Los Angeles,2780,25.0,0.0,3,0
2023-08-04,center_la,Los Angeles,2271,24.8,0.0,4,0
2023-08-05,center_la,Los Angeles,1819,25.8,0.0,5,0
2023-08-06,center_la,Los Angeles,1440,27.0,0.0,6,0
2023-08-07,center_la,Los Angeles,2605,27.2,0.0,0,0
2023-08-08,center_la,Los Angeles,2683,26.8,0.0,1,0
2023-08-09,center_la,Los Angeles,2756,25.5,0.4,2,0
2023-08-10,center_la,Los Angeles,2497,24.8,2.3,3,0
2023-08-11,center_la,Los Angeles,2279,22.3,0.0,4,0
2023-08-12,center_la,Los Angeles,1895,24.1,0.0,5,0
2023-08-13,center_la,Los Angeles,1509,23.6,0.0,6,0
2023-08-14,center_la,Los Angeles,2824,23.5,0.0,0,0
2023-08-15,center_la,Los Angeles,2489,24.5,0.0,1,0
2023-08-16,center_la,Los Angeles,2891,27.1,0.1,2,0
2023-08-17,center_la,Los Angeles,2535,25.5,0.0,3,0
2023-08-18,center_la,Los Angeles,2239,24.8,0.0,4,0
2023-08-19,center_la,Los Angeles,1773,23.4,0.0,5,0
2023-08-20,center_la,Los Angeles,1095,23.5,37.4,6,0
2023-08-21,center_la,Los Angeles,1875,23.2,29.1,0,0
2023-08-22,center_la,Los Angeles,2877,22.8,0.0,1,0
2023-08-23,center_la,Los Angeles,2838,23.1,0.0,2,0
2023-08-24,center_la,Los Angeles,2588,23.5,0.0,3,0
2023-08-25,center_la,Los Angeles,2230,22.0,0.0,4,0
2023-08-26,center_la,Los Angeles,1934,22.4,0.0,5,0
2023-08-27,center_la,Los Angeles,1295,24.3,0.0,6,0
2023-08-28,center_la,Los Angeles,2535,27.0,0.0,0,0
2023-08-29,center_la,Los Angeles,2901,28.4,0.0,1,0
2023-08-30,center_la,Los Angeles,2483,29.5,0.0,2,0
2023-08-31,center_la,Los Angeles,2579,25.0,0.0,3,0
2023-09-01,center_la,Los Angeles,2031,25.4,0.0,4,0
2023-09-02,center_la,Los Angeles,1739,23.2,19.1,5,0
2023-09-03,center_la,Los Angeles,1332,23.8,1.9,6,0
2023-09-04,center_la,Los Angeles,1340,23.0,0.0,0,1
2023-09-05,center_la,Los Angeles,2559,22.1,0.1,1,0
2023-09-06,center_la,Los Angeles,2980,23.4,0.0,2,0
2023-09-07,center_la,Los Angeles,2488,23.6,0.0,3,0
2023-09-08,center_la,Los Angeles,2129,28.0,0.0,4,0
2023-09-09,center_la,Los Angeles,1804,28.9,0.0,5,0
2023-09-10,center_la,Los Angeles,1412,28.0,1.6,6,0
2023-09-11,center_la,Los Angeles,2828,27.3,0.0,0,0
2023-09-12,center_la,Los Angeles,2726,25.1,0.2,1,0
2023-09-13,center_la,Los Angeles,2490,23.6,0.0,2,0
2023-09-14,center_la,Los Angeles,2843,22.7,0.0,3,0
2023-09-15,center_la,Los Angeles,2178,22.5,0.0,4,0
2023-09-16,center_la,Los Angeles,1867,22.0,0.0,5,0
2023-09-17,center_la,Los Angeles,1447,22.2,0.0,6,0
2023-09-18,center_la,Los Angeles,2837,22.1,0.0,0,0
2023-09-19,center_la,Los Angeles,2693,23.1,0.0,1,0
2023-09-20,center_la,Los Angeles,2857,21.8,0.0,2,0
2023-09-21,center_la,Los Angeles,2619,20.0,1.8,3,0
2023-09-22,center_la,Los Angeles,2463,21.9,0.0,4,0
2023-09-23,center_la,Los Angeles,1891,21.4,0.2,5,0
2023-09-24,center_la,Los Angeles,1492,22.4,0.0,6,0
2023-09-25,center_la,Los Angeles,2784,22.8,0.0,0,0
2023-09-26,center_la,Los Angeles,2872,23.1,0.0,1,0
2023-09-27,center_la,Los Angeles,2951,24.5,0.0,2,0
2023-09-28,center_la,Los Angeles,2681,23.0,0.0,3,0
2023-09-29,center_la,Los Angeles,2122,22.9,0.0,4,0
2023-09-30,center_la,Los Angeles,1694,19.6,6.0,5,0
2023-10-01,center_la,Los Angeles,1513,18.6,1.2,6,0
2023-10-02,center_la,Los Angeles,2815,19.8,0.0,0,0
2023-10-03,center_la,Los Angeles,2947,23.2,0.0,1,0
2023-10-04,center_la,Los Angeles,2705,26.0,0.0,2,0
2023-10-05,center_la,Los Angeles,2730,29.9,0.0,3,0
2023-10-06,center_la,Los Angeles,2060,29.5,0.0,4,0
2023-10-07,center_la,Los Angeles,1800,28.2,0.0,5,0
2023-10-08,center_la,Los Angeles,1344,25.6,0.0,6,0
2023-10-09,center_la,Los Angeles,1327,23.1,0.0,0,1
2023-10-10,center_la,Los Angeles,2598,22.6,0.0,1,0
2023-10-11,center_la,Los Angeles,2726,22.6,0.0,2,0
2023-10-12,center_la,Los Angeles,2814,24.1,0.0,3,0
2023-10-13,center_la,Los Angeles,2162,24.4,0.0,4,0
2023-10-14,center_la,Los Angeles,1853,22.6,0.0,5,0
2023-10-15,center_la,Los Angeles,1408,26.0,0.0,6,0
2023-10-16,center_la,Los Angeles,2674,25.0,0.0,0,0
2023-10-17,center_la,Los Angeles,2595,24.6,0.0,1,0
2023-10-18,center_la,Los Angeles,2928,24.5,0.0,2,0
2023-10-19,center_la,Los Angeles,2846,26.2,0.0,3,0
2023-10-20,center_la,Los Angeles,2273,25.0,0.0,4,0
2023-10-21,center_la,Los Angeles,1941,24.2,0.0,5,0
2023-10-22,center_la,Los Angeles,1514,21.0,0.0,6,0
2023-10-23,center_la,Los Angeles,2441,22.2,0.4,0,0
2023-10-24,center_la,Los Angeles,2521,22.3,0.0,1,0
2023-10-25,center_la,Los Angeles,2801,21.0,0.8,2,0
2023-10-26,center_la,Los Angeles,2368,20.6,0.1,3,0
2023-10-27,center_la,Los Angeles,2144,21.5,0.0,4,0
2023-10-28,center_la,Los Angeles,1799,20.3,0.0,5,0
2023-10-29,center_la,Los Angeles,1401,25.7,0.0,6,0
2023-10-30,center_la,Los Angeles,2720,24.8,0.0,0,0
2023-10-31,center_la,Los Angeles,2446,26.3,0.0,1,0
2023-11-01,center_la,Los Angeles,2608,27.8,0.0,2,0
2023-11-02,center_la,Los Angeles,2748,27.7,0.0,3,0
2023-11-03,center_la,Los Angeles,2175,25.8,0.0,4,0
2023-11-04,center_la,Los Angeles,1847,24.0,0.0,5,0
2023-11-05,center_la,Los Angeles,1286,23.2,0.0,6,0
2023-11-06,center_la,Los Angeles,2720,20.9,0.0,0,0
2023-11-07,center_la,Los Angeles,2450,20.1,1.0,1,0
2023-11-08,center_la,Los Angeles,2555,23.2,0.0,2,0
2023-11-09,center_la,Los Angeles,2467,24.0,0.0,3,0
2023-11-10,center_la,Los Angeles,1149,23.1,0.0,4,1
2023-11-11,center_la,Los Angeles,951,25.0,0.0,5,1
2023-11-12,center_la,Los Angeles,1382,27.8,0.0,6,0
2023-11-13,center_la,Los Angeles,2440,23.4,0.0,0,0
2023-11-14,center_la,Los Angeles,2756,24.6,0.0,1,0
2023-11-15,center_la,Los Angeles,2468,21.9,6.7,2,0
2023-11-16,center_la,Los Angeles,2554,20.2,6.5,3,0
2023-11-17,center_la,Los Angeles,2152,20.9,0.0,4,0
2023-11-18,center_la,Los Angeles,1465,19.2,5.5,5,0
2023-11-19,center_la,Los Angeles,1318,19.1,0.4,6,0
2023-11-20,center_la,Los Angeles,2776,21.1,0.0,0,0
2023-11-21,center_la,Los Angeles,2660,24.5,0.0,1,0
2023-11-22,center_la,Los Angeles,2775,24.3,0.0,2,0
2023-11-23,center_la,Los Angeles,1182,20.0,0.0,3,1
2023-11-24,center_la,Los Angeles,2171,18.5,0.0,4,0
2023-11-25,center_la,Los Angeles,1769,18.0,0.0,5,0
2023-11-26,center_la,Los Angeles,1364,19.9,0.0,6,0
2023-11-27,center_la,Los Angeles,2453,20.6,0.0,0,0
2023-11-28,center_la,Los Angeles,2694,20.6,0.0,1,0
2023-11-29,center_la,Los Angeles,2819,17.2,0.0,2,0
2023-11-30,center_la,Los Angeles,2755,17.4,0.0,3,0
2023-12-01,center_la,Los Angeles,2459,18.0,0.0,4,0
2023-12-02,center_la,Los Angeles,1786,19.2,0.0,5,0
2023-12-03,center_la,Los Angeles,1355,18.2,0.0,6,0
2023-12-04,center_la,Los Angeles,2414,22.2,0.0,0,0
2023-12-05,center_la,Los Angeles,2691,25.5,0.0,1,0
2023-12-06,center_la,Los Angeles,2769,21.6,0.0,2,0
2023-12-07,center_la,Los Angeles,2463,17.9,0.0,3,0
2023-12-08,center_la,Los Angeles,2050,19.0,0.0,4,0
2023-12-09,center_la,Los Angeles,1736,20.4,0.0,5,0
2023-12-10,center_la,Los Angeles,1405,23.2,0.0,6,0
2023-12-11,center_la,Los Angeles,2571,21.8,0.0,0,0
2023-12-12,center_la,Los Angeles,2697,18.9,0.0,1,0
2023-12-13,center_la,Los Angeles,2858,17.4,0.0,2,0
2023-12-14,center_la,Los Angeles,2757,21.4,0.0,3,0
2023-12-15,center_la,Los Angeles,2336,24.1,0.0,4,0
2023-12-16,center_la,Los Angeles,1782,25.0,0.0,5,0
2023-12-17,center_la,Los Angeles,1430,22.5,0.0,6,0
2023-12-18,center_la,Los Angeles,2644,21.0,0.0,0,0
2023-12-19,center_la,Los Angeles,2566,19.0,3.8,1,0
2023-12-20,center_la,Los Angeles,2235,16.5,24.1,2,0
2023-12-21,center_la,Los Angeles,2040,15.1,59.1,3,0
2023-12-22,center_la,Los Angeles,1523,17.6,40.2,4,0
2023-12-23,center_la,Los Angeles,1797,17.0,0.4,5,0
2023-12-24,center_la,Los Angeles,1503,16.6,0.1,6,0
2023-12-25,center_la,Los Angeles,1400,16.9,0.0,0,1
2023-12-26,center_la,Los Angeles,2752,16.8,0.0,1,0
2023-12-27,center_la,Los Angeles,2706,15.7,0.0,2,0
2023-12-28,center_la,Los Angeles,2755,15.6,0.0,3,0
2023-12-29,center_la,Los Angeles,2200,16.8,0.0,4,0
2023-12-30,center_la,Los Angeles,1668,15.6,9.3,5,0
2023-12-31,center_la,Los Angeles,1419,15.0,0.1,6,0
2020-01-01,center_nyc,New York City,2630,5.4,0.4,2,1
2020-01-02,center_nyc,New York City,5014,9.1,0.0,3,0
2020-01-03,center_nyc,New York City,4482,9.1,3.7,4,0
2020-01-04,center_nyc,New York City,3230,10.4,6.0,5,0
2020-01-05,center_nyc,New York City,2818,9.0,2.9,6,0
2020-01-06,center_nyc,New York City,4473,7.8,1.2,0,0
2020-01-07,center_nyc,New York City,5343,6.0,0.1,1,0
2020-01-08,center_nyc,New York City,4652,5.2,1.0,2,0
2020-01-09,center_nyc,New York City,4743,0.5,0.0,3,0
2020-01-10,center_nyc,New York City,5319,11.8,0.0,4,0
2020-01-11,center_nyc,New York City,3467,17.0,0.0,5,0
2020-01-12,center_nyc,New York City,3183,18.7,2.9,6,0
2020-01-13,center_nyc,New York City,5189,10.5,0.3,0,0
2020-01-14,center_nyc,New York City,5205,7.2,0.2,1,0
2020-01-15,center_nyc,New York City,5113,9.4,0.4,2,0
2020-01-16,center_nyc,New York City,4682,8.8,2.9,3,0
2020-01-17,center_nyc,New York City,4368,2.8,0.0,4,0
2020-01-18,center_nyc,New York City,3046,2.1,3.2,5,0
2020-01-19,center_nyc,New York City,2350,7.3,5.9,6,0
2020-01-20,center_nyc,New York City,2218,1.1,0.0,0,1
2020-01-21,center_nyc,New York City,5226,1.2,0.0,1,0
2020-01-22,center_nyc,New York City,4992,2.5,0.0,2,0
2020-01-23,center_nyc,New York City,4800,6.1,0.0,3,0
2020-01-24,center_nyc,New York City,4476,8.9,0.0,4,0
2020-01-25,center_nyc,New York City,2828,10.2,23.6,5,0
2020-01-26,center_nyc,New York City,2653,7.8,0.0,6,0
2020-01-27,center_nyc,New York City,4829,7.1,0.0,0,0
2020-01-28,center_nyc,New York City,4637,5.8,0.0,1,0
2020-01-29,center_nyc,New York City,4870,4.2,0.0,2,0
2020-01-30,center_nyc,New York City,4564,1.4,0.0,3,0
2020-01-31,center_nyc,New York City,4082,6.4,0.0,4,0
2020-02-01,center_nyc,New York City,3221,5.6,1.2,5,0
2020-02-02,center_nyc,New York City,2445,6.3,2.4,6,0
2020-02-03,center_nyc,New York City,6000,12.4,1.9,0,0
2020-02-04,center_nyc,New York City,6442,12.9,1.4,1,0
2020-02-05,center_nyc,New York City,5949,10.6,1.1,2,0
2020-02-06,center_nyc,New York City,4243,7.4,13.6,3,0
2020-02-07,center_nyc,New York City,4753,14.1,15.6,4,0
2020-02-08,center_nyc,New York City,2997,5.2,0.0,5,0
2020-02-09,center_nyc,New York City,2380,7.0,0.6,6,0
2020-02-10,center_nyc,New York City,4324,8.8,6.6,0,0
2020-02-11,center_nyc,New York City,4268,7.4,10.6,1,0
2020-02-12,center_nyc,New York City,5223,7.8,0.3,2,0
2020-02-13,center_nyc,New York City,4416,6.7,20.0,3,0
2020-02-14,center_nyc,New York City,3959,5.3,0.0,4,0
2020-02-15,center_nyc,New York City,2877,-1.7,0.0,5,0
2020-02-16,center_nyc,New York City,2463,7.6,0.0,6,0
2020-02-17,center_nyc,New York City,2532,9.2,0.0,0,1
2020-02-18,center_nyc,New York City,5483,9.0,1.4,1,0
2020-02-19,center_nyc,New York City,4708,8.2,0.0,2,0
2020-02-20,center_nyc,New York City,4812,3.5,0.0,3,0
2020-02-21,center_nyc,New York City,4293,1.3,0.0,4,0
2020-02-22,center_nyc,New York City,3041,8.7,0.0,5,0
2020-02-23,center_nyc,New York City,2825,11.0,0.0,6,0
2020-02-24,center_nyc,New York City,5904,11.2,0.0,0,0
2020-02-25,center_nyc,New York City,5146,9.9,3.1,1,0
2020-02-26,center_nyc,New York City,6311,10.0,0.7,2,0
2020-02-27,center_nyc,New York City,4235,9.1,11.4,3,0
2020-02-28,center_nyc,New York City,4420,5.0,0.0,4,0
2020-02-29,center_nyc,New York City,3386,2.7,0.1,5,0
2020-03-01,center_nyc,New York City,2630,6.8,0.0,6,0
2020-03-02,center_nyc,New York City,5911,11.5,0.0,0,0
2020-03-03,center_nyc,New York City,5428,12.1,4.6,1,0
2020-03-04,center_nyc,New York City,6436,13.2,4.5,2,0
2020-03-05,center_nyc,New York City,4838,9.7,0.1,3,0
2020-03-06,center_nyc,New York City,4057,8.3,2.6,4,0
2020-03-07,center_nyc,New York City,3212,8.2,1.8,5,0
2020-03-08,center_nyc,New York City,3025,13.6,0.0,6,0
2020-03-09,center_nyc,New York City,5495,19.1,0.0,0,0
2020-03-10,center_nyc,New York City,5820,15.9,1.7,1,0
2020-03-11,center_nyc,New York City,6345,15.0,1.0,2,0
2020-03-12,center_nyc,New York City,4659,8.5,0.0,3,0
2020-03-13,center_nyc,New York City,4071,19.9,8.1,4,0
2020-03-14,center_nyc,New York City,3614,13.4,0.0,5,0
2020-03-15,center_nyc,New York City,3027,11.1,0.4,6,0
2020-03-16,center_nyc,New York City,4597,6.1,0.0,0,0
2020-03-17,center_nyc,New York City,5650,12.4,6.9,1,0
2020-03-18,center_nyc,New York City,5273,9.6,0.0,2,0
2020-03-19,center_nyc,New York City,4714,12.7,19.6,3,0
2020-03-20,center_nyc,New York City,4956,23.5,1.8,4,0
2020-03-21,center_nyc,New York City,3467,20.0,0.0,5,0
2020-03-22,center_nyc,New York City,2846,6.1,0.0,6,0
2020-03-23,center_nyc,New York City,3332,6.8,27.5,0,0
2020-03-24,center_nyc,New York City,6256,13.6,0.8,1,0
2020-03-25,center_nyc,New York City,5031,7.9,0.1,2,0
2020-03-26,center_nyc,New York City,6011,11.9,0.0,3,0
2020-03-27,center_nyc,New York City,5004,18.2,0.4,4,0
2020-03-28,center_nyc,New York City,3389,13.9,9.0,5,0
2020-03-29,center_nyc,New York City,2788,12.6,7.3,6,0
2020-03-30,center_nyc,New York City,5659,11.0,2.0,0,0
2020-03-31,center_nyc,New York City,5244,8.1,3.1,1,0
2020-04-01,center_nyc,New York City,5941,12.6,0.0,2,0
2020-04-02,center_nyc,New York City,5898,13.8,0.0,3,0
2020-04-03,center_nyc,New York City,4496,11.4,6.5,4,0
2020-04-04,center_nyc,New York City,3513,13.6,1.4,5,0
2020-04-05,center_nyc,New York City,3334,14.6,0.0,6,0
2020-04-06,center_nyc,New York City,5183,17.0,1.3,0,0
2020-04-07,center_nyc,New York City,5809,15.9,0.0,1,0
2020-04-08,center_nyc,New York City,5071,18.9,6.0,2,0
2020-04-09,center_nyc,New York City,4797,16.5,10.1,3,0
2020-04-10,center_nyc,New York City,3976,9.8,1.2,4,0
2020-04-11,center_nyc,New York City,3585,11.4,0.0,5,0
2020-04-12,center_nyc,New York City,3313,14.4,0.0,6,0
2020-04-13,center_nyc,New York City,4181,18.4,41.0,0,0
2020-04-14,center_nyc,New York City,5353,18.0,0.0,1,0
2020-04-15,center_nyc,New York City,6184,11.3,1.5,2,0
2020-04-16,center_nyc,New York City,4461,8.9,0.2,3,0
2020-04-17,center_nyc,New York City,4720,10.4,0.6,4,0
2020-04-18,center_nyc,New York City,2765,8.9,7.6,5,0
2020-04-19,center_nyc,New York City,3335,15.4,0.0,6,0
2020-04-20,center_nyc,New York City,5431,12.4,0.0,0,0
2020-04-21,center_nyc,New York City,5686,13.9,10.5,1,0
2020-04-22,center_nyc,New York City,4509,9.6,0.0,2,0
2020-04-23,center_nyc,New York City,4860,9.4,0.0,3,0
2020-04-24,center_nyc,New York City,4014,9.2,16.9,4,0
2020-04-25,center_nyc,New York City,3692,15.7,0.0,5,0
2020-04-26,center_nyc,New York City,2485,9.9,8.7,6,0
2020-04-27,center_nyc,New York City,4877,8.2,1.7,0,0
2020-04-28,center_nyc,New York City,5917,17.5,0.0,1,0
2020-04-29,center_nyc,New York City,6120,13.1,0.8,2,0
2020-04-30,center_nyc,New York City,4907,15.1,11.5,3,0
2020-05-01,center_nyc,New York City,3724,18.3,21.6,4,0
2020-05-02,center_nyc,New York City,4163,21.4,0.0,5,0
2020-05-03,center_nyc,New York City,2938,24.6,5.1,6,0
2020-05-04,center_nyc,New York City,6164,20.6,0.9,0,0
2020-05-05,center_nyc,New York City,5296,15.2,0.0,1,0
2020-05-06,center_nyc,New York City,6359,12.6,3.1,2,0
2020-05-07,center_nyc,New York City,5727,17.4,0.2,3,0
2020-05-08,center_nyc,New York City,4747,14.1,2.2,4,0
2020-05-09,center_nyc,New York City,3080,8.4,9.2,5,0
2020-05-10,center_nyc,New York City,2759,15.8,0.0,6,0
2020-05-11,center_nyc,New York City,5870,14.6,1.6,0,0
2020-05-12,center_nyc,New York City,5659,14.8,0.0,1,0
2020-05-13,center_nyc,New York City,5353,15.7,0.0,2,0
2020-05-14,center_nyc,New York City,5755,15.5,0.0,3,0
2020-05-15,center_nyc,New York City,4927,26.2,2.4,4,0
2020-05-16,center_nyc,New York City,3816,23.2,0.4,5,0
2020-05-17,center_nyc,New York City,3184,16.4,0.0,6,0
2020-05-18,center_nyc,New York City,5758,19.3,0.0,0,0
2020-05-19,center_nyc,New York City,5548,18.5,0.0,1,0
2020-05-20,center_nyc,New York City,5680,16.6,0.0,2,0
2020-05-21,center_nyc,New York City,5775,14.9,0.0,3,0
2020-05-22,center_nyc,New York City,4999,20.8,2.5,4,0
2020-05-23,center_nyc,New York City,3346,19.5,14.5,5,0
2020-05-24,center_nyc,New York City,2791,17.5,0.0,6,0
2020-05-25,center_nyc,New York City,2739,18.9,0.2,0,1
2020-05-26,center_nyc,New York City,5526,20.4,0.0,1,0
2020-05-27,center_nyc,New York City,5582,20.6,0.0,2,0
2020-05-28,center_nyc,New York City,5602,21.5,0.4,3,0
2020-05-29,center_nyc,New York City,4938,23.1,0.6,4,0
2020-05-30,center_nyc,New York City,3692,26.5,5.5,5,0
2020-05-31,center_nyc,New York City,2880,22.9,0.0,6,0
2020-06-01,center_nyc,New York City,5889,20.0,0.1,0,0
2020-06-02,center_nyc,New York City,5400,22.2,0.0,1,0
2020-06-03,center_nyc,New York City,5752,29.6,4.9,2,0
2020-06-04,center_nyc,New York City,5964,28.0,3.4,3,0
2020-06-05,center_nyc,New York City,4036,25.0,12.7,4,0
2020-06-06,center_nyc,New York City,3751,29.5,6.4,5,0
2020-06-07,center_nyc,New York City,3138,25.1,0.0,6,0
2020-06-08,center_nyc,New York City,5632,24.9,0.0,0,0
2020-06-09,center_nyc,New York City,5374,28.5,0.0,1,0
2020-06-10,center_nyc,New York City,5426,25.6,0.0,2,0
2020-06-11,center_nyc,New York City,4055,27.0,27.9,3,0
2020-06-12,center_nyc,New York City,5035,28.8,0.1,4,0
2020-06-13,center_nyc,New York City,4003,23.4,0.0,5,0
2020-06-14,center_nyc,New York City,2932,21.4,0.0,6,0
2020-06-15,center_nyc,New York City,5923,22.4,0.0,0,0
2020-06-16,center_nyc,New York City,6243,23.7,0.0,1,0
2020-06-17,center_nyc,New York City,5708,24.1,0.0,2,0
2020-06-18,center_nyc,New York City,5928,22.8,1.0,3,0
2020-06-19,center_nyc,New York City,4480,23.9,0.4,4,0
2020-06-20,center_nyc,New York City,4101,26.0,0.1,5,0
2020-06-21,center_nyc,New York City,3346,26.9,0.2,6,0
2020-06-22,center_nyc,New York City,5594,29.7,0.0,0,0
2020-06-23,center_nyc,New York City,6042,27.2,0.3,1,0
2020-06-24,center_nyc,New York City,5795,30.9,0.1,2,0
2020-06-25,center_nyc,New York City,6085,28.5,0.0,3,0
2020-06-26,center_nyc,New York City,5170,29.8,0.0,4,0
2020-06-27,center_nyc,New York City,3726,27.4,6.1,5,0
2020-06-28,center_nyc,New York City,2867,28.3,3.2,6,0
2020-06-29,center_nyc,New York City,5906,29.8,0.8,0,0
2020-06-30,center_nyc,New York City,5089,25.2,5.4,1,0
2020-07-01,center_nyc,New York City,5756,26.0,1.1,2,0
2020-07-02,center_nyc,New York City,5711,30.8,0.2,3,0
2020-07-03,center_nyc,New York City,2448,32.0,1.5,4,1
2020-07-04,center_nyc,New York City,1601,28.4,14.1,5,1
2020-07-05,center_nyc,New York City,3219,31.1,0.1,6,0
2020-07-06,center_nyc,New York City,5448,32.4,0.0,0,0
2020-07-07,center_nyc,New York City,6185,26.8,0.4,1,0
2020-07-08,center_nyc,New York City,5526,28.0,0.3,2,0
2020-07-09,center_nyc,New York City,5104,29.0,0.0,3,0
2020-07-10,center_nyc,New York City,3691,24.9,30.3,4,0
2020-07-11,center_nyc,New York City,3220,28.2,15.8,5,0
2020-07-12,center_nyc,New York City,2828,31.4,0.0,6,0
2020-07-13,center_nyc,New York City,5880,30.6,0.6,0,0
2020-07-14,center_nyc,New York City,6356,28.9,0.1,1,0
2020-07-15,center_nyc,New York City,5434,26.5,0.9,2,0
2020-07-16,center_nyc,New York City,6148,24.0,0.0,3,0
2020-07-17,center_nyc,New York City,4098,28.2,5.8,4,0
2020-07-18,center_nyc,New York City,3773,32.3,0.0,5,0
2020-07-19,center_nyc,New York City,3067,32.2,0.0,6,0
2020-07-20,center_nyc,New York City,4373,36.0,0.0,0,0
2020-07-21,center_nyc,New York City,5410,31.7,0.0,1,0
2020-07-22,center_nyc,New York City,6031,32.0,0.7,2,0
2020-07-23,center_nyc,New York City,5022,30.5,8.9,3,0
2020-07-24,center_nyc,New York City,4647,26.4,12.0,4,0
2020-07-25,center_nyc,New York City,3801,29.0,0.1,5,0
2020-07-26,center_nyc,New York City,2910,34.2,0.1,6,0
2020-07-27,center_nyc,New York City,4831,35.4,0.0,0,0
2020-07-28,center_nyc,New York City,5483,34.8,0.7,1,0
2020-07-29,center_nyc,New York City,5679,30.8,0.2,2,0
2020-07-30,center_nyc,New York City,5227,31.6,0.0,3,0
2020-07-31,center_nyc,New York City,4728,29.6,14.5,4,0
2020-08-01,center_nyc,New York City,3837,29.3,0.1,5,0
2020-08-02,center_nyc,New York City,3013,28.4,5.3,6,0
2020-08-03,center_nyc,New York City,5659,30.3,0.0,0,0
2020-08-04,center_nyc,New York City,4776,27.1,18.7,1,0
2020-08-05,center_nyc,New York City,5556,30.3,0.0,2,0
2020-08-06,center_nyc,New York City,5334,26.4,2.2,3,0
2020-08-07,center_nyc,New York City,4396,27.1,0.4,4,0
2020-08-08,center_nyc,New York City,3500,26.5,16.5,5,0
2020-08-09,center_nyc,New York City,3032,28.0,0.9,6,0
2020-08-10,center_nyc,New York City,5357,30.9,0.0,0,0
2020-08-11,center_nyc,New York City,6223,28.5,0.1,1,0
2020-08-12,center_nyc,New York City,6210,30.1,3.6,2,0
2020-08-13,center_nyc,New York City,5463,26.8,6.3,3,0
2020-08-14,center_nyc,New York City,5159,29.2,0.7,4,0
2020-08-15,center_nyc,New York City,3493,28.8,0.0,5,0
2020-08-16,center_nyc,New York City,2710,23.3,13.8,6,0
2020-08-17,center_nyc,New York City,5697,24.5,2.9,0,0
2020-08-18,center_nyc,New York City,5301,28.5,2.2,1,0
2020-08-19,center_nyc,New York City,5329,23.5,7.4,2,0
2020-08-20,center_nyc,New York City,5804,25.4,0.8,3,0
2020-08-21,center_nyc,New York City,4603,28.3,0.0,4,0
2020-08-22,center_nyc,New York City,3718,29.8,0.3,5,0
2020-08-23,center_nyc,New York City,3007,27.6,0.0,6,0
2020-08-24,center_nyc,New York City,5664,30.4,0.1,0,0
2020-08-25,center_nyc,New York City,6207,33.9,0.8,1,0
2020-08-26,center_nyc,New York City,5350,27.6,0.0,2,0
2020-08-27,center_nyc,New York City,5512,34.5,1.4,3,0
2020-08-28,center_nyc,New York City,5095,31.2,0.7,4,0
2020-08-29,center_nyc,New York City,3737,25.5,20.0,5,0
2020-08-30,center_nyc,New York City,2961,26.1,0.1,6,0
2020-08-31,center_nyc,New York City,5528,23.4,0.0,0,0
2020-09-01,center_nyc,New York City,6371,25.0,0.4,1,0
2020-09-02,center_nyc,New York City,5636,25.5,10.5,2,0
2020-09-03,center_nyc,New York City,5072,28.8,8.3,3,0
2020-09-04,center_nyc,New York City,4004,29.4,11.7,4,0
2020-09-05,center_nyc,New York City,4088,25.0,0.0,5,0
2020-09-06,center_nyc,New York City,2947,26.2,0.0,6,0
2020-09-07,center_nyc,New York City,2598,25.2,0.0,0,1
2020-09-08,center_nyc,New York City,5997,26.5,0.0,1,0
2020-09-09,center_nyc,New York City,5497,26.5,0.0,2,0
2020-09-10,center_nyc,New York City,4650,27.0,16.5,3,0
2020-09-11,center_nyc,New York City,5247,25.1,1.2,4,0
2020-09-12,center_nyc,New York City,3465,21.1,0.1,5,0
2020-09-13,center_nyc,New York City,3305,23.5,0.2,6,0
2020-09-14,center_nyc,New York City,5414,25.4,0.0,0,0
2020-09-15,center_nyc,New York City,5772,19.4,0.0,1,0
2020-09-16,center_nyc,New York City,6207,21.9,0.0,2,0
2020-09-17,center_nyc,New York City,5679,22.5,0.1,3,0
2020-09-18,center_nyc,New York City,4650,21.6,0.0,4,0
2020-09-19,center_nyc,New York City,3654,17.5,0.0,5,0
2020-09-20,center_nyc,New York City,2807,17.0,0.0,6,0
2020-09-21,center_nyc,New York City,5973,18.7,0.0,0,0
2020-09-22,center_nyc,New York City,6428,22.9,0.0,1,0
2020-09-23,center_nyc,New York City,5433,27.1,0.0,2,0
2020-09-24,center_nyc,New York City,5255,24.5,0.0,3,0
2020-09-25,center_nyc,New York City,5080,24.2,0.0,4,0
2020-09-26,center_nyc,New York City,4061,22.7,1.7,5,0
2020-09-27,center_nyc,New York City,2873,25.1,0.1,6,0
2020-09-28,center_nyc,New York City,5338,23.7,0.7,0,0
2020-09-29,center_nyc,New York City,5416,23.4,4.8,1,0
2020-09-30,center_nyc,New York City,4083,21.5,33.5,2,0
2020-10-01,center_nyc,New York City,6102,22.4,0.0,3,0
2020-10-02,center_nyc,New York City,5224,19.0,4.6,4,0
2020-10-03,center_nyc,New York City,4152,18.7,0.0,5,0
2020-10-04,center_nyc,New York City,3036,18.9,0.0,6,0
2020-10-05,center_nyc,New York City,5224,20.2,0.3,0,0
2020-10-06,center_nyc,New York City,5742,20.1,0.5,1,0
2020-10-07,center_nyc,New York City,5412,25.0,0.3,2,0
2020-10-08,center_nyc,New York City,5203,18.9,0.0,3,0
2020-10-09,center_nyc,New York City,4944,18.4,0.0,4,0
2020-10-10,center_nyc,New York City,3851,23.8,0.0,5,0
2020-10-11,center_nyc,New York City,3284,20.2,0.1,6,0
2020-10-12,center_nyc,New York City,2268,16.4,24.8,0,1
2020-10-13,center_nyc,New York City,5764,14.9,8.9,1,0
2020-10-14,center_nyc,New York City,5818,20.4,0.0,2,0
2020-10-15,center_nyc,New York City,5438,20.9,0.0,3,0
2020-10-16,center_nyc,New York City,3496,18.3,20.6,4,0
2020-10-17,center_nyc,New York City,3254,15.4,6.6,5,0
2020-10-18,center_nyc,New York City,3150,17.0,0.0,6,0
2020-10-19,center_nyc,New York City,5624,18.0,0.0,0,0
2020-10-20,center_nyc,New York City,5316,20.6,0.0,1,0
2020-10-21,center_nyc,New York City,5459,18.8,0.9,2,0
2020-10-22,center_nyc,New York City,5283,20.8,0.0,3,0
2020-10-23,center_nyc,New York City,4743,19.9,0.3,4,0
2020-10-24,center_nyc,New York City,4043,21.2,0.5,5,0
2020-10-25,center_nyc,New York City,2813,14.4,0.3,6,0
2020-10-26,center_nyc,New York City,6029,17.0,2.2,0,0
2020-10-27,center_nyc,New York City,5618,15.5,0.7,1,0
2020-10-28,center_nyc,New York City,6192,16.6,2.3,2,0
2020-10-29,center_nyc,New York City,3962,14.7,33.6,3,0
2020-10-30,center_nyc,New York City,2825,9.1,20.4,4,0
2020-10-31,center_nyc,New York City,3347,6.9,0.0,5,0
2020-11-01,center_nyc,New York City,2512,13.9,7.9,6,0
2020-11-02,center_nyc,New York City,5535,11.2,0.9,0,0
2020-11-03,center_nyc,New York City,6391,12.5,0.0,1,0
2020-11-04,center_nyc,New York City,5488,16.2,0.0,2,0
2020-11-05,center_nyc,New York City,5918,18.4,0.0,3,0
2020-11-06,center_nyc,New York City,5280,20.0,0.0,4,0
2020-11-07,center_nyc,New York City,3532,20.9,0.0,5,0
2020-11-08,center_nyc,New York City,2903,21.5,0.0,6,0
2020-11-09,center_nyc,New York City,6172,20.9,0.0,0,0
2020-11-10,center_nyc,New York City,5775,19.7,0.0,1,0
2020-11-11,center_nyc,New York City,2529,22.0,6.4,2,1
2020-11-12,center_nyc,New York City,4037,18.9,22.1,3,0
2020-11-13,center_nyc,New York City,4349,11.1,5.4,4,0
2020-11-14,center_nyc,New York City,3816,11.4,0.0,5,0
2020-11-15,center_nyc,New York City,3082,15.6,1.3,6,0
2020-11-16,center_nyc,New York City,5936,17.8,4.9,0,0
2020-11-17,center_nyc,New York City,5331,8.8,1.2,1,0
2020-11-18,center_nyc,New York City,5129,5.0,0.0,2,0
2020-11-19,center_nyc,New York City,4357,7.6,0.0,3,0
2020-11-20,center_nyc,New York City,4390,14.6,0.0,4,0
2020-11-21,center_nyc,New York City,4138,15.9,0.0,5,0
2020-11-22,center_nyc,New York City,3054,13.1,0.2,6,0
2020-11-23,center_nyc,New York City,4583,14.4,15.5,0,0
2020-11-24,center_nyc,New York City,4817,8.6,0.0,1,0
2020-11-25,center_nyc,New York City,5349,11.9,0.0,2,0
2020-11-26,center_nyc,New York City,2676,16.8,14.3,3,1
2020-11-27,center_nyc,New York City,4490,15.6,0.0,4,0
2020-11-28,center_nyc,New York City,3620,13.3,0.2,5,0
2020-11-29,center_nyc,New York City,3024,10.8,0.0,6,0
2020-11-30,center_nyc,New York City,4585,16.1,28.4,0,0
2020-12-01,center_nyc,New York City,5682,16.5,3.9,1,0
2020-12-02,center_nyc,New York City,5401,6.9,0.0,2,0
2020-12-03,center_nyc,New York City,4737,9.6,0.0,3,0
2020-12-04,center_nyc,New York City,4536,11.1,2.7,4,0
2020-12-05,center_nyc,New York City,2257,7.4,27.1,5,0
2020-12-06,center_nyc,New York City,2581,5.2,0.0,6,0
2020-12-07,center_nyc,New York City,4806,4.2,0.0,0,0
2020-12-08,center_nyc,New York City,5272,3.7,0.0,1,0
2020-12-09,center_nyc,New York City,5474,3.9,0.3,2,0
2020-12-10,center_nyc,New York City,4318,9.4,0.0,3,0
2020-12-11,center_nyc,New York City,4832,11.4,0.0,4,0
2020-12-12,center_nyc,New York City,3560,12.9,0.8,5,0
2020-12-13,center_nyc,New York City,3177,15.1,0.2,6,0
2020-12-14,center_nyc,New York City,3967,8.1,7.6,0,0
2020-12-15,center_nyc,New York City,5183,3.9,0.0,1,0
2020-12-16,center_nyc,New York City,5223,0.8,2.8,2,0
2020-12-17,center_nyc,New York City,3766,1.5,29.9,3,0
2020-12-18,center_nyc,New York City,3616,-1.9,0.0,4,0
2020-12-19,center_nyc,New York City,2473,-2.0,0.0,5,0
2020-12-20,center_nyc,New York City,2641,3.2,0.9,6,0
2020-12-21,center_nyc,New York City,4695,2.8,0.0,0,0
2020-12-22,center_nyc,New York City,4950,6.8,0.0,1,0
2020-12-23,center_nyc,New York City,5133,5.2,0.0,2,0
2020-12-24,center_nyc,New York City,5270,13.8,3.5,3,0
2020-12-25,center_nyc,New York City,1653,15.1,41.7,4,1
2020-12-26,center_nyc,New York City,3120,2.2,0.0,5,0
2020-12-27,center_nyc,New York City,2856,2.5,0.0,6,0
2020-12-28,center_nyc,New York City,4796,9.8,0.0,0,0
2020-12-29,center_nyc,New York City,4793,6.1,0.0,1,0
2020-12-30,center_nyc,New York City,4494,4.5,0.0,2,0
2020-12-31,center_nyc,New York City,4112,9.1,9.9,3,0
2021-01-01,center_nyc,New York City,1941,4.3,0.5,4,1
2021-01-02,center_nyc,New York City,3290,10.4,11.0,5,0
2021-01-03,center_nyc,New York City,2234,4.3,5.6,6,0
2021-01-04,center_nyc,New York City,4747,6.6,3.2,0,0
2021-01-05,center_nyc,New York City,5006,5.3,0.0,1,0
2021-01-06,center_nyc,New York City,4490,4.9,0.0,2,0
2021-01-07,center_nyc,New York City,4717,6.1,0.0,3,0
2021-01-08,center_nyc,New York City,3957,5.2,0.0,4,0
2021-01-09,center_nyc,New York City,3195,1.8,0.0,5,0
2021-01-10,center_nyc,New York City,2601,5.0,0.0,6,0
2021-01-11,center_nyc,New York City,4509,2.2,0.0,0,0
2021-01-12,center_nyc,New York City,4733,5.5,0.0,1,0
2021-01-13,center_nyc,New York City,4537,6.3,0.0,2,0
2021-01-14,center_nyc,New York City,4349,8.6,0.0,3,0
2021-01-15,center_nyc,New York City,4132,8.4,0.2,4,0
2021-01-16,center_nyc,New York City,2249,8.4,22.6,5,0
2021-01-17,center_nyc,New York City,2720,7.8,0.0,6,0
2021-01-18,center_nyc,New York City,2424,6.9,0.2,0,1
2021-01-19,center_nyc,New York City,5077,5.1,0.0,1,0
2021-01-20,center_nyc,New York City,4898,4.8,0.9,2,0
2021-01-21,center_nyc,New York City,5096,5.7,0.0,3,0
2021-01-22,center_nyc,New York City,4393,6.9,0.0,4,0
2021-01-23,center_nyc,New York City,3158,2.5,0.0,5,0
2021-01-24,center_nyc,New York City,2740,0.6,0.0,6,0
2021-01-25,center_nyc,New York City,5154,3.2,0.0,0,0
2021-01-26,center_nyc,New York City,5103,2.2,3.5,1,0
2021-01-27,center_nyc,New York City,4622,4.5,1.3,2,0
2021-01-28,center_nyc,New York City,4355,0.5,0.0,3,0
2021-01-29,center_nyc,New York City,3341,-4.0,0.0,4,0
2021-01-30,center_nyc,New York City,3359,1.0,0.0,5,0
2021-01-31,center_nyc,New York City,2232,-2.2,0.4,6,0
2021-02-01,center_nyc,New York City,3632,1.1,34.0,0,0
2021-02-02,center_nyc,New York City,4551,2.0,8.7,1,0
2021-02-03,center_nyc,New York City,5090,1.4,0.5,2,0
2021-02-04,center_nyc,New York City,4683,3.0,0.0,3,0
2021-02-05,center_nyc,New York City,4515,4.4,1.2,4,0
2021-02-06,center_nyc,New York City,3186,4.1,0.0,5,0
2021-02-07,center_nyc,New York City,2205,0.6,9.1,6,0
2021-02-08,center_nyc,New York City,3686,-0.3,0.0,0,0
2021-02-09,center_nyc,New York City,5267,2.5,1.9,1,0
2021-02-10,center_nyc,New York City,4932,0.0,0.0,2,0
2021-02-11,center_nyc,New York City,3928,0.2,5.3,3,0
2021-02-12,center_nyc,New York City,3417,-2.8,0.0,4,0
2021-02-13,center_nyc,New York City,2710,-2.9,1.1,5,0
2021-02-14,center_nyc,New York City,2857,1.4,1.1,6,0
2021-02-15,center_nyc,New York City,2390,1.1,1.2,0,1
2021-02-16,center_nyc,New York City,4588,10.9,21.6,1,0
2021-02-17,center_nyc,New York City,4665,3.5,0.0,2,0
2021-02-18,center_nyc,New York City,3467,-1.6,13.1,3,0
2021-02-19,center_nyc,New York City,3085,-0.2,5.4,4,0
2021-02-20,center_nyc,New York City,2991,0.1,0.6,5,0
2021-02-21,center_nyc,New York City,2420,0.6,0.0,6,0
2021-02-22,center_nyc,New York City,4517,3.5,14.0,0,0
2021-02-23,center_nyc,New York City,4860,7.1,0.5,1,0
2021-02-24,center_nyc,New York City,5356,9.6,0.0,2,0
2021-02-25,center_nyc,New York City,4411,8.2,0.0,3,0
2021-02-26,center_nyc,New York City,3923,5.8,0.0,4,0
2021-02-27,center_nyc,New York City,3435,12.4,9.0,5,0
2021-02-28,center_nyc,New York City,2791,8.1,3.9,6,0
2021-03-01,center_nyc,New York City,4070,9.1,10.1,0,0
2021-03-02,center_nyc,New York City,4770,4.2,0.0,1,0
2021-03-03,center_nyc,New York City,6240,10.8,0.0,2,0
2021-03-04,center_nyc,New York City,4988,6.1,0.0,3,0
2021-03-05,center_nyc,New York City,3735,2.5,0.0,4,0
2021-03-06,center_nyc,New York City,3325,1.7,0.0,5,0
2021-03-07,center_nyc,New York City,2516,4.6,0.0,6,0
2021-03-08,center_nyc,New York City,5199,6.1,0.0,0,0
2021-03-09,center_nyc,New York City,6356,16.5,0.0,1,0
2021-03-10,center_nyc,New York City,4728,9.9,0.0,2,0
2021-03-11,center_nyc,New York City,5555,16.1,0.0,3,0
2021-03-12,center_nyc,New York City,5236,18.6,0.6,4,0
2021-03-13,center_nyc,New York City,4205,12.5,0.0,5,0
2021-03-14,center_nyc,New York City,3175,10.6,0.0,6,0
2021-03-15,center_nyc,New York City,4589,3.0,0.0,0,0
2021-03-16,center_nyc,New York City,5300,2.8,0.0,1,0
2021-03-17,center_nyc,New York City,5485,7.8,0.3,2,0
2021-03-18,center_nyc,New York City,4496,7.8,14.5,3,0
2021-03-19,center_nyc,New York City,3753,6.8,6.8,4,0
2021-03-20,center_nyc,New York City,3463,10.8,0.0,5,0
2021-03-21,center_nyc,New York City,3291,14.1,0.0,6,0
2021-03-22,center_nyc,New York City,6086,12.5,0.0,0,0
2021-03-23,center_nyc,New York City,6180,14.9,0.0,1,0
2021-03-24,center_nyc,New York City,5306,12.6,8.6,2,0
2021-03-25,center_nyc,New York City,4644,17.1,17.9,3,0
2021-03-26,center_nyc,New York City,5027,25.0,2.0,4,0
2021-03-27,center_nyc,New York City,3810,16.6,0.0,5,0
2021-03-28,center_nyc,New York City,2722,17.9,12.7,6,0
2021-03-29,center_nyc,New York City,5924,16.5,3.9,0,0
2021-03-30,center_nyc,New York City,5815,11.9,0.0,1,0
2021-03-31,center_nyc,New York City,5662,15.1,8.0,2,0
2021-04-01,center_nyc,New York City,4547,11.5,18.0,3,0
2021-04-02,center_nyc,New York City,4178,6.2,0.0,4,0
2021-04-03,center_nyc,New York City,3520,10.8,0.0,5,0
2021-04-04,center_nyc,New York City,2990,14.6,0.0,6,0
2021-04-05,center_nyc,New York City,5086,18.2,0.0,0,0
2021-04-06,center_nyc,New York City,6156,18.5,0.0,1,0
2021-04-07,center_nyc,New York City,5711,18.8,0.3,2,0
2021-04-08,center_nyc,New York City,5564,17.0,0.0,3,0
2021-04-09,center_nyc,New York City,5164,11.2,0.0,4,0
2021-04-10,center_nyc,New York City,4033,15.4,1.6,5,0
2021-04-11,center_nyc,New York City,2622,14.2,16.0,6,0
2021-04-12,center_nyc,New York City,4803,10.0,15.5,0,0
2021-04-13,center_nyc,New York City,5783,18.0,8.5,1,0
2021-04-14,center_nyc,New York City,5598,19.7,0.0,2,0
2021-04-15,center_nyc,New York City,4919,14.4,14.1,3,0
2021-04-16,center_nyc,New York City,5088,12.4,2.4,4,0
2021-04-17,center_nyc,New York City,4086,12.5,1.0,5,0
2021-04-18,center_nyc,New York City,2894,15.1,0.0,6,0
2021-04-19,center_nyc,New York City,5205,16.2,0.1,0,0
2021-04-20,center_nyc,New York City,5798,21.3,0.0,1,0
2021-04-21,center_nyc,New York City,5658,16.2,3.2,2,0
2021-04-22,center_nyc,New York City,4840,8.4,0.0,3,0
2021-04-23,center_nyc,New York City,4660,15.6,0.0,4,0
2021-04-24,center_nyc,New York City,4192,19.0,0.0,5,0
2021-04-25,center_nyc,New York City,2744,16.8,13.5,6,0
2021-04-26,center_nyc,New York City,5101,14.1,0.0,0,0
2021-04-27,center_nyc,New York City,6018,13.4,0.4,1,0
2021-04-28,center_nyc,New York City,5426,23.6,0.0,2,0
2021-04-29,center_nyc,New York City,5216,21.8,2.1,3,0
2021-04-30,center_nyc,New York City,5185,19.1,2.4,4,0
2021-05-01,center_nyc,New York City,3550,17.5,0.0,5,0
2021-05-02,center_nyc,New York City,3150,26.6,0.0,6,0
2021-05-03,center_nyc,New York City,5198,23.1,1.7,0,0
2021-05-04,center_nyc,New York City,5139,22.1,13.1,1,0
2021-05-05,center_nyc,New York City,5596,15.6,10.5,2,0
2021-05-06,center_nyc,New York City,5757,17.5,0.8,3,0
2021-05-07,center_nyc,New York City,4839,15.9,0.0,4,0
2021-05-08,center_nyc,New York City,3847,11.7,1.8,5,0
2021-05-09,center_nyc,New York City,3053,16.1,2.4,6,0
2021-05-10,center_nyc,New York City,4617,15.4,8.2,0,0
2021-05-11,center_nyc,New York City,6364,16.7,0.1,1,0
2021-05-12,center_nyc,New York City,5679,18.0,0.2,2,0
2021-05-13,center_nyc,New York City,5335,18.5,0.0,3,0
2021-05-14,center_nyc,New York City,4363,21.6,0.0,4,0
2021-05-15,center_nyc,New York City,4194,21.7,0.0,5,0
2021-05-16,center_nyc,New York City,3133,21.0,0.0,6,0
2021-05-17,center_nyc,New York City,5957,22.4,0.0,0,0
2021-05-18,center_nyc,New York City,5823,25.3,0.0,1,0
2021-05-19,center_nyc,New York City,5579,28.9,0.0,2,0
2021-05-20,center_nyc,New York City,5097,20.5,0.0,3,0
2021-05-21,center_nyc,New York City,5086,20.5,0.0,4,0
2021-05-22,center_nyc,New York City,4062,31.1,0.0,5,0
2021-05-23,center_nyc,New York City,2771,31.9,0.0,6,0
2021-05-24,center_nyc,New York City,5380,27.3,0.0,0,0
2021-05-25,center_nyc,New York City,6314,19.3,0.0,1,0
2021-05-26,center_nyc,New York City,5345,26.5,0.1,2,0
2021-05-27,center_nyc,New York City,4746,28.4,5.3,3,0
2021-05-28,center_nyc,New York City,4340,21.8,6.6,4,0
2021-05-29,center_nyc,New York City,2994,11.6,40.8,5,0
2021-05-30,center_nyc,New York City,2982,11.9,13.3,6,0
2021-05-31,center_nyc,New York City,2547,20.6,2.7,0,1
2021-06-01,center_nyc,New York City,5613,23.0,0.0,1,0
2021-06-02,center_nyc,New York City,5926,20.2,0.0,2,0
2021-06-03,center_nyc,New York City,5542,21.8,4.0,3,0
2021-06-04,center_nyc,New York City,4390,24.5,13.6,4,0
2021-06-05,center_nyc,New York City,4047,31.2,0.0,5,0
2021-06-06,center_nyc,New York City,3236,30.7,0.0,6,0
2021-06-07,center_nyc,New York City,5052,30.3,0.0,0,0
2021-06-08,center_nyc,New York City,5515,28.8,3.4,1,0
2021-06-09,center_nyc,New York City,6268,30.2,1.5,2,0
2021-06-10,center_nyc,New York City,5225,26.5,0.1,3,0
2021-06-11,center_nyc,New York City,5160,20.5,0.0,4,0
2021-06-12,center_nyc,New York City,3931,20.9,1.7,5,0
2021-06-13,center_nyc,New York City,2826,23.0,0.0,6,0
2021-06-14,center_nyc,New York City,5329,20.9,7.0,0,0
2021-06-15,center_nyc,New York City,5376,25.8,9.0,1,0
2021-06-16,center_nyc,New York City,5500,23.6,0.0,2,0
2021-06-17,center_nyc,New York City,6138,24.1,0.0,3,0
2021-06-18,center_nyc,New York City,2302,26.1,0.0,4,1
2021-06-19,center_nyc,New York City,1979,31.4,0.8,5,1
2021-06-20,center_nyc,New York City,2809,27.8,3.1,6,0
2021-06-21,center_nyc,New York City,5496,26.3,0.0,0,0
2021-06-22,center_nyc,New York City,5726,25.5,9.6,1,0
2021-06-23,center_nyc,New York City,5997,23.4,0.0,2,0
2021-06-24,center_nyc,New York City,5573,22.2,0.0,3,0
2021-06-25,center_nyc,New York City,4378,23.5,0.0,4,0
2021-06-26,center_nyc,New York City,3490,25.0,1.0,5,0
2021-06-27,center_nyc,New York City,3187,27.6,0.1,6,0
2021-06-28,center_nyc,New York City,5386,31.0,0.0,0,0
2021-06-29,center_nyc,New York City,5561,32.3,0.0,1,0
2021-06-30,center_nyc,New York City,6042,33.9,0.0,2,0
2021-07-01,center_nyc,New York City,4657,31.1,11.4,3,0
2021-07-02,center_nyc,New York City,3575,24.4,25.3,4,0
2021-07-03,center_nyc,New York City,2993,21.8,30.7,5,0
2021-07-04,center_nyc,New York City,1464,24.6,2.9,6,1
2021-07-05,center_nyc,New York City,2582,25.5,0.1,0,1
2021-07-06,center_nyc,New York City,5617,32.2,0.1,1,0
2021-07-07,center_nyc,New York City,5924,30.8,2.3,2,0
2021-07-08,center_nyc,New York City,5228,27.6,3.8,3,0
2021-07-09,center_nyc,New York City,3303,29.5,38.5,4,0
2021-07-10,center_nyc,New York City,3134,26.1,5.2,5,0
2021-07-11,center_nyc,New York City,2957,24.7,1.5,6,0
2021-07-12,center_nyc,New York City,5026,28.0,5.1,0,0
2021-07-13,center_nyc,New York City,6353,25.7,4.5,1,0
2021-07-14,center_nyc,New York City,6330,29.3,0.7,2,0
2021-07-15,center_nyc,New York City,5888,28.8,0.0,3,0
2021-07-16,center_nyc,New York City,5024,30.5,0.0,4,0
2021-07-17,center_nyc,New York City,3578,29.7,0.0,5,0
2021-07-18,center_nyc,New York City,2276,28.4,21.7,6,0
2021-07-19,center_nyc,New York City,6028,27.5,0.6,0,0
2021-07-20,center_nyc,New York City,5653,30.4,0.0,1,0
2021-07-21,center_nyc,New York City,5310,28.5,5.9,2,0
2021-07-22,center_nyc,New York City,5530,27.0,0.0,3,0
2021-07-23,center_nyc,New York City,5288,26.2,0.0,4,0
2021-07-24,center_nyc,New York City,3654,26.5,0.0,5,0
2021-07-25,center_nyc,New York City,2493,27.4,7.1,6,0
2021-07-26,center_nyc,New York City,5561,30.6,0.0,0,0
2021-07-27,center_nyc,New York City,5522,29.7,0.0,1,0
2021-07-28,center_nyc,New York City,5756,27.1,0.7,2,0
2021-07-29,center_nyc,New York City,5484,25.5,4.5,3,0
2021-07-30,center_nyc,New York City,4030,28.6,20.0,4,0
2021-07-31,center_nyc,New York City,3540,24.7,0.0,5,0
2021-08-01,center_nyc,New York City,2985,24.4,0.1,6,0
2021-08-02,center_nyc,New York City,5777,27.5,0.1,0,0
2021-08-03,center_nyc,New York City,5330,24.6,0.0,1,0
2021-08-04,center_nyc,New York City,5525,24.5,1.0,2,0
2021-08-05,center_nyc,New York City,5796,26.7,0.3,3,0
2021-08-06,center_nyc,New York City,4415,28.5,0.0,4,0
2021-08-07,center_nyc,New York City,3628,28.7,0.0,5,0
2021-08-08,center_nyc,New York City,2801,24.5,13.6,6,0
2021-08-09,center_nyc,New York City,5234,26.5,1.8,0,0
2021-08-10,center_nyc,New York City,5538,26.5,3.7,1,0
2021-08-11,center_nyc,New York City,5294,29.9,4.6,2,0
2021-08-12,center_nyc,New York City,5344,33.5,0.7,3,0
2021-08-13,center_nyc,New York City,4870,33.2,0.0,4,0
2021-08-14,center_nyc,New York City,3657,31.2,5.7,5,0
2021-08-15,center_nyc,New York City,2856,27.5,0.0,6,0
2021-08-16,center_nyc,New York City,5217,26.6,0.0,0,0
2021-08-17,center_nyc,New York City,6430,26.5,1.7,1,0
2021-08-18,center_nyc,New York City,6154,27.0,0.5,2,0
2021-08-19,center_nyc,New York City,5214,30.9,3.4,3,0
2021-08-20,center_nyc,New York City,4579,27.2,0.8,4,0
2021-08-21,center_nyc,New York City,3530,27.2,0.3,5,0
2021-08-22,center_nyc,New York City,2302,24.5,41.1,6,0
2021-08-23,center_nyc,New York City,4260,28.5,41.0,0,0
2021-08-24,center_nyc,New York City,6058,31.3,0.0,1,0
2021-08-25,center_nyc,New York City,5408,30.5,0.0,2,0
2021-08-26,center_nyc,New York City,5375,30.9,0.0,3,0
2021-08-27,center_nyc,New York City,4561,32.2,0.3,4,0
2021-08-28,center_nyc,New York City,3765,27.5,5.0,5,0
2021-08-29,center_nyc,New York City,3157,24.5,1.3,6,0
2021-08-30,center_nyc,New York City,5429,28.4,3.6,0,0
2021-08-31,center_nyc,New York City,5410,29.2,0.0,1,0
2021-09-01,center_nyc,New York City,5448,25.0,18.9,2,0
2021-09-02,center_nyc,New York City,4311,24.6,84.4,3,0
2021-09-03,center_nyc,New York City,5226,22.4,0.0,4,0
2021-09-04,center_nyc,New York City,4064,24.5,0.0,5,0
2021-09-05,center_nyc,New York City,3322,23.7,1.4,6,0
2021-09-06,center_nyc,New York City,2727,27.2,0.4,0,1
2021-09-07,center_nyc,New York City,5775,26.0,0.0,1,0
2021-09-08,center_nyc,New York City,6444,25.9,0.3,2,0
2021-09-09,center_nyc,New York City,4552,23.8,24.0,3,0
2021-09-10,center_nyc,New York City,4555,23.3,0.0,4,0
2021-09-11,center_nyc,New York City,3829,24.0,0.0,5,0
2021-09-12,center_nyc,New York City,2880,29.2,0.0,6,0
2021-09-13,center_nyc,New York City,5729,29.3,0.2,0,0
2021-09-14,center_nyc,New York City,6229,25.3,1.4,1,0
2021-09-15,center_nyc,New York City,6061,28.2,0.0,2,0
2021-09-16,center_nyc,New York City,5306,25.5,1.2,3,0
2021-09-17,center_nyc,New York City,4426,25.0,3.7,4,0
2021-09-18,center_nyc,New York City,3666,27.4,1.5,5,0
2021-09-19,center_nyc,New York City,3360,25.1,0.0,6,0
2021-09-20,center_nyc,New York City,5269,22.6,0.3,0,0
2021-09-21,center_nyc,New York City,6032,23.4,0.0,1,0
2021-09-22,center_nyc,New York City,5944,25.0,3.0,2,0
2021-09-23,center_nyc,New York City,5183,26.1,1.9,3,0
2021-09-24,center_nyc,New York City,3532,22.5,38.4,4,0
2021-09-25,center_nyc,New York City,3935,22.8,0.0,5,0
2021-09-26,center_nyc,New York City,3084,21.8,0.0,6,0
2021-09-27,center_nyc,New York City,6018,26.2,0.0,0,0
2021-09-28,center_nyc,New York City,5196,23.2,13.5,1,0
2021-09-29,center_nyc,New York City,6084,20.4,0.4,2,0
2021-09-30,center_nyc,New York City,5243,18.9,0.0,3,0
2021-10-01,center_nyc,New York City,4515,19.8,0.0,4,0
2021-10-02,center_nyc,New York City,4120,24.1,0.0,5,0
2021-10-03,center_nyc,New York City,3168,24.6,0.0,6,0
2021-10-04,center_nyc,New York City,4557,22.4,16.0,0,0
2021-10-05,center_nyc,New York City,5552,20.5,0.2,1,0
2021-10-06,center_nyc,New York City,6275,20.7,0.0,2,0
2021-10-07,center_nyc,New York City,5052,22.0,1.0,3,0
2021-10-08,center_nyc,New York City,4661,23.8,0.1,4,0
2021-10-09,center_nyc,New York City,4112,20.9,0.8,5,0
2021-10-10,center_nyc,New York City,2991,19.9,4.9,6,0
2021-10-11,center_nyc,New York City,2919,22.2,0.0,0,1
2021-10-12,center_nyc,New York City,6165,21.5,0.0,1,0
2021-10-13,center_nyc,New York City,6223,21.5,0.1,2,0
2021-10-14,center_nyc,New York City,5771,25.2,0.0,3,0
2021-10-15,center_nyc,New York City,4640,24.3,0.0,4,0
2021-10-16,center_nyc,New York City,3578,23.5,1.9,5,0
2021-10-17,center_nyc,New York City,2942,19.1,9.2,6,0
2021-10-18,center_nyc,New York City,5772,16.2,0.0,0,0
2021-10-19,center_nyc,New York City,5762,19.2,0.0,1,0
2021-10-20,center_nyc,New York City,5705,24.5,0.0,2,0
2021-10-21,center_nyc,New York City,5529,22.1,0.0,3,0
2021-10-22,center_nyc,New York City,5084,20.5,0.0,4,0
2021-10-23,center_nyc,New York City,4148,16.2,0.2,5,0
2021-10-24,center_nyc,New York City,3022,15.6,0.0,6,0
2021-10-25,center_nyc,New York City,5948,22.3,4.0,0,0
2021-10-26,center_nyc,New York City,4817,19.5,66.3,1,0
2021-10-27,center_nyc,New York City,4435,16.1,28.3,2,0
2021-10-28,center_nyc,New York City,5769,15.1,0.0,3,0
2021-10-29,center_nyc,New York City,4863,14.8,0.0,4,0
2021-10-30,center_nyc,New York City,2831,18.0,20.8,5,0
2021-10-31,center_nyc,New York City,2748,18.3,7.7,6,0
2021-11-01,center_nyc,New York City,6078,14.9,0.0,0,0
2021-11-02,center_nyc,New York City,5870,11.9,0.9,1,0
2021-11-03,center_nyc,New York City,5363,11.3,0.3,2,0
2021-11-04,center_nyc,New York City,5062,10.1,0.0,3,0
2021-11-05,center_nyc,New York City,4494,10.8,0.0,4,0
2021-11-06,center_nyc,New York City,3935,10.9,0.0,5,0
2021-11-07,center_nyc,New York City,2791,11.9,0.0,6,0
2021-11-08,center_nyc,New York City,5721,16.5,0.0,0,0
2021-11-09,center_nyc,New York City,5787,19.0,0.0,1,0
2021-11-10,center_nyc,New York City,5337,17.6,0.9,2,0
2021-11-11,center_nyc,New York City,2828,15.2,0.0,3,1
2021-11-12,center_nyc,New York City,3966,19.1,15.2,4,0
2021-11-13,center_nyc,New York City,3423,16.5,6.2,5,0
2021-11-14,center_nyc,New York City,2408,8.9,0.0,6,0
2021-11-15,center_nyc,New York City,4935,8.9,2.0,0,0
2021-11-16,center_nyc,New York City,4899,9.6,0.0,1,0
2021-11-17,center_nyc,New York City,6353,12.9,0.0,2,0
2021-11-18,center_nyc,New York City,5352,19.1,0.0,3,0
2021-11-19,center_nyc,New York City,4709,16.5,3.5,4,0
2021-11-20,center_nyc,New York City,3416,6.9,0.0,5,0
2021-11-21,center_nyc,New York City,3133,12.0,0.0,6,0
2021-11-22,center_nyc,New York City,5419,12.4,2.3,0,0
2021-11-23,center_nyc,New York City,5014,5.8,0.0,1,0
2021-11-24,center_nyc,New York City,4890,6.9,0.0,2,0
2021-11-25,center_nyc,New York City,2867,10.9,0.0,3,1
2021-11-26,center_nyc,New York City,3368,9.2,8.2,4,0
2021-11-27,center_nyc,New York City,3194,4.9,0.0,5,0
2021-11-28,center_nyc,New York City,2552,5.4,3.3,6,0
2021-11-29,center_nyc,New York City,5000,6.1,0.2,0,0
2021-11-30,center_nyc,New York City,4994,5.2,0.2,1,0
2021-12-01,center_nyc,New York City,4760,8.6,0.2,2,0
2021-12-02,center_nyc,New York City,5772,14.2,2.4,3,0
2021-12-03,center_nyc,New York City,5177,13.3,0.0,4,0
2021-12-04,center_nyc,New York City,3199,8.4,0.0,5,0
2021-12-05,center_nyc,New York City,2652,7.8,0.0,6,0
2021-12-06,center_nyc,New York City,5541,15.9,4.6,0,0
2021-12-07,center_nyc,New York City,5744,15.4,2.4,1,0
2021-12-08,center_nyc,New York City,5125,5.4,0.2,2,0
2021-12-09,center_nyc,New York City,4769,3.9,0.8,3,0
2021-12-10,center_nyc,New York City,4516,8.8,0.0,4,0
2021-12-11,center_nyc,New York City,3388,17.8,8.9,5,0
2021-12-12,center_nyc,New York City,3146,17.7,3.8,6,0
2021-12-13,center_nyc,New York City,5575,10.2,0.0,0,0
2021-12-14,center_nyc,New York City,5512,10.6,0.0,1,0
2021-12-15,center_nyc,New York City,6092,10.7,0.5,2,0
2021-12-16,center_nyc,New York City,5599,15.0,3.1,3,0
2021-12-17,center_nyc,New York City,4766,14.1,0.0,4,0
2021-12-18,center_nyc,New York City,3539,8.3,3.1,5,0
2021-12-19,center_nyc,New York City,2775,8.0,0.3,6,0
2021-12-20,center_nyc,New York City,4835,1.6,0.0,0,0
2021-12-21,center_nyc,New York City,4657,5.7,0.0,1,0
2021-12-22,center_nyc,New York City,4196,8.4,7.2,2,0
2021-12-23,center_nyc,New York City,4357,2.5,0.0,3,0
2021-12-24,center_nyc,New York City,2174,6.2,0.4,4,1
2021-12-25,center_nyc,New York City,1738,9.2,4.1,5,1
2021-12-26,center_nyc,New York City,2828,9.6,0.2,6,0
2021-12-27,center_nyc,New York City,4516,4.6,0.9,0,0
2021-12-28,center_nyc,New York City,4752,8.6,1.4,1,0
2021-12-29,center_nyc,New York City,4247,8.4,12.1,2,0
2021-12-30,center_nyc,New York City,4999,9.4,2.8,3,0
2021-12-31,center_nyc,New York City,2448,10.7,0.7,4,1
2022-01-01,center_nyc,New York City,1718,11.9,10.3,5,1
2022-01-02,center_nyc,New York City,2450,14.2,28.1,6,0
2022-01-03,center_nyc,New York City,4814,7.2,2.4,0,0
2022-01-04,center_nyc,New York City,5050,0.5,0.0,1,0
2022-01-05,center_nyc,New York City,5256,7.6,2.9,2,0
2022-01-06,center_nyc,New York City,4623,6.1,0.0,3,0
2022-01-07,center_nyc,New York City,3701,0.8,10.5,4,0
2022-01-08,center_nyc,New York City,2909,-2.0,0.0,5,0
2022-01-09,center_nyc,New York City,2611,4.4,2.2,6,0
2022-01-10,center_nyc,New York City,4321,4.2,2.7,0,0
2022-01-11,center_nyc,New York City,3952,-3.3,0.0,1,0
2022-01-12,center_nyc,New York City,5436,5.2,0.0,2,0
2022-01-13,center_nyc,New York City,4333,7.2,0.0,3,0
2022-01-14,center_nyc,New York City,4316,5.4,0.0,4,0
2022-01-15,center_nyc,New York City,2662,-0.2,0.0,5,0
2022-01-16,center_nyc,New York City,2580,2.5,0.0,6,0
2022-01-17,center_nyc,New York City,1961,9.6,38.0,0,1
2022-01-18,center_nyc,New York City,5232,2.5,0.2,1,0
2022-01-19,center_nyc,New York City,5392,8.1,0.0,2,0
2022-01-20,center_nyc,New York City,4638,6.2,6.8,3,0
2022-01-21,center_nyc,New York City,3607,-2.3,0.0,4,0
2022-01-22,center_nyc,New York City,2841,-1.2,0.0,5,0
2022-01-23,center_nyc,New York City,2708,3.0,0.0,6,0
2022-01-24,center_nyc,New York City,5234,0.1,0.4,0,0
2022-01-25,center_nyc,New York City,4733,6.6,0.0,1,0
2022-01-26,center_nyc,New York City,3775,-0.5,0.0,2,0
2022-01-27,center_nyc,New York City,3612,-0.2,0.0,3,0
2022-01-28,center_nyc,New York City,4526,0.7,1.1,4,0
2022-01-29,center_nyc,New York City,2111,-0.9,22.5,5,0
2022-01-30,center_nyc,New York City,2081,-6.2,0.0,6,0
2022-01-31,center_nyc,New York City,3774,-4.7,0.0,0,0
2022-02-01,center_nyc,New York City,3834,-1.0,0.0,1,0
2022-02-02,center_nyc,New York City,4664,4.0,0.0,2,0
2022-02-03,center_nyc,New York City,4284,7.0,7.5,3,0
2022-02-04,center_nyc,New York City,3649,12.0,21.5,4,0
2022-02-05,center_nyc,New York City,2796,-1.5,1.8,5,0
2022-02-06,center_nyc,New York City,1950,-1.2,0.0,6,0
2022-02-07,center_nyc,New York City,5102,2.5,4.2,0,0
2022-02-08,center_nyc,New York City,4360,8.1,9.1,1,0
2022-02-09,center_nyc,New York City,4764,4.8,0.0,2,0
2022-02-10,center_nyc,New York City,5653,11.4,0.0,3,0
2022-02-11,center_nyc,New York City,5037,10.9,0.0,4,0
2022-02-12,center_nyc,New York City,4018,13.8,0.0,5,0
2022-02-13,center_nyc,New York City,2123,7.8,6.5,6,0
2022-02-14,center_nyc,New York City,3961,-1.6,0.2,0,0
2022-02-15,center_nyc,New York City,3929,-0.4,0.0,1,0
2022-02-16,center_nyc,New York City,5162,5.8,0.0,2,0
2022-02-17,center_nyc,New York City,6131,15.7,0.0,3,0
2022-02-18,center_nyc,New York City,4332,15.4,15.0,4,0
2022-02-19,center_nyc,New York City,3289,4.2,0.5,5,0
2022-02-20,center_nyc,New York City,2803,2.0,0.0,6,0
2022-02-21,center_nyc,New York City,2399,8.6,0.0,0,1
2022-02-22,center_nyc,New York City,5469,13.5,1.2,1,0
2022-02-23,center_nyc,New York City,5196,19.1,5.3,2,0
2022-02-24,center_nyc,New York City,4378,9.4,0.0,3,0
2022-02-25,center_nyc,New York City,3145,7.2,22.8,4,0
2022-02-26,center_nyc,New York City,3320,3.2,0.0,5,0
2022-02-27,center_nyc,New York City,2513,8.2,0.0,6,0
2022-02-28,center_nyc,New York City,4971,5.8,0.0,0,0
2022-03-01,center_nyc,New York City,4506,6.2,0.1,1,0
2022-03-02,center_nyc,New York City,5469,10.4,0.0,2,0
2022-03-03,center_nyc,New York City,4865,5.8,3.6,3,0
2022-03-04,center_nyc,New York City,3977,3.0,0.0,4,0
2022-03-05,center_nyc,New York City,3142,5.4,0.0,5,0
2022-03-06,center_nyc,New York City,3269,19.2,3.3,6,0
2022-03-07,center_nyc,New York City,5324,21.4,0.4,0,0
2022-03-08,center_nyc,New York City,6301,19.8,2.8,1,0
2022-03-09,center_nyc,New York City,4341,5.7,13.9,2,0
2022-03-10,center_nyc,New York City,4980,8.4,0.3,3,0
2022-03-11,center_nyc,New York City,4344,9.9,0.0,4,0
2022-03-12,center_nyc,New York City,3009,7.1,18.5,5,0
2022-03-13,center_nyc,New York City,2746,2.9,0.2,6,0
2022-03-14,center_nyc,New York City,6003,12.2,0.0,0,0
2022-03-15,center_nyc,New York City,6012,13.9,0.0,1,0
2022-03-16,center_nyc,New York City,6225,15.8,0.0,2,0
2022-03-17,center_nyc,New York City,4965,13.5,6.9,3,0
2022-03-18,center_nyc,New York City,5136,18.3,0.7,4,0
2022-03-19,center_nyc,New York City,3611,15.6,1.1,5,0
2022-03-20,center_nyc,New York City,3329,15.9,0.0,6,0
2022-03-21,center_nyc,New York City,5891,15.9,0.0,0,0
2022-03-22,center_nyc,New York City,5650,13.3,0.0,1,0
2022-03-23,center_nyc,New York City,4949,8.6,0.1,2,0
2022-03-24,center_nyc,New York City,3888,9.8,24.1,3,0
2022-03-25,center_nyc,New York City,4377,16.2,9.0,4,0
2022-03-26,center_nyc,New York City,4132,10.6,3.9,5,0
2022-03-27,center_nyc,New York City,2608,7.9,0.2,6,0
2022-03-28,center_nyc,New York City,4322,2.0,0.0,0,0
2022-03-29,center_nyc,New York City,4810,3.5,0.0,1,0
2022-03-30,center_nyc,New York City,4565,5.1,0.0,2,0
2022-03-31,center_nyc,New York City,4620,18.2,5.6,3,0
2022-04-01,center_nyc,New York City,4351,15.9,7.8,4,0
2022-04-02,center_nyc,New York City,4031,10.9,0.0,5,0
2022-04-03,center_nyc,New York City,2839,9.0,2.4,6,0
2022-04-04,center_nyc,New York City,5938,12.5,0.6,0,0
2022-04-05,center_nyc,New York City,5365,11.7,0.0,1,0
2022-04-06,center_nyc,New York City,4117,13.0,21.8,2,0
2022-04-07,center_nyc,New York City,5314,10.1,15.6,3,0
2022-04-08,center_nyc,New York City,3496,17.0,34.7,4,0
2022-04-09,center_nyc,New York City,3644,14.1,4.3,5,0
2022-04-10,center_nyc,New York City,3288,10.1,0.1,6,0
2022-04-11,center_nyc,New York City,5549,11.9,0.0,0,0
2022-04-12,center_nyc,New York City,5804,21.0,1.8,1,0
2022-04-13,center_nyc,New York City,5520,16.6,0.0,2,0
2022-04-14,center_nyc,New York City,5125,26.4,0.0,3,0
2022-04-15,center_nyc,New York City,5081,18.8,0.9,4,0
2022-04-16,center_nyc,New York City,3863,18.4,0.0,5,0
2022-04-17,center_nyc,New York City,3071,11.7,3.9,6,0
2022-04-18,center_nyc,New York City,5272,10.0,0.3,0,0
2022-04-19,center_nyc,New York City,4021,11.6,33.4,1,0
2022-04-20,center_nyc,New York City,5605,14.2,0.0,2,0
2022-04-21,center_nyc,New York City,5974,12.1,0.0,3,0
2022-04-22,center_nyc,New York City,4716,18.5,0.0,4,0
2022-04-23,center_nyc,New York City,3929,14.2,0.0,5,0
2022-04-24,center_nyc,New York City,3291,14.6,0.0,6,0
2022-04-25,center_nyc,New York City,5537,13.5,0.0,0,0
2022-04-26,center_nyc,New York City,5396,16.8,1.5,1,0
2022-04-27,center_nyc,New York City,5848,14.6,2.3,2,0
2022-04-28,center_nyc,New York City,5434,12.6,0.0,3,0
2022-04-29,center_nyc,New York City,4661,15.6,0.0,4,0
2022-04-30,center_nyc,New York City,4206,18.1,0.0,5,0
2022-05-01,center_nyc,New York City,3102,17.4,0.0,6,0
2022-05-02,center_nyc,New York City,5487,15.1,2.1,0,0
2022-05-03,center_nyc,New York City,6138,17.2,0.0,1,0
2022-05-04,center_nyc,New York City,5668,20.5,3.3,2,0
2022-05-05,center_nyc,New York City,6041,21.2,0.0,3,0
2022-05-06,center_nyc,New York City,4270,15.2,14.5,4,0
2022-05-07,center_nyc,New York City,3069,10.9,28.1,5,0
2022-05-08,center_nyc,New York City,2562,12.6,5.3,6,0
2022-05-09,center_nyc,New York City,5834,18.1,0.7,0,0
2022-05-10,center_nyc,New York City,6200,19.8,0.0,1,0
2022-05-11,center_nyc,New York City,5431,21.4,0.0,2,0
2022-05-12,center_nyc,New York City,6055,19.3,0.0,3,0
2022-05-13,center_nyc,New York City,4918,20.4,1.2,4,0
2022-05-14,center_nyc,New York City,4101,19.9,2.9,5,0
2022-05-15,center_nyc,New York City,2680,22.4,10.2,6,0
2022-05-16,center_nyc,New York City,5731,21.4,2.5,0,0
2022-05-17,center_nyc,New York City,5287,23.6,2.3,1,0
2022-05-18,center_nyc,New York City,6328,21.0,0.0,2,0
2022-05-19,center_nyc,New York City,5272,20.1,15.0,3,0
2022-05-20,center_nyc,New York City,4784,20.0,5.8,4,0
2022-05-21,center_nyc,New York City,3940,30.2,0.1,5,0
2022-05-22,center_nyc,New York City,3144,28.8,0.5,6,0
2022-05-23,center_nyc,New York City,5358,25.0,0.0,0,0
2022-05-24,center_nyc,New York City,5667,19.3,0.0,1,0
2022-05-25,center_nyc,New York City,5311,18.1,0.0,2,0
2022-05-26,center_nyc,New York City,6053,18.9,0.0,3,0
2022-05-27,center_nyc,New York City,5102,22.0,3.3,4,0
2022-05-28,center_nyc,New York City,3066,23.4,20.4,5,0
2022-05-29,center_nyc,New York City,2892,23.1,0.1,6,0
2022-05-30,center_nyc,New York City,2999,27.3,0.0,0,1
2022-05-31,center_nyc,New York City,6069,33.4,0.0,1,0
2022-06-01,center_nyc,New York City,5993,25.0,0.2,2,0
2022-06-02,center_nyc,New York City,5277,25.6,13.1,3,0
2022-06-03,center_nyc,New York City,4606,22.5,1.8,4,0
2022-06-04,center_nyc,New York City,4087,24.0,0.0,5,0
2022-06-05,center_nyc,New York City,3312,22.8,0.0,6,0
2022-06-06,center_nyc,New York City,5691,25.2,0.0,0,0
2022-06-07,center_nyc,New York City,5709,23.4,0.2,1,0
2022-06-08,center_nyc,New York City,5427,28.6,1.9,2,0
2022-06-09,center_nyc,New York City,4572,28.4,6.1,3,0
2022-06-10,center_nyc,New York City,4810,26.4,0.0,4,0
2022-06-11,center_nyc,New York City,3479,24.4,1.1,5,0
2022-06-12,center_nyc,New York City,2907,21.9,6.3,6,0
2022-06-13,center_nyc,New York City,4699,26.8,6.7,0,0
2022-06-14,center_nyc,New York City,6057,25.8,0.0,1,0
2022-06-15,center_nyc,New York City,5378,26.1,0.0,2,0
2022-06-16,center_nyc,New York City,4856,22.5,11.3,3,0
2022-06-17,center_nyc,New York City,4694,33.0,0.0,4,0
2022-06-18,center_nyc,New York City,3935,27.6,0.0,5,0
2022-06-19,center_nyc,New York City,1679,23.1,0.0,6,1
2022-06-20,center_nyc,New York City,3074,27.3,0.0,0,1
2022-06-21,center_nyc,New York City,6045,26.6,0.2,1,0
2022-06-22,center_nyc,New York City,6308,21.4,3.5,2,0
2022-06-23,center_nyc,New York City,5506,22.3,2.9,3,0
2022-06-24,center_nyc,New York City,4834,24.6,0.0,4,0
2022-06-25,center_nyc,New York City,3839,31.2,0.0,5,0
2022-06-26,center_nyc,New York City,2963,29.7,0.0,6,0
2022-06-27,center_nyc,New York City,5007,27.0,15.3,0,0
2022-06-28,center_nyc,New York City,5852,27.8,0.0,1,0
2022-06-29,center_nyc,New York City,6029,28.2,0.0,2,0
2022-06-30,center_nyc,New York City,5644,31.4,0.0,3,0
2022-07-01,center_nyc,New York City,4710,31.1,0.0,4,0
2022-07-02,center_nyc,New York City,2703,29.7,30.8,5,0
2022-07-03,center_nyc,New York City,2774,29.5,0.5,6,0
2022-07-04,center_nyc,New York City,2949,29.1,0.0,0,1
2022-07-05,center_nyc,New York City,5530,29.1,0.4,1,0
2022-07-06,center_nyc,New York City,5615,32.6,0.2,2,0
2022-07-07,center_nyc,New York City,5373,27.7,0.0,3,0
2022-07-08,center_nyc,New York City,4908,28.1,0.4,4,0
2022-07-09,center_nyc,New York City,4091,29.5,0.0,5,0
2022-07-10,center_nyc,New York City,3189,26.8,0.0,6,0
2022-07-11,center_nyc,New York City,5193,27.0,0.0,0,0
2022-07-12,center_nyc,New York City,5713,32.5,0.6,1,0
2022-07-13,center_nyc,New York City,5984,31.9,0.0,2,0
2022-07-14,center_nyc,New York City,5676,31.5,0.7,3,0
2022-07-15,center_nyc,New York City,4733,28.4,0.6,4,0
2022-07-16,center_nyc,New York City,3286,27.1,6.3,5,0
2022-07-17,center_nyc,New York City,2499,27.4,10.7,6,0
2022-07-18,center_nyc,New York City,5586,28.4,4.4,0,0
2022-07-19,center_nyc,New York City,5751,32.4,1.5,1,0
2022-07-20,center_nyc,New York City,5731,33.3,0.0,2,0
2022-07-21,center_nyc,New York City,5957,33.5,0.6,3,0
2022-07-22,center_nyc,New York City,4601,33.4,0.0,4,0
2022-07-23,center_nyc,New York City,3961,34.5,0.0,5,0
2022-07-24,center_nyc,New York City,3024,34.9,0.0,6,0
2022-07-25,center_nyc,New York City,4024,32.3,21.6,0,0
2022-07-26,center_nyc,New York City,5292,28.8,0.0,1,0
2022-07-27,center_nyc,New York City,5659,29.1,0.0,2,0
2022-07-28,center_nyc,New York City,5932,30.8,3.7,3,0
2022-07-29,center_nyc,New York City,4378,30.5,2.2,4,0
2022-07-30,center_nyc,New York City,4177,33.0,0.8,5,0
2022-07-31,center_nyc,New York City,2930,28.9,0.0,6,0
2022-08-01,center_nyc,New York City,4649,25.7,11.1,0,0
2022-08-02,center_nyc,New York City,5737,31.0,0.2,1,0
2022-08-03,center_nyc,New York City,5809,31.4,0.0,2,0
2022-08-04,center_nyc,New York City,5226,31.9,0.0,3,0
2022-08-05,center_nyc,New York City,5107,32.0,0.0,4,0
2022-08-06,center_nyc,New York City,3727,31.5,0.3,5,0
2022-08-07,center_nyc,New York City,2948,32.9,5.7,6,0
2022-08-08,center_nyc,New York City,5577,32.8,3.0,0,0
2022-08-09,center_nyc,New York City,5111,36.3,4.4,1,0
2022-08-10,center_nyc,New York City,6083,31.6,0.1,2,0
2022-08-11,center_nyc,New York City,5261,31.4,1.8,3,0
2022-08-12,center_nyc,New York City,4516,29.5,0.0,4,0
2022-08-13,center_nyc,New York City,3735,27.9,0.1,5,0
2022-08-14,center_nyc,New York City,2967,26.8,0.0,6,0
2022-08-15,center_nyc,New York City,5531,27.0,0.0,0,0
2022-08-16,center_nyc,New York City,6359,28.1,0.0,1,0
2022-08-17,center_nyc,New York City,6113,27.5,0.0,2,0
2022-08-18,center_nyc,New York City,5431,30.8,0.4,3,0
2022-08-19,center_nyc,New York City,5163,31.0,0.0,4,0
2022-08-20,center_nyc,New York City,3658,31.0,0.4,5,0
2022-08-21,center_nyc,New York City,3221,27.5,0.1,6,0
2022-08-22,center_nyc,New York City,5386,24.2,14.9,0,0
2022-08-23,center_nyc,New York City,5572,28.2,6.0,1,0
2022-08-24,center_nyc,New York City,5778,31.2,0.0,2,0
2022-08-25,center_nyc,New York City,6097,31.0,0.0,3,0
2022-08-26,center_nyc,New York City,4495,29.0,1.4,4,0
2022-08-27,center_nyc,New York City,3492,30.3,3.1,5,0
2022-08-28,center_nyc,New York City,2950,27.0,0.5,6,0
2022-08-29,center_nyc,New York City,5548,28.3,0.4,0,0
2022-08-30,center_nyc,New York City,5717,29.4,0.0,1,0
2022-08-31,center_nyc,New York City,6356,29.5,2.8,2,0
2022-09-01,center_nyc,New York City,5798,31.0,0.0,3,0
2022-09-02,center_nyc,New York City,4970,24.9,0.0,4,0
2022-09-03,center_nyc,New York City,3517,26.0,0.0,5,0
2022-09-04,center_nyc,New York City,3164,29.4,0.3,6,0
2022-09-05,center_nyc,New York City,2927,28.5,2.3,0,1
2022-09-06,center_nyc,New York City,4477,25.3,37.7,1,0
2022-09-07,center_nyc,New York City,5773,23.0,2.3,2,0
2022-09-08,center_nyc,New York City,5269,24.3,0.2,3,0
2022-09-09,center_nyc,New York City,5275,25.5,0.0,4,0
2022-09-10,center_nyc,New York City,3567,26.9,0.0,5,0
2022-09-11,center_nyc,New York City,2677,25.1,13.4,6,0
2022-09-12,center_nyc,New York City,4965,27.5,9.9,0,0
2022-09-13,center_nyc,New York City,4918,25.5,15.2,1,0
2022-09-14,center_nyc,New York City,5991,27.1,0.0,2,0
2022-09-15,center_nyc,New York City,6129,22.1,0.0,3,0
2022-09-16,center_nyc,New York City,4490,24.2,0.0,4,0
2022-09-17,center_nyc,New York City,3693,22.1,0.0,5,0
2022-09-18,center_nyc,New York City,2862,28.8,0.0,6,0
2022-09-19,center_nyc,New York City,5846,29.4,1.9,0,0
2022-09-20,center_nyc,New York City,6157,26.4,0.0,1,0
2022-09-21,center_nyc,New York City,5516,25.0,0.0,2,0
2022-09-22,center_nyc,New York City,4695,26.0,5.9,3,0
2022-09-23,center_nyc,New York City,4434,18.2,0.0,4,0
2022-09-24,center_nyc,New York City,3726,20.9,0.0,5,0
2022-09-25,center_nyc,New York City,3248,23.6,0.3,6,0
2022-09-26,center_nyc,New York City,5169,23.9,5.7,0,0
2022-09-27,center_nyc,New York City,6330,21.9,0.0,1,0
2022-09-28,center_nyc,New York City,5305,21.4,0.0,2,0
2022-09-29,center_nyc,New York City,5903,19.5,0.0,3,0
2022-09-30,center_nyc,New York City,5264,17.5,0.0,4,0
2022-10-01,center_nyc,New York City,2644,17.9,23.6,5,0
2022-10-02,center_nyc,New York City,2837,15.6,18.4,6,0
2022-10-03,center_nyc,New York City,4780,12.1,9.6,0,0
2022-10-04,center_nyc,New York City,3967,13.1,110.5,1,0
2022-10-05,center_nyc,New York City,4542,16.4,34.3,2,0
2022-10-06,center_nyc,New York City,5153,22.1,0.0,3,0
2022-10-07,center_nyc,New York City,4798,24.1,0.0,4,0
2022-10-08,center_nyc,New York City,3756,18.5,0.4,5,0
2022-10-09,center_nyc,New York City,2757,16.5,0.0,6,0
2022-10-10,center_nyc,New York City,3037,19.8,0.0,0,1
2022-10-11,center_nyc,New York City,6058,19.0,0.0,1,0
2022-10-12,center_nyc,New York City,5851,18.3,0.0,2,0
2022-10-13,center_nyc,New York City,5407,20.8,0.2,3,0
2022-10-14,center_nyc,New York City,4666,19.2,8.1,4,0
2022-10-15,center_nyc,New York City,3517,18.6,0.0,5,0
2022-10-16,center_nyc,New York City,3160,17.3,0.0,6,0
2022-10-17,center_nyc,New York City,5303,18.6,2.8,0,0
2022-10-18,center_nyc,New York City,6155,14.2,4.5,1,0
2022-10-19,center_nyc,New York City,6297,12.4,0.0,2,0
2022-10-20,center_nyc,New York City,5543,14.6,0.0,3,0
2022-10-21,center_nyc,New York City,5295,16.0,0.0,4,0
2022-10-22,center_nyc,New York City,3983,17.5,0.0,5,0
2022-10-23,center_nyc,New York City,2149,15.1,21.6,6,0
2022-10-24,center_nyc,New York City,4824,17.5,6.2,0,0
2022-10-25,center_nyc,New York City,5424,20.4,3.1,1,0
2022-10-26,center_nyc,New York City,6453,21.2,0.4,2,0
2022-10-27,center_nyc,New York City,5924,18.4,0.0,3,0
2022-10-28,center_nyc,New York City,4978,13.1,0.0,4,0
2022-10-29,center_nyc,New York City,3835,14.2,0.0,5,0
2022-10-30,center_nyc,New York City,2971,15.9,0.0,6,0
2022-10-31,center_nyc,New York City,5989,16.5,0.7,0,0
2022-11-01,center_nyc,New York City,4199,19.8,24.8,1,0
2022-11-02,center_nyc,New York City,6053,20.0,0.0,2,0
2022-11-03,center_nyc,New York City,5225,17.5,0.0,3,0
2022-11-04,center_nyc,New York City,4860,19.0,0.0,4,0
2022-11-05,center_nyc,New York City,3707,21.6,0.0,5,0
2022-11-06,center_nyc,New York City,3088,23.2,0.1,6,0
2022-11-07,center_nyc,New York City,5304,24.2,0.8,0,0
2022-11-08,center_nyc,New York City,6308,17.8,0.0,1,0
2022-11-09,center_nyc,New York City,5757,10.5,0.0,2,0
2022-11-10,center_nyc,New York City,5443,16.3,0.0,3,0
2022-11-11,center_nyc,New York City,2022,18.0,16.8,4,1
2022-11-12,center_nyc,New York City,4051,20.9,2.9,5,0
2022-11-13,center_nyc,New York City,2880,16.2,4.2,6,0
2022-11-14,center_nyc,New York City,4515,8.1,0.0,0,0
2022-11-15,center_nyc,New York City,4872,8.4,0.6,1,0
2022-11-16,center_nyc,New York City,4938,11.4,19.8,2,0
2022-11-17,center_nyc,New York City,4751,8.2,0.0,3,0
2022-11-18,center_nyc,New York City,3998,6.8,0.0,4,0
2022-11-19,center_nyc,New York City,3170,4.9,0.9,5,0
2022-11-20,center_nyc,New York City,2736,3.6,0.2,6,0
2022-11-21,center_nyc,New York City,4613,4.6,0.0,0,0
2022-11-22,center_nyc,New York City,4642,9.1,0.0,1,0
2022-11-23,center_nyc,New York City,6094,11.7,0.0,2,0
2022-11-24,center_nyc,New York City,2977,10.8,0.0,3,1
2022-11-25,center_nyc,New York City,5280,11.9,2.2,4,0
2022-11-26,center_nyc,New York City,3728,12.2,0.0,5,0
2022-11-27,center_nyc,New York City,2986,14.1,9.6,6,0
2022-11-28,center_nyc,New York City,5609,14.2,2.4,0,0
2022-11-29,center_nyc,New York City,5278,6.3,0.0,1,0
2022-11-30,center_nyc,New York City,5491,13.1,13.1,2,0
2022-12-01,center_nyc,New York City,5691,11.1,0.0,3,0
2022-12-02,center_nyc,New York City,4293,5.3,0.0,4,0
2022-12-03,center_nyc,New York City,3628,13.6,11.3,5,0
2022-12-04,center_nyc,New York City,2958,13.2,0.2,6,0
2022-12-05,center_nyc,New York City,4875,6.9,0.0,0,0
2022-12-06,center_nyc,New York City,5952,13.2,4.1,1,0
2022-12-07,center_nyc,New York City,4172,14.2,22.9,2,0
2022-12-08,center_nyc,New York City,6033,12.8,0.0,3,0
2022-12-09,center_nyc,New York City,4472,7.8,0.0,4,0
2022-12-10,center_nyc,New York City,3321,4.7,0.0,5,0
2022-12-11,center_nyc,New York City,2294,5.0,6.9,6,0
2022-12-12,center_nyc,New York City,4086,4.0,6.0,0,0
2022-12-13,center_nyc,New York City,5097,4.7,0.0,1,0
2022-12-14,center_nyc,New York City,5408,4.4,0.0,2,0
2022-12-15,center_nyc,New York City,4638,5.4,7.2,3,0
2022-12-16,center_nyc,New York City,2996,7.5,21.7,4,0
2022-12-17,center_nyc,New York City,3376,7.2,0.5,5,0
2022-12-18,center_nyc,New York City,2390,4.2,0.0,6,0
2022-12-19,center_nyc,New York City,4777,3.8,0.0,0,0
2022-12-20,center_nyc,New York City,5004,3.8,0.0,1,0
2022-12-21,center_nyc,New York City,4590,2.8,0.0,2,0
2022-12-22,center_nyc,New York City,4729,6.6,4.7,3,0
2022-12-23,center_nyc,New York City,4286,13.0,18.4,4,0
2022-12-24,center_nyc,New York City,2820,-3.8,0.0,5,0
2022-12-25,center_nyc,New York City,1126,-2.0,0.0,6,1
2022-12-26,center_nyc,New York City,1899,-1.1,0.0,0,1
2022-12-27,center_nyc,New York City,5008,2.7,0.0,1,0
2022-12-28,center_nyc,New York City,4950,7.2,0.0,2,0
2022-12-29,center_nyc,New York City,5228,8.5,0.0,3,0
2022-12-30,center_nyc,New York City,4816,13.1,0.0,4,0
2022-12-31,center_nyc,New York City,3537,11.1,2.5,5,0
2023-01-01,center_nyc,New York City,1405,12.1,7.0,6,1
2023-01-02,center_nyc,New York City,2630,12.1,0.1,0,1
2023-01-03,center_nyc,New York City,5756,12.9,9.1,1,0
2023-01-04,center_nyc,New York City,5477,17.0,1.2,2,0
2023-01-05,center_nyc,New York City,5111,13.1,1.4,3,0
2023-01-06,center_nyc,New York City,4023,8.5,6.3,4,0
2023-01-07,center_nyc,New York City,3289,8.4,0.0,5,0
2023-01-08,center_nyc,New York City,2683,4.3,0.0,6,0
2023-01-09,center_nyc,New York City,4699,7.3,1.3,0,0
2023-01-10,center_nyc,New York City,4952,6.3,0.0,1,0
2023-01-11,center_nyc,New York City,4745,4.3,0.0,2,0
2023-01-12,center_nyc,New York City,5285,10.0,8.4,3,0
2023-01-13,center_nyc,New York City,4109,12.4,18.3,4,0
2023-01-14,center_nyc,New York City,3186,4.1,0.0,5,0
2023-01-15,center_nyc,New York City,2383,4.8,0.0,6,0
2023-01-16,center_nyc,New York City,2373,7.9,0.0,0,1
2023-01-17,center_nyc,New York City,4708,6.9,0.4,1,0
2023-01-18,center_nyc,New York City,5759,11.0,1.9,2,0
2023-01-19,center_nyc,New York City,4674,6.5,10.3,3,0
2023-01-20,center_nyc,New York City,3908,9.1,9.5,4,0
2023-01-21,center_nyc,New York City,3294,6.0,0.3,5,0
2023-01-22,center_nyc,New York City,2693,5.9,0.1,6,0
2023-01-23,center_nyc,New York City,3872,3.6,20.7,0,0
2023-01-24,center_nyc,New York City,4548,8.4,0.0,1,0
2023-01-25,center_nyc,New York City,4679,6.9,3.7,2,0
2023-01-26,center_nyc,New York City,4217,11.9,23.5,3,0
2023-01-27,center_nyc,New York City,3805,6.1,0.0,4,0
2023-01-28,center_nyc,New York City,3972,10.9,0.0,5,0
2023-01-29,center_nyc,New York City,3111,10.3,0.0,6,0
2023-01-30,center_nyc,New York City,5828,10.9,0.0,0,0
2023-01-31,center_nyc,New York City,4847,6.9,1.9,1,0
2023-02-01,center_nyc,New York City,5370,3.3,1.2,2,0
2023-02-02,center_nyc,New York City,4603,3.9,0.0,3,0
2023-02-03,center_nyc,New York City,4436,1.5,0.0,4,0
2023-02-04,center_nyc,New York City,2547,-4.1,0.0,5,0
2023-02-05,center_nyc,New York City,2526,8.9,0.0,6,0
2023-02-06,center_nyc,New York City,5314,10.1,0.0,0,0
2023-02-07,center_nyc,New York City,5470,4.2,0.0,1,0
2023-02-08,center_nyc,New York City,5060,10.4,6.1,2,0
2023-02-09,center_nyc,New York City,5112,10.1,0.0,3,0
2023-02-10,center_nyc,New York City,5218,14.5,0.0,4,0
2023-02-11,center_nyc,New York City,3075,6.9,0.0,5,0
2023-02-12,center_nyc,New York City,2550,6.7,0.0,6,0
2023-02-13,center_nyc,New York City,6047,12.6,2.1,0,0
2023-02-14,center_nyc,New York City,6021,11.3,0.0,1,0
2023-02-15,center_nyc,New York City,6109,15.8,0.0,2,0
2023-02-16,center_nyc,New York City,5181,17.9,2.7,3,0
2023-02-17,center_nyc,New York City,4595,15.6,11.9,4,0
2023-02-18,center_nyc,New York City,3384,5.3,0.0,5,0
2023-02-19,center_nyc,New York City,2725,7.7,0.0,6,0
2023-02-20,center_nyc,New York City,2589,15.8,0.0,0,1
2023-02-21,center_nyc,New York City,4948,8.4,4.9,1,0
2023-02-22,center_nyc,New York City,4577,5.9,3.3,2,0
2023-02-23,center_nyc,New York City,4925,8.1,1.0,3,0
2023-02-24,center_nyc,New York City,4307,7.7,0.0,4,0
2023-02-25,center_nyc,New York City,3467,0.8,0.6,5,0
2023-02-26,center_nyc,New York City,2912,10.1,0.0,6,0
2023-02-27,center_nyc,New York City,4669,5.6,0.0,0,0
2023-02-28,center_nyc,New York City,4699,2.8,17.1,1,0
2023-03-01,center_nyc,New York City,4588,5.4,0.6,2,0
2023-03-02,center_nyc,New York City,5497,14.1,1.5,3,0
2023-03-03,center_nyc,New York City,4121,7.3,0.1,4,0
2023-03-04,center_nyc,New York City,2666,8.1,50.2,5,0
2023-03-05,center_nyc,New York City,3019,12.2,0.3,6,0
2023-03-06,center_nyc,New York City,5079,10.7,0.0,0,0
2023-03-07,center_nyc,New York City,5042,7.6,2.8,1,0
2023-03-08,center_nyc,New York City,5218,9.3,0.0,2,0
2023-03-09,center_nyc,New York City,5222,10.8,0.0,3,0
2023-03-10,center_nyc,New York City,3812,7.4,0.1,4,0
2023-03-11,center_nyc,New York City,2439,7.1,20.7,5,0
2023-03-12,center_nyc,New York City,2493,7.7,0.0,6,0
2023-03-13,center_nyc,New York City,4273,6.3,9.4,0,0
2023-03-14,center_nyc,New York City,3567,4.7,22.6,1,0
2023-03-15,center_nyc,New York City,5412,7.1,0.3,2,0
2023-03-16,center_nyc,New York City,5998,13.2,0.0,3,0
2023-03-17,center_nyc,New York City,5304,13.8,0.0,4,0
2023-03-18,center_nyc,New York City,3624,11.5,1.1,5,0
2023-03-19,center_nyc,New York City,2735,6.8,0.0,6,0
2023-03-20,center_nyc,New York City,4476,8.6,0.0,0,0
2023-03-21,center_nyc,New York City,6165,14.5,0.0,1,0
2023-03-22,center_nyc,New York City,5758,11.8,0.0,2,0
2023-03-23,center_nyc,New York City,5844,14.9,1.7,3,0
2023-03-24,center_nyc,New York City,5184,14.1,0.7,4,0
2023-03-25,center_nyc,New York City,2891,8.6,9.2,5,0
2023-03-26,center_nyc,New York City,2868,14.9,0.7,6,0
2023-03-27,center_nyc,New York City,6126,13.7,0.4,0,0
2023-03-28,center_nyc,New York City,5539,10.7,2.5,1,0
2023-03-29,center_nyc,New York City,5096,9.8,0.0,2,0
2023-03-30,center_nyc,New York City,4904,7.5,0.1,3,0
2023-03-31,center_nyc,New York City,4480,10.5,0.0,4,0
2023-04-01,center_nyc,New York City,3444,19.2,8.5,5,0
2023-04-02,center_nyc,New York City,3187,13.7,2.1,6,0
2023-04-03,center_nyc,New York City,5909,11.1,0.0,0,0
2023-04-04,center_nyc,New York City,5648,16.5,0.0,1,0
2023-04-05,center_nyc,New York City,6194,15.4,0.2,2,0
2023-04-06,center_nyc,New York City,6117,24.2,0.6,3,0
2023-04-07,center_nyc,New York City,4810,17.4,4.0,4,0
2023-04-08,center_nyc,New York City,3136,9.5,0.0,5,0
2023-04-09,center_nyc,New York City,3170,10.9,0.0,6,0
2023-04-10,center_nyc,New York City,5944,15.4,0.0,0,0
2023-04-11,center_nyc,New York City,5519,23.0,0.0,1,0
2023-04-12,center_nyc,New York City,5977,28.0,0.0,2,0
2023-04-13,center_nyc,New York City,5484,29.5,0.0,3,0
2023-04-14,center_nyc,New York City,4824,27.7,0.0,4,0
2023-04-15,center_nyc,New York City,3577,21.6,2.8,5,0
2023-04-16,center_nyc,New York City,2491,19.7,10.3,6,0
2023-04-17,center_nyc,New York City,6087,19.9,1.8,0,0
2023-04-18,center_nyc,New York City,5739,15.5,0.0,1,0
2023-04-19,center_nyc,New York City,5303,17.4,0.0,2,0
2023-04-20,center_nyc,New York City,5710,14.4,0.0,3,0
2023-04-21,center_nyc,New York City,4449,17.5,0.0,4,0
2023-04-22,center_nyc,New York City,3610,18.5,2.7,5,0
2023-04-23,center_nyc,New York City,2363,19.5,27.6,6,0
2023-04-24,center_nyc,New York City,5750,15.1,0.0,0,0
2023-04-25,center_nyc,New York City,5696,14.8,0.5,1,0
2023-04-26,center_nyc,New York City,6338,13.3,0.0,2,0
2023-04-27,center_nyc,New York City,5567,13.1,0.3,3,0
2023-04-28,center_nyc,New York City,4776,12.5,0.9,4,0
2023-04-29,center_nyc,New York City,2991,12.4,49.9,5,0
2023-04-30,center_nyc,New York City,2816,14.8,16.8,6,0
2023-05-01,center_nyc,New York City,5071,15.8,11.0,0,0
2023-05-02,center_nyc,New York City,6398,13.4,1.7,1,0
2023-05-03,center_nyc,New York City,6183,12.6,0.7,2,0
2023-05-04,center_nyc,New York City,5969,13.7,2.2,3,0
2023-05-05,center_nyc,New York City,4987,15.8,3.4,4,0
2023-05-06,center_nyc,New York City,3684,21.0,0.1,5,0
2023-05-07,center_nyc,New York City,3028,22.3,0.0,6,0
2023-05-08,center_nyc,New York City,5140,23.4,0.1,0,0
2023-05-09,center_nyc,New York City,6143,20.0,0.0,1,0
2023-05-10,center_nyc,New York City,6429,19.5,0.0,2,0
2023-05-11,center_nyc,New York City,6100,23.5,0.0,3,0
2023-05-12,center_nyc,New York City,5055,27.5,0.0,4,0
2023-05-13,center_nyc,New York City,3727,26.5,0.0,5,0
2023-05-14,center_nyc,New York City,3242,21.9,0.0,6,0
2023-05-15,center_nyc,New York City,5877,23.5,0.0,0,0
2023-05-16,center_nyc,New York City,5739,26.9,0.0,1,0
2023-05-17,center_nyc,New York City,5794,21.6,0.0,2,0
2023-05-18,center_nyc,New York City,5381,13.9,0.0,3,0
2023-05-19,center_nyc,New York City,4737,18.5,0.0,4,0
2023-05-20,center_nyc,New York City,2783,17.0,28.4,5,0
2023-05-21,center_nyc,New York City,3184,21.3,0.4,6,0
2023-05-22,center_nyc,New York City,5434,22.2,0.1,0,0
2023-05-23,center_nyc,New York City,6104,18.2,0.0,1,0
2023-05-24,center_nyc,New York City,5345,20.3,0.0,2,0
2023-05-25,center_nyc,New York City,5631,18.9,1.2,3,0
2023-05-26,center_nyc,New York City,4833,21.6,0.0,4,0
2023-05-27,center_nyc,New York City,4027,22.9,0.0,5,0
2023-05-28,center_nyc,New York City,2959,21.9,0.0,6,0
2023-05-29,center_nyc,New York City,2758,23.2,0.0,0,1
2023-05-30,center_nyc,New York City,6269,19.1,0.0,1,0
2023-05-31,center_nyc,New York City,6261,21.1,0.0,2,0
2023-06-01,center_nyc,New York City,5396,25.1,0.0,3,0
2023-06-02,center_nyc,New York City,4448,27.8,0.0,4,0
2023-06-03,center_nyc,New York City,3676,20.3,3.9,5,0
2023-06-04,center_nyc,New York City,3147,21.0,0.3,6,0
2023-06-05,center_nyc,New York City,5757,24.1,0.0,0,0
2023-06-06,center_nyc,New York City,5805,25.5,0.5,1,0
2023-06-07,center_nyc,New York City,5412,24.4,0.2,2,0
2023-06-08,center_nyc,New York City,5954,22.0,0.0,3,0
2023-06-09,center_nyc,New York City,4833,22.3,0.2,4,0
2023-06-10,center_nyc,New York City,4173,24.6,1.0,5,0
2023-06-11,center_nyc,New York City,2891,26.2,0.1,6,0
2023-06-12,center_nyc,New York City,5506,23.0,1.1,0,0
2023-06-13,center_nyc,New York City,5748,26.6,4.1,1,0
2023-06-14,center_nyc,New York City,5166,24.1,8.0,2,0
2023-06-15,center_nyc,New York City,5163,26.0,0.0,3,0
2023-06-16,center_nyc,New York City,4602,24.5,6.2,4,0
2023-06-17,center_nyc,New York City,3231,25.5,12.2,5,0
2023-06-18,center_nyc,New York City,3326,26.5,0.0,6,0
2023-06-19,center_nyc,New York City,2983,24.0,0.2,0,1
2023-06-20,center_nyc,New York City,5876,22.2,0.0,1,0
2023-06-21,center_nyc,New York City,6298,22.1,0.0,2,0
2023-06-22,center_nyc,New York City,5635,21.2,0.4,3,0
2023-06-23,center_nyc,New York City,4180,22.5,5.3,4,0
2023-06-24,center_nyc,New York City,3328,24.7,18.1,5,0
2023-06-25,center_nyc,New York City,3076,27.4,0.3,6,0
2023-06-26,center_nyc,New York City,5007,24.5,10.4,0,0
2023-06-27,center_nyc,New York City,5766,25.0,6.4,1,0
2023-06-28,center_nyc,New York City,5198,27.5,5.4,2,0
2023-06-29,center_nyc,New York City,5543,27.8,0.1,3,0
2023-06-30,center_nyc,New York City,4738,27.9,0.0,4,0
2023-07-01,center_nyc,New York City,3864,25.4,0.0,5,0
2023-07-02,center_nyc,New York City,2814,27.8,14.7,6,0
2023-07-03,center_nyc,New York City,5001,29.5,10.6,0,0
2023-07-04,center_nyc,New York City,2454,28.1,12.5,1,1
2023-07-05,center_nyc,New York City,5692,30.6,0.0,2,0
2023-07-06,center_nyc,New York City,5921,29.0,0.0,3,0
2023-07-07,center_nyc,New York City,4878,28.0,0.2,4,0
2023-07-08,center_nyc,New York City,3914,28.1,2.7,5,0
2023-07-09,center_nyc,New York City,2813,25.9,14.0,6,0
2023-07-10,center_nyc,New York City,5096,28.5,5.6,0,0
2023-07-11,center_nyc,New York City,5962,30.1,0.0,1,0
2023-07-12,center_nyc,New York City,5580,32.1,0.0,2,0
2023-07-13,center_nyc,New York City,5809,29.5,0.0,3,0
2023-07-14,center_nyc,New York City,5313,27.9,5.0,4,0
2023-07-15,center_nyc,New York City,2848,28.3,32.3,5,0
2023-07-16,center_nyc,New York City,2168,25.7,28.3,6,0
2023-07-17,center_nyc,New York City,5554,29.9,2.9,0,0
2023-07-18,center_nyc,New York City,5981,28.4,2.5,1,0
2023-07-19,center_nyc,New York City,5447,27.0,1.9,2,0
2023-07-20,center_nyc,New York City,5485,28.0,0.4,3,0
2023-07-21,center_nyc,New York City,4945,27.3,4.0,4,0
2023-07-22,center_nyc,New York City,3930,28.4,0.0,5,0
2023-07-23,center_nyc,New York City,3117,28.8,0.6,6,0
2023-07-24,center_nyc,New York City,5447,27.4,0.0,0,0
2023-07-25,center_nyc,New York City,5670,28.0,17.2,1,0
2023-07-26,center_nyc,New York City,5970,28.9,0.2,2,0
2023-07-27,center_nyc,New York City,5892,33.9,0.0,3,0
2023-07-28,center_nyc,New York City,4745,32.8,0.0,4,0
2023-07-29,center_nyc,New York City,3936,33.8,1.1,5,0
2023-07-30,center_nyc,New York City,3007,27.8,1.3,6,0
2023-07-31,center_nyc,New York City,5974,28.0,0.1,0,0
2023-08-01,center_nyc,New York City,6021,27.0,0.2,1,0
2023-08-02,center_nyc,New York City,6195,26.2,0.0,2,0
2023-08-03,center_nyc,New York City,5912,25.3,1.0,3,0
2023-08-04,center_nyc,New York City,5117,26.3,1.6,4,0
2023-08-05,center_nyc,New York City,3968,29.4,0.7,5,0
2023-08-06,center_nyc,New York City,3068,28.5,0.0,6,0
2023-08-07,center_nyc,New York City,5355,26.6,19.1,0,0
2023-08-08,center_nyc,New York City,4810,27.1,46.0,1,0
2023-08-09,center_nyc,New York City,5300,29.4,0.0,2,0
2023-08-10,center_nyc,New York City,4157,25.2,21.8,3,0
2023-08-11,center_nyc,New York City,5158,29.2,0.2,4,0
2023-08-12,center_nyc,New York City,4067,26.9,5.0,5,0
2023-08-13,center_nyc,New York City,2551,30.5,5.7,6,0
2023-08-14,center_nyc,New York City,5374,29.4,0.6,0,0
2023-08-15,center_nyc,New York City,5650,28.0,11.3,1,0
2023-08-16,center_nyc,New York City,6034,25.7,3.8,2,0
2023-08-17,center_nyc,New York City,5395,25.1,5.2,3,0
2023-08-18,center_nyc,New York City,4767,27.1,1.8,4,0
2023-08-19,center_nyc,New York City,3734,26.5,0.0,5,0
2023-08-20,center_nyc,New York City,2779,28.5,0.0,6,0
2023-08-21,center_nyc,New York City,5174,31.1,0.4,0,0
2023-08-22,center_nyc,New York City,5284,26.9,0.0,1,0
2023-08-23,center_nyc,New York City,6359,25.0,0.0,2,0
2023-08-24,center_nyc,New York City,6067,24.0,1.4,3,0
2023-08-25,center_nyc,New York City,4019,27.0,7.4,4,0
2023-08-26,center_nyc,New York City,4000,28.6,3.7,5,0
2023-08-27,center_nyc,New York City,3146,28.4,1.2,6,0
2023-08-28,center_nyc,New York City,5970,24.4,0.5,0,0
2023-08-29,center_nyc,New York City,6353,27.0,0.3,1,0
2023-08-30,center_nyc,New York City,5992,30.0,0.9,2,0
2023-08-31,center_nyc,New York City,6053,25.1,0.0,3,0
2023-09-01,center_nyc,New York City,5029,24.0,0.0,4,0
2023-09-02,center_nyc,New York City,4110,24.9,0.0,5,0
2023-09-03,center_nyc,New York City,2997,32.5,0.3,6,0
2023-09-04,center_nyc,New York City,2812,34.2,0.0,0,1
2023-09-05,center_nyc,New York City,5165,34.6,5.4,1,0
2023-09-06,center_nyc,New York City,5475,34.5,0.0,2,0
2023-09-07,center_nyc,New York City,5552,34.8,0.2,3,0
2023-09-08,center_nyc,New York City,4061,30.7,7.2,4,0
2023-09-09,center_nyc,New York City,3377,28.4,5.1,5,0
2023-09-10,center_nyc,New York City,2561,24.6,7.8,6,0
2023-09-11,center_nyc,New York City,4499,26.6,20.9,0,0
2023-09-12,center_nyc,New York City,5317,28.1,3.7,1,0
2023-09-13,center_nyc,New York City,4075,25.9,20.1,2,0
2023-09-14,center_nyc,New York City,5445,25.0,0.1,3,0
2023-09-15,center_nyc,New York City,4993,21.7,0.0,4,0
2023-09-16,center_nyc,New York City,3500,24.5,0.0,5,0
2023-09-17,center_nyc,New York City,3245,23.5,0.0,6,0
2023-09-18,center_nyc,New York City,3860,21.5,21.5,0,0
2023-09-19,center_nyc,New York City,6085,23.4,0.2,1,0
2023-09-20,center_nyc,New York City,6351,23.5,0.0,2,0
2023-09-21,center_nyc,New York City,5868,22.6,0.0,3,0
2023-09-22,center_nyc,New York City,4815,22.2,0.0,4,0
2023-09-23,center_nyc,New York City,2893,17.2,28.2,5,0
2023-09-24,center_nyc,New York City,2762,20.6,19.9,6,0
2023-09-25,center_nyc,New York City,4557,18.0,14.2,0,0
2023-09-26,center_nyc,New York City,5676,17.0,7.5,1,0
2023-09-27,center_nyc,New York City,5663,18.1,0.0,2,0
2023-09-28,center_nyc,New York City,5140,19.5,0.0,3,0
2023-09-29,center_nyc,New York City,3974,17.8,61.9,4,0
2023-09-30,center_nyc,New York City,3707,21.1,1.8,5,0
2023-10-01,center_nyc,New York City,3343,24.8,0.0,6,0
2023-10-02,center_nyc,New York City,5146,24.7,0.0,0,0
2023-10-03,center_nyc,New York City,6030,26.0,0.0,1,0
2023-10-04,center_nyc,New York City,6170,26.2,0.0,2,0
2023-10-05,center_nyc,New York City,5479,22.8,0.0,3,0
2023-10-06,center_nyc,New York City,4459,21.8,1.5,4,0
2023-10-07,center_nyc,New York City,3058,20.2,48.3,5,0
2023-10-08,center_nyc,New York City,2996,16.8,0.0,6,0
2023-10-09,center_nyc,New York City,2831,15.4,0.1,0,1
2023-10-10,center_nyc,New York City,5711,17.9,0.0,1,0
2023-10-11,center_nyc,New York City,6078,20.5,0.0,2,0
2023-10-12,center_nyc,New York City,5723,20.5,0.0,3,0
2023-10-13,center_nyc,New York City,5069,17.5,0.0,4,0
2023-10-14,center_nyc,New York City,3720,12.4,10.9,5,0
2023-10-15,center_nyc,New York City,2926,16.4,4.1,6,0
2023-10-16,center_nyc,New York City,5896,17.4,1.0,0,0
2023-10-17,center_nyc,New York City,6134,16.6,0.5,1,0
2023-10-18,center_nyc,New York City,6302,17.2,0.3,2,0
2023-10-19,center_nyc,New York City,5247,17.2,0.0,3,0
2023-10-20,center_nyc,New York City,3785,17.2,21.1,4,0
2023-10-21,center_nyc,New York City,3697,17.6,10.6,5,0
2023-10-22,center_nyc,New York City,2841,14.0,0.0,6,0
2023-10-23,center_nyc,New York City,5139,15.9,0.0,0,0
2023-10-24,center_nyc,New York City,6136,16.9,0.0,1,0
2023-10-25,center_nyc,New York City,6364,21.4,0.0,2,0
2023-10-26,center_nyc,New York City,5220,23.9,0.0,3,0
2023-10-27,center_nyc,New York City,4464,23.6,0.1,4,0
2023-10-28,center_nyc,New York City,4155,26.9,0.0,5,0
2023-10-29,center_nyc,New York City,2911,21.1,6.5,6,0
2023-10-30,center_nyc,New York City,5080,19.8,1.3,0,0
2023-10-31,center_nyc,New York City,6081,12.1,0.0,1,0
2023-11-01,center_nyc,New York City,4501,9.4,2.7,2,0
2023-11-02,center_nyc,New York City,4964,9.6,0.0,3,0
2023-11-03,center_nyc,New York City,4556,12.6,0.0,4,0
2023-11-04,center_nyc,New York City,3595,14.4,0.0,5,0
2023-11-05,center_nyc,New York City,3349,16.3,0.1,6,0
2023-11-06,center_nyc,New York City,6099,11.8,0.1,0,0
2023-11-07,center_nyc,New York City,5639,20.0,5.5,1,0
2023-11-08,center_nyc,New York City,5958,15.2,0.0,2,0
2023-11-09,center_nyc,New York City,6036,15.8,1.0,3,0
2023-11-10,center_nyc,New York City,2576,11.4,0.3,4,1
2023-11-11,center_nyc,New York City,2081,12.1,0.0,5,1
2023-11-12,center_nyc,New York City,2733,6.8,0.0,6,0
2023-11-13,center_nyc,New York City,4336,8.4,0.0,0,0
2023-11-14,center_nyc,New York City,6339,11.2,0.0,1,0
2023-11-15,center_nyc,New York City,6316,10.4,0.0,2,0
2023-11-16,center_nyc,New York City,5199,16.9,0.0,3,0
2023-11-17,center_nyc,New York City,4523,18.1,0.0,4,0
2023-11-18,center_nyc,New York City,3996,15.1,0.9,5,0
2023-11-19,center_nyc,New York City,3032,12.2,0.0,6,0
2023-11-20,center_nyc,New York City,4349,7.2,0.0,0,0
2023-11-21,center_nyc,New York City,4647,8.6,2.0,1,0
2023-11-22,center_nyc,New York City,4611,14.4,27.9,2,0
2023-11-23,center_nyc,New York City,2847,11.1,0.0,3,1
2023-11-24,center_nyc,New York City,4141,9.9,0.0,4,0
2023-11-25,center_nyc,New York City,3187,4.0,0.0,5,0
2023-11-26,center_nyc,New York City,3022,10.6,0.9,6,0
2023-11-27,center_nyc,New York City,4678,13.3,14.2,0,0
2023-11-28,center_nyc,New York City,4512,4.5,0.0,1,0
2023-11-29,center_nyc,New York City,4559,2.5,0.0,2,0
2023-11-30,center_nyc,New York City,5204,9.6,0.0,3,0
2023-12-01,center_nyc,New York City,4496,8.7,1.2,4,0
2023-12-02,center_nyc,New York City,3724,15.3,5.2,5,0
2023-12-03,center_nyc,New York City,2891,10.4,18.3,6,0
2023-12-04,center_nyc,New York City,5412,10.9,0.5,0,0
2023-12-05,center_nyc,New York City,4888,6.9,0.0,1,0
2023-12-06,center_nyc,New York City,4541,4.9,0.0,2,0
2023-12-07,center_nyc,New York City,5163,3.8,0.0,3,0
2023-12-08,center_nyc,New York City,3900,8.4,0.0,4,0
2023-12-09,center_nyc,New York City,3886,12.9,0.0,5,0
2023-12-10,center_nyc,New York City,2715,16.1,14.2,6,0
2023-12-11,center_nyc,New York City,4520,15.0,42.7,0,0
2023-12-12,center_nyc,New York City,5380,6.0,0.0,1,0
2023-12-13,center_nyc,New York City,5477,7.4,0.0,2,0
2023-12-14,center_nyc,New York City,4776,4.6,0.0,3,0
2023-12-15,center_nyc,New York City,4544,11.8,0.0,4,0
2023-12-16,center_nyc,New York City,3517,11.5,0.0,5,0
2023-12-17,center_nyc,New York City,2928,11.9,12.2,6,0
2023-12-18,center_nyc,New York City,4612,15.4,75.1,0,0
2023-12-19,center_nyc,New York City,5282,7.6,0.1,1,0
2023-12-20,center_nyc,New York City,4532,7.2,0.0,2,0
2023-12-21,center_nyc,New York City,4829,4.2,0.0,3,0
2023-12-22,center_nyc,New York City,4223,2.4,0.0,4,0
2023-12-23,center_nyc,New York City,3100,6.2,0.0,5,0
2023-12-24,center_nyc,New York City,2531,9.0,0.3,6,0
2023-12-25,center_nyc,New York City,3020,11.4,0.0,0,1
2023-12-26,center_nyc,New York City,4602,7.8,0.0,1,0
2023-12-27,center_nyc,New York City,5152,9.6,2.6,2,0
2023-12-28,center_nyc,New York City,4543,11.4,30.0,3,0
2023-12-29,center_nyc,New York City,4691,12.9,2.2,4,0
2023-12-30,center_nyc,New York City,3402,8.8,0.0,5,0
2023-12-31,center_nyc,New York City,2693,6.6,0.2,6,0
2020-01-01,center_philly,Philadelphia,437,5.8,0.0,2,1
2020-01-02,center_philly,Philadelphia,842,8.2,0.0,3,0
2020-01-03,center_philly,Philadelphia,753,9.4,4.2,4,0
2020-01-04,center_philly,Philadelphia,620,13.0,6.9,5,0
2020-01-05,center_philly,Philadelphia,439,9.7,2.7,6,0
2020-01-06,center_philly,Philadelphia,832,8.2,0.3,0,0
2020-01-07,center_philly,Philadelphia,881,6.9,1.0,1,0
2020-01-08,center_philly,Philadelphia,959,4.8,1.4,2,0
2020-01-09,center_philly,Philadelphia,863,0.8,0.0,3,0
2020-01-10,center_philly,Philadelphia,888,11.5,0.0,4,0
2020-01-11,center_philly,Philadelphia,666,18.4,0.0,5,0
2020-01-12,center_philly,Philadelphia,624,19.6,3.4,6,0
2020-01-13,center_philly,Philadelphia,1057,10.6,0.0,0,0
2020-01-14,center_philly,Philadelphia,925,8.1,1.5,1,0
2020-01-15,center_philly,Philadelphia,1125,10.6,0.1,2,0
2020-01-16,center_philly,Philadelphia,863,9.9,1.2,3,0
2020-01-17,center_philly,Philadelphia,817,4.1,0.0,4,0
2020-01-18,center_philly,Philadelphia,597,0.9,3.2,5,0
2020-01-19,center_philly,Philadelphia,488,5.4,3.3,6,0
2020-01-20,center_philly,Philadelphia,337,-0.2,0.0,0,1
2020-01-21,center_philly,Philadelphia,914,1.4,0.0,1,0
2020-01-22,center_philly,Philadelphia,919,4.0,0.0,2,0
2020-01-23,center_philly,Philadelphia,827,6.1,0.0,3,0
2020-01-24,center_philly,Philadelphia,852,11.5,0.0,4,0
2020-01-25,center_philly,Philadelphia,558,11.6,38.2,5,0
2020-01-26,center_philly,Philadelphia,476,7.6,0.0,6,0
2020-01-27,center_philly,Philadelphia,931,6.8,0.0,0,0
2020-01-28,center_philly,Philadelphia,875,5.7,0.0,1,0
2020-01-29,center_philly,Philadelphia,958,4.8,0.0,2,0
2020-01-30,center_philly,Philadelphia,976,2.5,0.0,3,0
2020-01-31,center_philly,Philadelphia,743,7.2,0.0,4,0
2020-02-01,center_philly,Philadelphia,659,6.9,1.7,5,0
2020-02-02,center_philly,Philadelphia,455,6.2,1.5,6,0
2020-02-03,center_philly,Philadelphia,976,14.2,0.0,0,0
2020-02-04,center_philly,Philadelphia,1036,16.5,2.4,1,0
2020-02-05,center_philly,Philadelphia,1174,14.1,0.9,2,0
2020-02-06,center_philly,Philadelphia,718,7.2,20.5,3,0
2020-02-07,center_philly,Philadelphia,895,13.9,17.9,4,0
2020-02-08,center_philly,Philadelphia,574,5.5,0.0,5,0
2020-02-09,center_philly,Philadelphia,479,7.9,0.0,6,0
2020-02-10,center_philly,Philadelphia,863,7.2,8.0,0,0
2020-02-11,center_philly,Philadelphia,1038,10.0,13.5,1,0
2020-02-12,center_philly,Philadelphia,872,8.9,0.0,2,0
2020-02-13,center_philly,Philadelphia,766,9.5,13.8,3,0
2020-02-14,center_philly,Philadelphia,824,6.7,0.0,4,0
2020-02-15,center_philly,Philadelphia,636,0.6,0.0,5,0
2020-02-16,center_philly,Philadelphia,512,8.8,0.0,6,0
2020-02-17,center_philly,Philadelphia,519,10.6,0.0,0,1
2020-02-18,center_philly,Philadelphia,1011,14.6,0.0,1,0
2020-02-19,center_philly,Philadelphia,1103,10.6,0.1,2,0
2020-02-20,center_philly,Philadelphia,964,3.8,0.0,3,0
2020-02-21,center_philly,Philadelphia,735,2.1,0.0,4,0
2020-02-22,center_philly,Philadelphia,631,9.4,0.0,5,0
2020-02-23,center_philly,Philadelphia,607,11.5,0.0,6,0
2020-02-24,center_philly,Philadelphia,1055,14.8,0.0,0,0
2020-02-25,center_philly,Philadelphia,882,9.4,8.8,1,0
2020-02-26,center_philly,Philadelphia,1152,11.9,0.0,2,0
2020-02-27,center_philly,Philadelphia,786,8.1,10.5,3,0
2020-02-28,center_philly,Philadelphia,796,5.3,0.0,4,0
2020-02-29,center_philly,Philadelphia,613,2.3,0.0,5,0
2020-03-01,center_philly,Philadelphia,443,6.8,0.0,6,0
2020-03-02,center_philly,Philadelphia,1021,14.9,0.0,0,0
2020-03-03,center_philly,Philadelphia,938,15.8,5.9,1,0
2020-03-04,center_philly,Philadelphia,1065,13.9,4.3,2,0
2020-03-05,center_philly,Philadelphia,1126,11.1,0.0,3,0
2020-03-06,center_philly,Philadelphia,785,7.2,2.4,4,0
2020-03-07,center_philly,Philadelphia,616,7.8,3.1,5,0
2020-03-08,center_philly,Philadelphia,621,14.2,0.0,6,0
2020-03-09,center_philly,Philadelphia,989,19.2,0.0,0,0
2020-03-10,center_philly,Philadelphia,1167,17.2,2.6,1,0
2020-03-11,center_philly,Philadelphia,1023,15.1,0.4,2,0
2020-03-12,center_philly,Philadelphia,1124,13.1,0.0,3,0
2020-03-13,center_philly,Philadelphia,828,21.0,5.2,4,0
2020-03-14,center_philly,Philadelphia,736,15.1,0.0,5,0
2020-03-15,center_philly,Philadelphia,591,11.9,2.2,6,0
2020-03-16,center_philly,Philadelphia,821,8.6,0.0,0,0
2020-03-17,center_philly,Philadelphia,1101,13.8,2.8,1,0
2020-03-18,center_philly,Philadelphia,1015,13.5,0.0,2,0
2020-03-19,center_philly,Philadelphia,840,14.2,21.6,3,0
2020-03-20,center_philly,Philadelphia,834,24.0,1.7,4,0
2020-03-21,center_philly,Philadelphia,662,20.9,0.3,5,0
2020-03-22,center_philly,Philadelphia,491,7.0,0.0,6,0
2020-03-23,center_philly,Philadelphia,638,6.8,29.1,0,0
2020-03-24,center_philly,Philadelphia,1019,14.1,0.0,1,0
2020-03-25,center_philly,Philadelphia,1013,7.7,2.7,2,0
2020-03-26,center_philly,Philadelphia,964,14.4,0.0,3,0
2020-03-27,center_philly,Philadelphia,997,18.5,0.7,4,0
2020-03-28,center_philly,Philadelphia,658,13.0,12.2,5,0
2020-03-29,center_philly,Philadelphia,528,18.3,1.7,6,0
2020-03-30,center_philly,Philadelphia,1077,17.2,1.0,0,0
2020-03-31,center_philly,Philadelphia,1065,11.4,0.4,1,0
2020-04-01,center_philly,Philadelphia,1155,11.6,0.0,2,0
2020-04-02,center_philly,Philadelphia,1065,13.9,0.0,3,0
2020-04-03,center_philly,Philadelphia,958,12.9,0.6,4,0
2020-04-04,center_philly,Philadelphia,716,12.3,1.2,5,0
2020-04-05,center_philly,Philadelphia,582,18.3,0.0,6,0
2020-04-06,center_philly,Philadelphia,956,18.0,0.7,0,0
2020-04-07,center_philly,Philadelphia,1119,17.9,0.1,1,0
2020-04-08,center_philly,Philadelphia,1001,21.0,2.1,2,0
2020-04-09,center_philly,Philadelphia,929,19.2,5.1,3,0
2020-04-10,center_philly,Philadelphia,783,9.8,0.4,4,0
2020-04-11,center_philly,Philadelphia,651,11.7,0.0,5,0
2020-04-12,center_philly,Philadelphia,627,20.8,0.0,6,0
2020-04-13,center_philly,Philadelphia,780,21.2,56.4,0,0
2020-04-14,center_philly,Philadelphia,1081,18.6,0.3,1,0
2020-04-15,center_philly,Philadelphia,1045,10.8,3.4,2,0
2020-04-16,center_philly,Philadelphia,816,8.4,0.1,3,0
2020-04-17,center_philly,Philadelphia,822,10.8,0.9,4,0
2020-04-18,center_philly,Philadelphia,686,11.4,1.9,5,0
2020-04-19,center_philly,Philadelphia,586,15.1,0.0,6,0
2020-04-20,center_philly,Philadelphia,1083,13.4,0.1,0,0
2020-04-21,center_philly,Philadelphia,956,16.1,5.4,1,0
2020-04-22,center_philly,Philadelphia,1184,10.9,0.0,2,0
2020-04-23,center_philly,Philadelphia,1113,14.9,1.0,3,0
2020-04-24,center_philly,Philadelphia,642,10.1,22.2,4,0
2020-04-25,center_philly,Philadelphia,722,17.2,0.0,5,0
2020-04-26,center_philly,Philadelphia,562,11.2,13.2,6,0
2020-04-27,center_philly,Philadelphia,1015,10.4,1.3,0,0
2020-04-28,center_philly,Philadelphia,1097,17.3,0.0,1,0
2020-04-29,center_philly,Philadelphia,1150,17.6,0.3,2,0
2020-04-30,center_philly,Philadelphia,995,19.9,16.1,3,0
2020-05-01,center_philly,Philadelphia,657,19.0,20.3,4,0
2020-05-02,center_philly,Philadelphia,726,20.6,0.0,5,0
2020-05-03,center_philly,Philadelphia,597,24.6,4.8,6,0
2020-05-04,center_philly,Philadelphia,958,20.9,6.5,0,0
2020-05-05,center_philly,Philadelphia,1120,14.4,0.0,1,0
2020-05-06,center_philly,Philadelphia,1047,12.2,1.9,2,0
2020-05-07,center_philly,Philadelphia,1039,17.9,0.4,3,0
2020-05-08,center_philly,Philadelphia,772,12.9,5.5,4,0
2020-05-09,center_philly,Philadelphia,559,9.6,10.4,5,0
2020-05-10,center_philly,Philadelphia,608,16.0,0.0,6,0
2020-05-11,center_philly,Philadelphia,1010,16.1,2.4,0,0
2020-05-12,center_philly,Philadelphia,1089,13.1,0.1,1,0
2020-05-13,center_philly,Philadelphia,1204,16.0,0.0,2,0
2020-05-14,center_philly,Philadelphia,983,21.4,0.0,3,0
2020-05-15,center_philly,Philadelphia,824,27.1,2.3,4,0
2020-05-16,center_philly,Philadelphia,748,24.6,0.1,5,0
2020-05-17,center_philly,Philadelphia,561,20.5,0.0,6,0
2020-05-18,center_philly,Philadelphia,1024,19.5,0.0,0,0
2020-05-19,center_philly,Philadelphia,1011,18.5,0.0,1,0
2020-05-20,center_philly,Philadelphia,1017,15.6,0.0,2,0
2020-05-21,center_philly,Philadelphia,1108,22.9,0.0,3,0
2020-05-22,center_philly,Philadelphia,744,21.0,9.0,4,0
2020-05-23,center_philly,Philadelphia,703,23.8,11.4,5,0
2020-05-24,center_philly,Philadelphia,526,20.8,0.3,6,0
2020-05-25,center_philly,Philadelphia,570,23.0,0.0,0,1
2020-05-26,center_philly,Philadelphia,1007,28.4,0.0,1,0
2020-05-27,center_philly,Philadelphia,1178,25.7,0.5,2,0
2020-05-28,center_philly,Philadelphia,1131,25.2,2.6,3,0
2020-05-29,center_philly,Philadelphia,962,26.9,2.8,4,0
2020-05-30,center_philly,Philadelphia,780,27.0,2.0,5,0
2020-05-31,center_philly,Philadelphia,558,23.5,0.0,6,0
2020-06-01,center_philly,Philadelphia,1092,20.8,0.0,0,0
2020-06-02,center_philly,Philadelphia,1027,23.1,0.5,1,0
2020-06-03,center_philly,Philadelphia,1064,31.8,2.1,2,0
2020-06-04,center_philly,Philadelphia,1078,31.2,1.8,3,0
2020-06-05,center_philly,Philadelphia,743,27.7,13.3,4,0
2020-06-06,center_philly,Philadelphia,626,31.5,13.4,5,0
2020-06-07,center_philly,Philadelphia,523,27.0,0.0,6,0
2020-06-08,center_philly,Philadelphia,1006,26.0,0.0,0,0
2020-06-09,center_philly,Philadelphia,1195,30.9,0.0,1,0
2020-06-10,center_philly,Philadelphia,1202,31.5,0.4,2,0
2020-06-11,center_philly,Philadelphia,712,27.6,22.6,3,0
2020-06-12,center_philly,Philadelphia,845,29.9,0.0,4,0
2020-06-13,center_philly,Philadelphia,704,25.9,0.0,5,0
2020-06-14,center_philly,Philadelphia,629,25.2,0.0,6,0
2020-06-15,center_philly,Philadelphia,952,25.0,0.0,0,0
2020-06-16,center_philly,Philadelphia,1093,25.9,0.0,1,0
2020-06-17,center_philly,Philadelphia,1106,24.9,0.0,2,0
2020-06-18,center_philly,Philadelphia,1147,26.4,4.9,3,0
2020-06-19,center_philly,Philadelphia,988,27.5,2.0,4,0
2020-06-20,center_philly,Philadelphia,600,27.6,9.6,5,0
2020-06-21,center_philly,Philadelphia,551,27.5,2.0,6,0
2020-06-22,center_philly,Philadelphia,1047,30.9,0.2,0,0
2020-06-23,center_philly,Philadelphia,1189,31.0,0.8,1,0
2020-06-24,center_philly,Philadelphia,1122,30.2,4.2,2,0
2020-06-25,center_philly,Philadelphia,1077,28.2,0.2,3,0
2020-06-26,center_philly,Philadelphia,995,30.6,0.0,4,0
2020-06-27,center_philly,Philadelphia,604,31.3,5.3,5,0
2020-06-28,center_philly,Philadelphia,624,32.1,2.6,6,0
2020-06-29,center_philly,Philadelphia,1125,32.8,0.7,0,0
2020-06-30,center_philly,Philadelphia,1038,30.2,0.3,1,0
2020-07-01,center_philly,Philadelphia,1082,27.6,8.8,2,0
2020-07-02,center_philly,Philadelphia,1019,32.0,0.0,3,0
2020-07-03,center_philly,Philadelphia,330,35.7,0.0,4,1
2020-07-04,center_philly,Philadelphia,364,31.7,0.4,5,1
2020-07-05,center_philly,Philadelphia,568,33.8,0.6,6,0
2020-07-06,center_philly,Philadelphia,1057,32.4,1.4,0,0
2020-07-07,center_philly,Philadelphia,1053,29.8,3.6,1,0
2020-07-08,center_philly,Philadelphia,1157,31.5,2.4,2,0
2020-07-09,center_philly,Philadelphia,957,33.3,0.1,3,0
2020-07-10,center_philly,Philadelphia,718,28.5,85.7,4,0
2020-07-11,center_philly,Philadelphia,692,28.6,9.2,5,0
2020-07-12,center_philly,Philadelphia,548,31.1,0.3,6,0
2020-07-13,center_philly,Philadelphia,1015,31.0,2.0,0,0
2020-07-14,center_philly,Philadelphia,1193,30.2,0.1,1,0
2020-07-15,center_philly,Philadelphia,1088,28.5,0.7,2,0
2020-07-16,center_philly,Philadelphia,1014,28.5,0.0,3,0
2020-07-17,center_philly,Philadelphia,965,31.1,4.1,4,0
2020-07-18,center_philly,Philadelphia,735,34.9,0.0,5,0
2020-07-19,center_philly,Philadelphia,450,35.5,0.0,6,0
2020-07-20,center_philly,Philadelphia,847,37.0,0.0,0,0
2020-07-21,center_philly,Philadelphia,903,36.5,0.0,1,0
2020-07-22,center_philly,Philadelphia,1122,34.3,0.4,2,0
2020-07-23,center_philly,Philadelphia,1029,31.0,14.2,3,0
2020-07-24,center_philly,Philadelphia,865,26.9,11.8,4,0
2020-07-25,center_philly,Philadelphia,666,30.2,0.3,5,0
2020-07-26,center_philly,Philadelphia,541,34.7,0.0,6,0
2020-07-27,center_philly,Philadelphia,865,35.3,0.0,0,0
2020-07-28,center_philly,Philadelphia,1102,33.9,3.6,1,0
2020-07-29,center_philly,Philadelphia,1116,34.5,0.0,2,0
2020-07-30,center_philly,Philadelphia,1040,34.3,0.1,3,0
2020-07-31,center_philly,Philadelphia,684,29.7,34.8,4,0
2020-08-01,center_philly,Philadelphia,659,31.9,0.0,5,0
2020-08-02,center_philly,Philadelphia,620,31.2,5.0,6,0
2020-08-03,center_philly,Philadelphia,1151,31.2,0.0,0,0
2020-08-04,center_philly,Philadelphia,816,27.4,61.5,1,0
2020-08-05,center_philly,Philadelphia,1090,30.2,0.2,2,0
2020-08-06,center_philly,Philadelphia,955,27.5,5.7,3,0
2020-08-07,center_philly,Philadelphia,747,27.0,9.3,4,0
2020-08-08,center_philly,Philadelphia,785,27.5,1.4,5,0
2020-08-09,center_philly,Philadelphia,539,29.4,1.1,6,0
2020-08-10,center_philly,Philadelphia,1046,32.1,0.0,0,0
2020-08-11,center_philly,Philadelphia,1059,30.5,2.7,1,0
2020-08-12,center_philly,Philadelphia,1075,31.3,4.6,2,0
2020-08-13,center_philly,Philadelphia,923,26.1,6.5,3,0
2020-08-14,center_philly,Philadelphia,830,28.9,1.0,4,0
2020-08-15,center_philly,Philadelphia,752,27.5,0.0,5,0
2020-08-16,center_philly,Philadelphia,475,23.1,10.2,6,0
2020-08-17,center_philly,Philadelphia,1069,27.6,0.2,0,0
2020-08-18,center_philly,Philadelphia,1076,27.6,0.0,1,0
2020-08-19,center_philly,Philadelphia,1055,25.8,3.4,2,0
2020-08-20,center_philly,Philadelphia,1154,27.2,0.2,3,0
2020-08-21,center_philly,Philadelphia,868,28.0,0.2,4,0
2020-08-22,center_philly,Philadelphia,681,29.5,0.0,5,0
2020-08-23,center_philly,Philadelphia,621,28.4,2.7,6,0
2020-08-24,center_philly,Philadelphia,1151,31.4,4.7,0,0
2020-08-25,center_philly,Philadelphia,1171,32.8,0.3,1,0
2020-08-26,center_philly,Philadelphia,1172,29.8,0.0,2,0
2020-08-27,center_philly,Philadelphia,1001,34.1,0.2,3,0
2020-08-28,center_philly,Philadelphia,896,32.5,3.3,4,0
2020-08-29,center_philly,Philadelphia,494,26.6,20.7,5,0
2020-08-30,center_philly,Philadelphia,551,25.9,0.1,6,0
2020-08-31,center_philly,Philadelphia,1145,23.8,0.5,0,0
2020-09-01,center_philly,Philadelphia,1069,26.0,0.4,1,0
2020-09-02,center_philly,Philadelphia,1005,28.7,14.4,2,0
2020-09-03,center_philly,Philadelphia,944,30.0,10.7,3,0
2020-09-04,center_philly,Philadelphia,989,29.6,2.5,4,0
2020-09-05,center_philly,Philadelphia,703,25.9,0.0,5,0
2020-09-06,center_philly,Philadelphia,535,27.8,0.0,6,0
2020-09-07,center_philly,Philadelphia,540,29.0,0.0,0,1
2020-09-08,center_philly,Philadelphia,1066,29.4,0.0,1,0
2020-09-09,center_philly,Philadelphia,1208,27.4,0.3,2,0
2020-09-10,center_philly,Philadelphia,862,27.1,12.8,3,0
2020-09-11,center_philly,Philadelphia,955,27.4,5.0,4,0
2020-09-12,center_philly,Philadelphia,737,22.9,0.0,5,0
2020-09-13,center_philly,Philadelphia,575,25.5,0.2,6,0
2020-09-14,center_philly,Philadelphia,1055,25.6,0.0,0,0
2020-09-15,center_philly,Philadelphia,1019,20.8,0.0,1,0
2020-09-16,center_philly,Philadelphia,1104,23.6,0.0,2,0
2020-09-17,center_philly,Philadelphia,1100,22.8,2.0,3,0
2020-09-18,center_philly,Philadelphia,970,22.4,0.9,4,0
2020-09-19,center_philly,Philadelphia,728,18.4,0.0,5,0
2020-09-20,center_philly,Philadelphia,537,18.1,0.0,6,0
2020-09-21,center_philly,Philadelphia,965,19.1,0.0,0,0
2020-09-22,center_philly,Philadelphia,1195,23.0,0.0,1,0
2020-09-23,center_philly,Philadelphia,1117,27.7,0.0,2,0
2020-09-24,center_philly,Philadelphia,1004,24.8,0.0,3,0
2020-09-25,center_philly,Philadelphia,942,24.9,0.0,4,0
2020-09-26,center_philly,Philadelphia,678,24.4,4.1,5,0
2020-09-27,center_philly,Philadelphia,609,25.5,0.5,6,0
2020-09-28,center_philly,Philadelphia,929,26.9,6.0,0,0
2020-09-29,center_philly,Philadelphia,838,25.1,28.3,1,0
2020-09-30,center_philly,Philadelphia,784,21.8,21.3,2,0
2020-10-01,center_philly,Philadelphia,1011,22.5,0.0,3,0
2020-10-02,center_philly,Philadelphia,853,18.6,5.8,4,0
2020-10-03,center_philly,Philadelphia,733,18.2,0.0,5,0
2020-10-04,center_philly,Philadelphia,620,20.2,0.0,6,0
2020-10-05,center_philly,Philadelphia,1141,19.6,1.4,0,0
2020-10-06,center_philly,Philadelphia,1008,20.0,0.0,1,0
2020-10-07,center_philly,Philadelphia,1040,25.5,0.0,2,0
2020-10-08,center_philly,Philadelphia,963,21.9,0.0,3,0
2020-10-09,center_philly,Philadelphia,919,21.5,0.0,4,0
2020-10-10,center_philly,Philadelphia,687,23.0,0.0,5,0
2020-10-11,center_philly,Philadelphia,611,20.6,0.2,6,0
2020-10-12,center_philly,Philadelphia,384,15.6,21.0,0,1
2020-10-13,center_philly,Philadelphia,1055,18.7,0.5,1,0
2020-10-14,center_philly,Philadelphia,1148,21.2,0.0,2,0
2020-10-15,center_philly,Philadelphia,997,23.2,0.0,3,0
2020-10-16,center_philly,Philadelphia,660,18.1,20.2,4,0
2020-10-17,center_philly,Philadelphia,787,15.1,1.1,5,0
2020-10-18,center_philly,Philadelphia,586,18.5,0.0,6,0
2020-10-19,center_philly,Philadelphia,978,21.4,0.0,0,0
2020-10-20,center_philly,Philadelphia,1101,23.0,0.0,1,0
2020-10-21,center_philly,Philadelphia,993,23.5,0.1,2,0
2020-10-22,center_philly,Philadelphia,1102,23.3,0.0,3,0
2020-10-23,center_philly,Philadelphia,854,22.2,0.2,4,0
2020-10-24,center_philly,Philadelphia,718,23.4,0.1,5,0
2020-10-25,center_philly,Philadelphia,604,13.0,3.1,6,0
2020-10-26,center_philly,Philadelphia,1026,20.2,1.5,0,0
2020-10-27,center_philly,Philadelphia,1035,17.3,0.5,1,0
2020-10-28,center_philly,Philadelphia,1143,18.5,0.7,2,0
2020-10-29,center_philly,Philadelphia,868,14.2,44.0,3,0
2020-10-30,center_philly,Philadelphia,634,9.4,11.7,4,0
2020-10-31,center_philly,Philadelphia,640,8.3,0.0,5,0
2020-11-01,center_philly,Philadelphia,547,14.3,6.8,6,0
2020-11-02,center_philly,Philadelphia,970,10.1,0.0,0,0
2020-11-03,center_philly,Philadelphia,1050,12.8,0.0,1,0
2020-11-04,center_philly,Philadelphia,1172,17.3,0.0,2,0
2020-11-05,center_philly,Philadelphia,1145,18.4,0.0,3,0
2020-11-06,center_philly,Philadelphia,822,20.5,0.0,4,0
2020-11-07,center_philly,Philadelphia,786,22.5,0.0,5,0
2020-11-08,center_philly,Philadelphia,600,23.2,0.0,6,0
2020-11-09,center_philly,Philadelphia,992,22.5,0.0,0,0
2020-11-10,center_philly,Philadelphia,1094,22.2,0.0,1,0
2020-11-11,center_philly,Philadelphia,515,20.7,11.5,2,1
2020-11-12,center_philly,Philadelphia,730,19.0,36.1,3,0
2020-11-13,center_philly,Philadelphia,955,12.8,3.6,4,0
2020-11-14,center_philly,Philadelphia,697,11.6,0.0,5,0
2020-11-15,center_philly,Philadelphia,627,17.2,0.7,6,0
2020-11-16,center_philly,Philadelphia,953,17.4,5.9,0,0
2020-11-17,center_philly,Philadelphia,1130,10.6,0.2,1,0
2020-11-18,center_philly,Philadelphia,904,4.6,0.0,2,0
2020-11-19,center_philly,Philadelphia,874,8.1,0.0,3,0
2020-11-20,center_philly,Philadelphia,915,14.6,0.0,4,0
2020-11-21,center_philly,Philadelphia,762,17.4,0.0,5,0
2020-11-22,center_philly,Philadelphia,517,13.9,0.0,6,0
2020-11-23,center_philly,Philadelphia,860,13.6,16.3,0,0
2020-11-24,center_philly,Philadelphia,878,8.5,0.0,1,0
2020-11-25,center_philly,Philadelphia,1119,12.4,0.0,2,0
2020-11-26,center_philly,Philadelphia,430,18.0,8.7,3,1
2020-11-27,center_philly,Philadelphia,969,14.2,0.0,4,0
2020-11-28,center_philly,Philadelphia,786,12.8,0.0,5,0
2020-11-29,center_philly,Philadelphia,542,11.9,0.0,6,0
2020-11-30,center_philly,Philadelphia,804,17.1,34.2,0,0
2020-12-01,center_philly,Philadelphia,1089,16.0,1.0,1,0
2020-12-02,center_philly,Philadelphia,905,6.3,0.0,2,0
2020-12-03,center_philly,Philadelphia,877,9.9,0.0,3,0
2020-12-04,center_philly,Philadelphia,761,8.6,4.2,4,0
2020-12-05,center_philly,Philadelphia,465,8.2,34.0,5,0
2020-12-06,center_philly,Philadelphia,501,5.8,0.0,6,0
2020-12-07,center_philly,Philadelphia,901,4.1,0.0,0,0
2020-12-08,center_philly,Philadelphia,886,4.5,0.0,1,0
2020-12-09,center_philly,Philadelphia,897,4.1,0.4,2,0
2020-12-10,center_philly,Philadelphia,903,9.6,0.0,3,0
2020-12-11,center_philly,Philadelphia,930,11.9,0.0,4,0
2020-12-12,center_philly,Philadelphia,679,14.4,0.0,5,0
2020-12-13,center_philly,Philadelphia,615,15.6,0.0,6,0
2020-12-14,center_philly,Philadelphia,816,6.8,12.3,0,0
2020-12-15,center_philly,Philadelphia,1014,3.8,0.0,1,0
2020-12-16,center_philly,Philadelphia,878,0.2,8.0,2,0
2020-12-17,center_philly,Philadelphia,731,1.4,20.3,3,0
2020-12-18,center_philly,Philadelphia,745,1.1,0.0,4,0
2020-12-19,center_philly,Philadelphia,483,-1.1,0.0,5,0
2020-12-20,center_philly,Philadelphia,500,4.1,0.8,6,0
2020-12-21,center_philly,Philadelphia,930,4.4,0.0,0,0
2020-12-22,center_philly,Philadelphia,976,7.7,2.0,1,0
2020-12-23,center_philly,Philadelphia,907,7.1,0.0,2,0
2020-12-24,center_philly,Philadelphia,1153,15.4,1.6,3,0
2020-12-25,center_philly,Philadelphia,348,16.5,29.9,4,1
2020-12-26,center_philly,Philadelphia,468,-0.2,0.0,5,0
2020-12-27,center_philly,Philadelphia,478,2.9,0.0,6,0
2020-12-28,center_philly,Philadelphia,864,9.1,0.0,0,0
2020-12-29,center_philly,Philadelphia,1017,6.2,0.0,1,0
2020-12-30,center_philly,Philadelphia,942,5.2,0.0,2,0
2020-12-31,center_philly,Philadelphia,834,8.9,3.0,3,0
2021-01-01,center_philly,Philadelphia,415,4.4,1.7,4,1
2021-01-02,center_philly,Philadelphia,642,11.1,10.6,5,0
2021-01-03,center_philly,Philadelphia,409,5.5,7.3,6,0
2021-01-04,center_philly,Philadelphia,851,7.3,2.0,0,0
2021-01-05,center_philly,Philadelphia,956,5.8,0.0,1,0
2021-01-06,center_philly,Philadelphia,929,5.6,0.0,2,0
2021-01-07,center_philly,Philadelphia,936,6.3,0.0,3,0
2021-01-08,center_philly,Philadelphia,730,4.7,0.0,4,0
2021-01-09,center_philly,Philadelphia,623,4.5,0.0,5,0
2021-01-10,center_philly,Philadelphia,482,6.3,0.0,6,0
2021-01-11,center_philly,Philadelphia,824,3.5,0.0,0,0
2021-01-12,center_philly,Philadelphia,905,5.8,0.0,1,0
2021-01-13,center_philly,Philadelphia,958,7.3,0.0,2,0
2021-01-14,center_philly,Philadelphia,1055,10.1,0.0,3,0
2021-01-15,center_philly,Philadelphia,830,11.1,0.1,4,0
2021-01-16,center_philly,Philadelphia,511,8.6,5.9,5,0
2021-01-17,center_philly,Philadelphia,478,7.6,0.0,6,0
2021-01-18,center_philly,Philadelphia,421,6.5,0.3,0,1
2021-01-19,center_philly,Philadelphia,955,5.2,0.0,1,0
2021-01-20,center_philly,Philadelphia,852,4.0,0.5,2,0
2021-01-21,center_philly,Philadelphia,856,6.4,0.0,3,0
2021-01-22,center_philly,Philadelphia,711,6.4,0.0,4,0
2021-01-23,center_philly,Philadelphia,609,3.5,0.0,5,0
2021-01-24,center_philly,Philadelphia,497,0.9,0.0,6,0
2021-01-25,center_philly,Philadelphia,837,3.2,0.0,0,0
2021-01-26,center_philly,Philadelphia,908,3.7,4.2,1,0
2021-01-27,center_philly,Philadelphia,946,4.3,0.0,2,0
2021-01-28,center_philly,Philadelphia,675,-0.2,0.0,3,0
2021-01-29,center_philly,Philadelphia,615,-2.5,0.0,4,0
2021-01-30,center_philly,Philadelphia,600,1.2,0.0,5,0
2021-01-31,center_philly,Philadelphia,416,-0.7,3.4,6,0
2021-02-01,center_philly,Philadelphia,633,0.8,25.1,0,0
2021-02-02,center_philly,Philadelphia,826,2.2,8.5,1,0
2021-02-03,center_philly,Philadelphia,920,1.1,0.8,2,0
2021-02-04,center_philly,Philadelphia,963,4.3,0.0,3,0
2021-02-05,center_philly,Philadelphia,816,6.7,1.1,4,0
2021-02-06,center_philly,Philadelphia,566,5.3,0.0,5,0
2021-02-07,center_philly,Philadelphia,397,1.9,10.0,6,0
2021-02-08,center_philly,Philadelphia,815,0.6,0.0,0,0
2021-02-09,center_philly,Philadelphia,995,4.3,0.2,1,0
2021-02-10,center_philly,Philadelphia,943,2.5,0.0,2,0
2021-02-11,center_philly,Philadelphia,885,1.7,7.3,3,0
2021-02-12,center_philly,Philadelphia,700,-1.9,0.0,4,0
2021-02-13,center_philly,Philadelphia,518,-3.0,2.9,5,0
2021-02-14,center_philly,Philadelphia,456,3.1,0.4,6,0
2021-02-15,center_philly,Philadelphia,455,1.6,0.6,0,1
2021-02-16,center_philly,Philadelphia,781,9.2,20.0,1,0
2021-02-17,center_philly,Philadelphia,962,3.0,0.0,2,0
2021-02-18,center_philly,Philadelphia,649,-1.9,18.0,3,0
2021-02-19,center_philly,Philadelphia,725,0.1,5.7,4,0
2021-02-20,center_philly,Philadelphia,470,-0.4,0.1,5,0
2021-02-21,center_philly,Philadelphia,483,1.6,0.0,6,0
2021-02-22,center_philly,Philadelphia,856,3.3,13.6,0,0
2021-02-23,center_philly,Philadelphia,886,8.2,0.5,1,0
2021-02-24,center_philly,Philadelphia,1193,13.1,0.0,2,0
2021-02-25,center_philly,Philadelphia,812,9.1,0.0,3,0
2021-02-26,center_philly,Philadelphia,848,8.4,0.0,4,0
2021-02-27,center_philly,Philadelphia,634,12.0,8.8,5,0
2021-02-28,center_philly,Philadelphia,438,6.6,15.9,6,0
2021-03-01,center_philly,Philadelphia,972,10.1,6.6,0,0
2021-03-02,center_philly,Philadelphia,977,5.3,0.0,1,0
2021-03-03,center_philly,Philadelphia,1068,11.8,0.0,2,0
2021-03-04,center_philly,Philadelphia,972,7.2,0.0,3,0
2021-03-05,center_philly,Philadelphia,753,3.2,0.0,4,0
2021-03-06,center_philly,Philadelphia,552,3.3,0.0,5,0
2021-03-07,center_philly,Philadelphia,513,5.4,0.0,6,0
2021-03-08,center_philly,Philadelphia,921,7.4,0.0,0,0
2021-03-09,center_philly,Philadelphia,1103,17.6,0.0,1,0
2021-03-10,center_philly,Philadelphia,1199,16.6,0.0,2,0
2021-03-11,center_philly,Philadelphia,974,20.6,0.0,3,0
2021-03-12,center_philly,Philadelphia,980,19.0,0.3,4,0
2021-03-13,center_philly,Philadelphia,664,14.4,0.0,5,0
2021-03-14,center_philly,Philadelphia,618,12.9,0.0,6,0
2021-03-15,center_philly,Philadelphia,890,6.2,0.0,0,0
2021-03-16,center_philly,Philadelphia,880,4.2,0.7,1,0
2021-03-17,center_philly,Philadelphia,863,9.6,2.1,2,0
2021-03-18,center_philly,Philadelphia,859,9.2,16.8,3,0
2021-03-19,center_philly,Philadelphia,696,8.2,6.7,4,0
2021-03-20,center_philly,Philadelphia,650,13.6,0.0,5,0
2021-03-21,center_philly,Philadelphia,580,15.9,0.0,6,0
2021-03-22,center_philly,Philadelphia,970,16.0,0.0,0,0
2021-03-23,center_philly,Philadelphia,1164,18.8,0.0,1,0
2021-03-24,center_philly,Philadelphia,894,14.4,24.8,2,0
2021-03-25,center_philly,Philadelphia,1052,19.1,3.1,3,0
2021-03-26,center_philly,Philadelphia,997,25.7,1.1,4,0
2021-03-27,center_philly,Philadelphia,704,20.4,0.0,5,0
2021-03-28,center_philly,Philadelphia,559,20.1,15.4,6,0
2021-03-29,center_philly,Philadelphia,1156,13.1,3.3,0,0
2021-03-30,center_philly,Philadelphia,1139,17.1,0.0,1,0
2021-03-31,center_philly,Philadelphia,891,19.0,22.8,2,0
2021-04-01,center_philly,Philadelphia,894,14.6,9.4,3,0
2021-04-02,center_philly,Philadelphia,707,5.6,0.0,4,0
2021-04-03,center_philly,Philadelphia,679,10.7,0.0,5,0
2021-04-04,center_philly,Philadelphia,616,17.4,0.0,6,0
2021-04-05,center_philly,Philadelphia,1079,18.8,0.0,0,0
2021-04-06,center_philly,Philadelphia,1185,19.9,0.7,1,0
2021-04-07,center_philly,Philadelphia,1183,20.6,0.3,2,0
2021-04-08,center_philly,Philadelphia,1009,20.5,0.0,3,0
2021-04-09,center_philly,Philadelphia,930,16.3,1.3,4,0
2021-04-10,center_philly,Philadelphia,667,21.5,2.8,5,0
2021-04-11,center_philly,Philadelphia,528,17.6,13.9,6,0
2021-04-12,center_philly,Philadelphia,906,12.3,6.2,0,0
2021-04-13,center_philly,Philadelphia,1181,17.0,0.2,1,0
2021-04-14,center_philly,Philadelphia,996,17.4,1.2,2,0
2021-04-15,center_philly,Philadelphia,1082,16.0,2.7,3,0
2021-04-16,center_philly,Philadelphia,965,13.1,0.2,4,0
2021-04-17,center_philly,Philadelphia,712,13.4,0.3,5,0
2021-04-18,center_philly,Philadelphia,550,16.0,0.0,6,0
2021-04-19,center_philly,Philadelphia,958,16.8,0.2,0,0
2021-04-20,center_philly,Philadelphia,1165,21.7,0.0,1,0
2021-04-21,center_philly,Philadelphia,1016,19.2,1.3,2,0
2021-04-22,center_philly,Philadelphia,913,9.1,0.0,3,0
2021-04-23,center_philly,Philadelphia,896,16.5,0.0,4,0
2021-04-24,center_philly,Philadelphia,776,19.5,0.0,5,0
2021-04-25,center_philly,Philadelphia,562,17.7,9.7,6,0
2021-04-26,center_philly,Philadelphia,1140,15.3,0.0,0,0
2021-04-27,center_philly,Philadelphia,1206,24.6,0.0,1,0
2021-04-28,center_philly,Philadelphia,1135,29.9,0.0,2,0
2021-04-29,center_philly,Philadelphia,1127,25.8,2.9,3,0
2021-04-30,center_philly,Philadelphia,899,21.0,2.4,4,0
2021-05-01,center_philly,Philadelphia,670,18.8,0.0,5,0
2021-05-02,center_philly,Philadelphia,547,29.2,0.0,6,0
2021-05-03,center_philly,Philadelphia,1123,24.1,0.6,0,0
2021-05-04,center_philly,Philadelphia,1081,28.0,14.4,1,0
2021-05-05,center_philly,Philadelphia,1078,23.5,15.0,2,0
2021-05-06,center_philly,Philadelphia,1101,18.0,0.0,3,0
2021-05-07,center_philly,Philadelphia,948,18.5,0.0,4,0
2021-05-08,center_philly,Philadelphia,623,14.7,6.8,5,0
2021-05-09,center_philly,Philadelphia,562,14.6,1.0,6,0
2021-05-10,center_philly,Philadelphia,1114,16.6,1.3,0,0
2021-05-11,center_philly,Philadelphia,1183,17.4,0.1,1,0
2021-05-12,center_philly,Philadelphia,1054,18.0,0.0,2,0
2021-05-13,center_philly,Philadelphia,1072,20.7,0.0,3,0
2021-05-14,center_philly,Philadelphia,838,22.2,0.0,4,0
2021-05-15,center_philly,Philadelphia,652,23.5,0.0,5,0
2021-05-16,center_philly,Philadelphia,619,22.5,0.0,6,0
2021-05-17,center_philly,Philadelphia,1090,24.2,0.0,0,0
2021-05-18,center_philly,Philadelphia,1132,27.4,0.0,1,0
2021-05-19,center_philly,Philadelphia,1111,32.3,0.0,2,0
2021-05-20,center_philly,Philadelphia,1158,29.6,0.0,3,0
2021-05-21,center_philly,Philadelphia,908,30.0,0.0,4,0
2021-05-22,center_philly,Philadelphia,726,34.0,0.0,5,0
2021-05-23,center_philly,Philadelphia,518,34.4,0.0,6,0
2021-05-24,center_philly,Philadelphia,1114,30.2,0.0,0,0
2021-05-25,center_philly,Philadelphia,1210,25.6,0.0,1,0
2021-05-26,center_philly,Philadelphia,1163,32.3,0.0,2,0
2021-05-27,center_philly,Philadelphia,956,30.2,18.8,3,0
2021-05-28,center_philly,Philadelphia,841,24.6,6.6,4,0
2021-05-29,center_philly,Philadelphia,591,12.6,47.9,5,0
2021-05-30,center_philly,Philadelphia,508,11.3,9.6,6,0
2021-05-31,center_philly,Philadelphia,554,22.5,0.0,0,1
2021-06-01,center_philly,Philadelphia,1024,24.8,0.0,1,0
2021-06-02,center_philly,Philadelphia,1163,24.8,0.4,2,0
2021-06-03,center_philly,Philadelphia,1070,26.4,1.5,3,0
2021-06-04,center_philly,Philadelphia,803,26.1,19.2,4,0
2021-06-05,center_philly,Philadelphia,762,32.1,0.0,5,0
2021-06-06,center_philly,Philadelphia,563,32.2,0.1,6,0
2021-06-07,center_philly,Philadelphia,1096,31.8,0.6,0,0
2021-06-08,center_philly,Philadelphia,1023,30.0,2.6,1,0
2021-06-09,center_philly,Philadelphia,1169,31.5,3.0,2,0
2021-06-10,center_philly,Philadelphia,975,28.8,3.0,3,0
2021-06-11,center_philly,Philadelphia,762,22.0,6.9,4,0
2021-06-12,center_philly,Philadelphia,724,25.8,2.8,5,0
2021-06-13,center_philly,Philadelphia,537,26.2,0.3,6,0
2021-06-14,center_philly,Philadelphia,996,28.0,7.9,0,0
2021-06-15,center_philly,Philadelphia,973,25.8,10.4,1,0
2021-06-16,center_philly,Philadelphia,1113,25.3,0.0,2,0
2021-06-17,center_philly,Philadelphia,1117,25.2,0.0,3,0
2021-06-18,center_philly,Philadelphia,458,28.9,0.0,4,1
2021-06-19,center_philly,Philadelphia,341,31.8,3.1,5,1
2021-06-20,center_philly,Philadelphia,565,31.1,2.5,6,0
2021-06-21,center_philly,Philadelphia,1080,31.9,0.1,0,0
2021-06-22,center_philly,Philadelphia,906,26.0,15.7,1,0
2021-06-23,center_philly,Philadelphia,1055,24.5,0.0,2,0
2021-06-24,center_philly,Philadelphia,957,25.5,0.0,3,0
2021-06-25,center_philly,Philadelphia,866,27.8,0.0,4,0
2021-06-26,center_philly,Philadelphia,784,29.6,0.6,5,0
2021-06-27,center_philly,Philadelphia,553,31.0,0.2,6,0
2021-06-28,center_philly,Philadelphia,1055,33.3,0.1,0,0
2021-06-29,center_philly,Philadelphia,1078,34.5,0.0,1,0
2021-06-30,center_philly,Philadelphia,937,36.2,0.0,2,0
2021-07-01,center_philly,Philadelphia,763,32.0,25.3,3,0
2021-07-02,center_philly,Philadelphia,722,25.2,24.4,4,0
2021-07-03,center_philly,Philadelphia,698,23.5,4.2,5,0
2021-07-04,center_philly,Philadelphia,306,25.6,0.7,6,1
2021-07-05,center_philly,Philadelphia,506,29.8,0.0,0,1
2021-07-06,center_philly,Philadelphia,1062,33.2,0.3,1,0
2021-07-07,center_philly,Philadelphia,1023,33.7,0.7,2,0
2021-07-08,center_philly,Philadelphia,1138,30.0,1.9,3,0
2021-07-09,center_philly,Philadelphia,652,30.5,24.5,4,0
2021-07-10,center_philly,Philadelphia,645,28.0,5.4,5,0
2021-07-11,center_philly,Philadelphia,583,30.1,0.1,6,0
2021-07-12,center_philly,Philadelphia,977,30.3,7.9,0,0
2021-07-13,center_philly,Philadelphia,965,30.1,9.2,1,0
2021-07-14,center_philly,Philadelphia,1058,31.5,0.0,2,0
2021-07-15,center_philly,Philadelphia,1000,31.5,0.1,3,0
2021-07-16,center_philly,Philadelphia,916,33.5,0.0,4,0
2021-07-17,center_philly,Philadelphia,654,31.5,5.5,5,0
2021-07-18,center_philly,Philadelphia,465,28.0,15.3,6,0
2021-07-19,center_philly,Philadelphia,1100,29.4,0.1,0,0
2021-07-20,center_philly,Philadelphia,1121,32.3,0.0,1,0
2021-07-21,center_philly,Philadelphia,897,28.9,9.8,2,0
2021-07-22,center_philly,Philadelphia,981,27.9,0.1,3,0
2021-07-23,center_philly,Philadelphia,945,28.0,0.0,4,0
2021-07-24,center_philly,Philadelphia,684,29.5,0.0,5,0
2021-07-25,center_philly,Philadelphia,610,31.2,1.5,6,0
2021-07-26,center_philly,Philadelphia,1068,33.4,0.7,0,0
2021-07-27,center_philly,Philadelphia,1039,34.4,0.0,1,0
2021-07-28,center_philly,Philadelphia,1165,30.8,0.4,2,0
2021-07-29,center_philly,Philadelphia,1048,27.1,3.9,3,0
2021-07-30,center_philly,Philadelphia,747,30.0,7.1,4,0
2021-07-31,center_philly,Philadelphia,746,28.0,0.0,5,0
2021-08-01,center_philly,Philadelphia,608,25.8,2.3,6,0
2021-08-02,center_philly,Philadelphia,1056,27.1,0.2,0,0
2021-08-03,center_philly,Philadelphia,1087,25.8,0.0,1,0
2021-08-04,center_philly,Philadelphia,1030,25.9,0.0,2,0
2021-08-05,center_philly,Philadelphia,1121,29.5,0.0,3,0
2021-08-06,center_philly,Philadelphia,937,31.0,0.0,4,0
2021-08-07,center_philly,Philadelphia,653,31.1,0.0,5,0
2021-08-08,center_philly,Philadelphia,498,28.0,13.2,6,0
2021-08-09,center_philly,Philadelphia,1153,31.4,0.5,0,0
2021-08-10,center_philly,Philadelphia,897,30.9,7.4,1,0
2021-08-11,center_philly,Philadelphia,941,33.0,5.3,2,0
2021-08-12,center_philly,Philadelphia,984,34.9,0.2,3,0
2021-08-13,center_philly,Philadelphia,733,35.3,1.7,4,0
2021-08-14,center_philly,Philadelphia,755,32.8,1.1,5,0
2021-08-15,center_philly,Philadelphia,548,30.0,0.0,6,0
2021-08-16,center_philly,Philadelphia,974,27.2,1.0,0,0
2021-08-17,center_philly,Philadelphia,1069,28.9,11.5,1,0
2021-08-18,center_philly,Philadelphia,1167,30.0,1.7,2,0
2021-08-19,center_philly,Philadelphia,944,31.7,17.6,3,0
2021-08-20,center_philly,Philadelphia,799,27.3,7.0,4,0
2021-08-21,center_philly,Philadelphia,703,29.2,1.3,5,0
2021-08-22,center_philly,Philadelphia,556,27.4,19.1,6,0
2021-08-23,center_philly,Philadelphia,783,30.5,32.3,0,0
2021-08-24,center_philly,Philadelphia,1106,32.2,0.0,1,0
2021-08-25,center_philly,Philadelphia,1110,32.8,0.0,2,0
2021-08-26,center_philly,Philadelphia,856,31.3,5.1,3,0
2021-08-27,center_philly,Philadelphia,936,32.1,3.9,4,0
2021-08-28,center_philly,Philadelphia,710,26.9,10.3,5,0
2021-08-29,center_philly,Philadelphia,522,26.2,0.4,6,0
2021-08-30,center_philly,Philadelphia,880,29.1,6.3,0,0
2021-08-31,center_philly,Philadelphia,1096,28.0,0.7,1,0
2021-09-01,center_philly,Philadelphia,789,24.2,25.8,2,0
2021-09-02,center_philly,Philadelphia,780,24.6,49.0,3,0
2021-09-03,center_philly,Philadelphia,989,22.7,0.0,4,0
2021-09-04,center_philly,Philadelphia,730,25.0,0.0,5,0
2021-09-05,center_philly,Philadelphia,591,26.3,0.4,6,0
2021-09-06,center_philly,Philadelphia,557,28.0,3.4,0,1
2021-09-07,center_philly,Philadelphia,1054,28.1,0.0,1,0
2021-09-08,center_philly,Philadelphia,1076,29.1,0.4,2,0
2021-09-09,center_philly,Philadelphia,957,25.8,14.7,3,0
2021-09-10,center_philly,Philadelphia,979,23.7,0.0,4,0
2021-09-11,center_philly,Philadelphia,675,26.0,0.0,5,0
2021-09-12,center_philly,Philadelphia,612,29.6,0.0,6,0
2021-09-13,center_philly,Philadelphia,1126,31.2,0.2,0,0
2021-09-14,center_philly,Philadelphia,1101,30.1,2.6,1,0
2021-09-15,center_philly,Philadelphia,1000,31.0,0.0,2,0
2021-09-16,center_philly,Philadelphia,1014,26.4,3.4,3,0
2021-09-17,center_philly,Philadelphia,845,25.5,2.9,4,0
2021-09-18,center_philly,Philadelphia,703,28.6,0.4,5,0
2021-09-19,center_philly,Philadelphia,561,25.5,0.0,6,0
2021-09-20,center_philly,Philadelphia,1090,25.3,0.0,0,0
2021-09-21,center_philly,Philadelphia,1161,25.2,0.0,1,0
2021-09-22,center_philly,Philadelphia,1022,28.1,1.0,2,0
2021-09-23,center_philly,Philadelphia,853,26.2,19.8,3,0
2021-09-24,center_philly,Philadelphia,993,23.0,1.2,4,0
2021-09-25,center_philly,Philadelphia,721,24.1,0.0,5,0
2021-09-26,center_philly,Philadelphia,605,22.4,0.0,6,0
2021-09-27,center_philly,Philadelphia,981,26.2,0.0,0,0
2021-09-28,center_philly,Philadelphia,1113,25.8,4.6,1,0
2021-09-29,center_philly,Philadelphia,1048,21.5,0.4,2,0
2021-09-30,center_philly,Philadelphia,1066,20.2,0.0,3,0
2021-10-01,center_philly,Philadelphia,882,20.0,0.0,4,0
2021-10-02,center_philly,Philadelphia,678,24.9,0.0,5,0
2021-10-03,center_philly,Philadelphia,591,27.5,0.2,6,0
2021-10-04,center_philly,Philadelphia,866,25.2,12.1,0,0
2021-10-05,center_philly,Philadelphia,1058,22.2,5.3,1,0
2021-10-06,center_philly,Philadelphia,1160,22.2,0.0,2,0
2021-10-07,center_philly,Philadelphia,1146,23.4,0.4,3,0
2021-10-08,center_philly,Philadelphia,848,25.1,0.0,4,0
2021-10-09,center_philly,Philadelphia,742,21.3,1.7,5,0
2021-10-10,center_philly,Philadelphia,532,20.1,3.2,6,0
2021-10-11,center_philly,Philadelphia,520,22.8,0.0,0,1
2021-10-12,center_philly,Philadelphia,1180,21.8,0.0,1,0
2021-10-13,center_philly,Philadelphia,1136,23.5,0.1,2,0
2021-10-14,center_philly,Philadelphia,1024,25.8,0.0,3,0
2021-10-15,center_philly,Philadelphia,867,27.2,0.0,4,0
2021-10-16,center_philly,Philadelphia,609,26.9,9.3,5,0
2021-10-17,center_philly,Philadelphia,517,17.1,3.9,6,0
2021-10-18,center_philly,Philadelphia,948,15.8,0.0,0,0
2021-10-19,center_philly,Philadelphia,1036,19.9,0.0,1,0
2021-10-20,center_philly,Philadelphia,1024,24.0,0.0,2,0
2021-10-21,center_philly,Philadelphia,1149,23.6,0.0,3,0
2021-10-22,center_philly,Philadelphia,937,20.0,0.0,4,0
2021-10-23,center_philly,Philadelphia,767,16.5,0.5,5,0
2021-10-24,center_philly,Philadelphia,524,15.1,0.0,6,0
2021-10-25,center_philly,Philadelphia,1024,24.8,0.5,0,0
2021-10-26,center_philly,Philadelphia,853,20.0,31.7,1,0
2021-10-27,center_philly,Philadelphia,996,19.4,2.9,2,0
2021-10-28,center_philly,Philadelphia,1041,16.8,0.0,3,0
2021-10-29,center_philly,Philadelphia,868,15.6,8.2,4,0
2021-10-30,center_philly,Philadelphia,620,19.0,12.7,5,0
2021-10-31,center_philly,Philadelphia,605,18.2,0.4,6,0
2021-11-01,center_philly,Philadelphia,1003,14.5,0.0,0,0
2021-11-02,center_philly,Philadelphia,1157,10.4,2.2,1,0
2021-11-03,center_philly,Philadelphia,997,10.9,0.1,2,0
2021-11-04,center_philly,Philadelphia,1107,10.3,0.0,3,0
2021-11-05,center_philly,Philadelphia,994,11.1,0.0,4,0
2021-11-06,center_philly,Philadelphia,708,11.8,0.0,5,0
2021-11-07,center_philly,Philadelphia,578,12.6,0.0,6,0
2021-11-08,center_philly,Philadelphia,1158,18.1,0.0,0,0
2021-11-09,center_philly,Philadelphia,1075,20.4,0.0,1,0
2021-11-10,center_philly,Philadelphia,1081,18.1,0.0,2,0
2021-11-11,center_philly,Philadelphia,489,17.2,0.0,3,1
2021-11-12,center_philly,Philadelphia,859,17.5,14.2,4,0
2021-11-13,center_philly,Philadelphia,671,15.8,5.5,5,0
2021-11-14,center_philly,Philadelphia,449,8.0,0.0,6,0
2021-11-15,center_philly,Philadelphia,975,9.2,1.6,0,0
2021-11-16,center_philly,Philadelphia,953,9.7,0.0,1,0
2021-11-17,center_philly,Philadelphia,1056,16.4,0.0,2,0
2021-11-18,center_philly,Philadelphia,1046,19.2,0.0,3,0
2021-11-19,center_philly,Philadelphia,865,17.9,5.1,4,0
2021-11-20,center_philly,Philadelphia,661,7.8,0.0,5,0
2021-11-21,center_philly,Philadelphia,542,12.8,0.0,6,0
2021-11-22,center_philly,Philadelphia,1035,10.9,2.1,0,0
2021-11-23,center_philly,Philadelphia,871,5.8,0.1,1,0
2021-11-24,center_philly,Philadelphia,1007,7.4,0.0,2,0
2021-11-25,center_philly,Philadelphia,560,11.5,0.0,3,1
2021-11-26,center_philly,Philadelphia,742,8.3,5.6,4,0
2021-11-27,center_philly,Philadelphia,663,4.6,0.0,5,0
2021-11-28,center_philly,Philadelphia,473,9.8,0.3,6,0
2021-11-29,center_philly,Philadelphia,921,6.3,0.1,0,0
2021-11-30,center_philly,Philadelphia,901,5.6,0.0,1,0
2021-12-01,center_philly,Philadelphia,1160,10.1,0.0,2,0
2021-12-02,center_philly,Philadelphia,1080,13.9,1.8,3,0
2021-12-03,center_philly,Philadelphia,969,14.0,0.0,4,0
2021-12-04,center_philly,Philadelphia,582,8.9,0.0,5,0
2021-12-05,center_philly,Philadelphia,487,9.6,0.0,6,0
2021-12-06,center_philly,Philadelphia,994,16.9,1.9,0,0
2021-12-07,center_philly,Philadelphia,1071,14.7,3.2,1,0
2021-12-08,center_philly,Philadelphia,936,4.3,0.0,2,0
2021-12-09,center_philly,Philadelphia,912,4.6,0.0,3,0
2021-12-10,center_philly,Philadelphia,814,8.5,0.0,4,0
2021-12-11,center_philly,Philadelphia,730,18.8,4.9,5,0
2021-12-12,center_philly,Philadelphia,476,18.3,6.2,6,0
2021-12-13,center_philly,Philadelphia,985,11.4,0.0,0,0
2021-12-14,center_philly,Philadelphia,1102,11.6,0.0,1,0
2021-12-15,center_philly,Philadelphia,1080,12.6,0.0,2,0
2021-12-16,center_philly,Philadelphia,1086,14.6,0.0,3,0
2021-12-17,center_philly,Philadelphia,908,14.4,0.0,4,0
2021-12-18,center_philly,Philadelphia,608,8.0,4.9,5,0
2021-12-19,center_philly,Philadelphia,526,9.6,0.6,6,0
2021-12-20,center_philly,Philadelphia,901,2.8,0.0,0,0
2021-12-21,center_philly,Philadelphia,931,4.9,0.0,1,0
2021-12-22,center_philly,Philadelphia,855,7.6,3.1,2,0
2021-12-23,center_philly,Philadelphia,825,3.2,0.0,3,0
2021-12-24,center_philly,Philadelphia,391,8.9,1.9,4,1
2021-12-25,center_philly,Philadelphia,366,13.4,2.3,5,1
2021-12-26,center_philly,Philadelphia,587,13.4,1.3,6,0
2021-12-27,center_philly,Philadelphia,831,5.7,1.0,0,0
2021-12-28,center_philly,Philadelphia,846,8.6,3.8,1,0
2021-12-29,center_philly,Philadelphia,972,9.8,0.3,2,0
2021-12-30,center_philly,Philadelphia,759,9.9,6.0,3,0
2021-12-31,center_philly,Philadelphia,495,12.6,0.5,4,1
2022-01-01,center_philly,Philadelphia,351,12.6,16.8,5,1
2022-01-02,center_philly,Philadelphia,567,16.6,18.1,6,0
2022-01-03,center_philly,Philadelphia,824,9.4,5.5,0,0
2022-01-04,center_philly,Philadelphia,1010,1.2,0.0,1,0
2022-01-05,center_philly,Philadelphia,908,6.4,0.1,2,0
2022-01-06,center_philly,Philadelphia,926,4.2,0.0,3,0
2022-01-07,center_philly,Philadelphia,722,0.7,7.6,4,0
2022-01-08,center_philly,Philadelphia,518,-2.1,0.0,5,0
2022-01-09,center_philly,Philadelphia,479,6.3,6.6,6,0
2022-01-10,center_philly,Philadelphia,963,6.2,3.1,0,0
2022-01-11,center_philly,Philadelphia,792,-3.8,0.0,1,0
2022-01-12,center_philly,Philadelphia,909,4.9,0.0,2,0
2022-01-13,center_philly,Philadelphia,903,8.0,0.0,3,0
2022-01-14,center_philly,Philadelphia,722,7.4,0.0,4,0
2022-01-15,center_philly,Philadelphia,493,-0.4,0.0,5,0
2022-01-16,center_philly,Philadelphia,422,-1.5,0.7,6,0
2022-01-17,center_philly,Philadelphia,355,8.6,32.1,0,1
2022-01-18,center_philly,Philadelphia,972,3.0,0.0,1,0
2022-01-19,center_philly,Philadelphia,1007,7.9,0.0,2,0
2022-01-20,center_philly,Philadelphia,840,5.9,9.1,3,0
2022-01-21,center_philly,Philadelphia,603,-2.8,0.0,4,0
2022-01-22,center_philly,Philadelphia,546,-0.2,0.0,5,0
2022-01-23,center_philly,Philadelphia,503,3.6,0.0,6,0
2022-01-24,center_philly,Philadelphia,877,1.8,0.1,0,0
2022-01-25,center_philly,Philadelphia,929,6.7,0.0,1,0
2022-01-26,center_philly,Philadelphia,775,-1.0,0.0,2,0
2022-01-27,center_philly,Philadelphia,858,0.6,0.0,3,0
2022-01-28,center_philly,Philadelphia,771,1.7,1.7,4,0
2022-01-29,center_philly,Philadelphia,496,-0.6,13.5,5,0
2022-01-30,center_philly,Philadelphia,378,-3.7,0.0,6,0
2022-01-31,center_philly,Philadelphia,669,-1.2,0.0,0,0
2022-02-01,center_philly,Philadelphia,955,2.4,0.0,1,0
2022-02-02,center_philly,Philadelphia,895,4.8,0.0,2,0
2022-02-03,center_philly,Philadelphia,738,8.7,6.0,3,0
2022-02-04,center_philly,Philadelphia,675,14.0,20.6,4,0
2022-02-05,center_philly,Philadelphia,603,0.9,0.9,5,0
2022-02-06,center_philly,Philadelphia,482,1.6,0.0,6,0
2022-02-07,center_philly,Philadelphia,928,4.0,0.8,0,0
2022-02-08,center_philly,Philadelphia,930,6.1,3.5,1,0
2022-02-09,center_philly,Philadelphia,1012,9.8,0.0,2,0
2022-02-10,center_philly,Philadelphia,977,11.8,0.7,3,0
2022-02-11,center_philly,Philadelphia,893,14.4,0.0,4,0
2022-02-12,center_philly,Philadelphia,647,13.7,0.0,5,0
2022-02-13,center_philly,Philadelphia,454,8.2,6.2,6,0
2022-02-14,center_philly,Philadelphia,757,-1.2,0.1,0,0
2022-02-15,center_philly,Philadelphia,908,0.9,0.0,1,0
2022-02-16,center_philly,Philadelphia,925,9.5,0.0,2,0
2022-02-17,center_philly,Philadelphia,1155,17.2,0.0,3,0
2022-02-18,center_philly,Philadelphia,789,15.8,15.2,4,0
2022-02-19,center_philly,Philadelphia,637,4.7,0.8,5,0
2022-02-20,center_philly,Philadelphia,532,2.2,0.0,6,0
2022-02-21,center_philly,Philadelphia,535,12.4,0.0,0,1
2022-02-22,center_philly,Philadelphia,1119,15.7,2.0,1,0
2022-02-23,center_philly,Philadelphia,1099,19.9,3.2,2,0
2022-02-24,center_philly,Philadelphia,1041,11.6,1.1,3,0
2022-02-25,center_philly,Philadelphia,586,9.6,26.3,4,0
2022-02-26,center_philly,Philadelphia,605,5.1,0.0,5,0
2022-02-27,center_philly,Philadelphia,491,8.9,0.0,6,0
2022-02-28,center_philly,Philadelphia,857,5.0,0.0,0,0
2022-03-01,center_philly,Philadelphia,1054,10.1,0.0,1,0
2022-03-02,center_philly,Philadelphia,1147,11.8,0.2,2,0
2022-03-03,center_philly,Philadelphia,810,7.2,0.6,3,0
2022-03-04,center_philly,Philadelphia,759,4.2,0.0,4,0
2022-03-05,center_philly,Philadelphia,588,9.9,0.0,5,0
2022-03-06,center_philly,Philadelphia,568,18.9,11.3,6,0
2022-03-07,center_philly,Philadelphia,1148,23.3,1.1,0,0
2022-03-08,center_philly,Philadelphia,1167,20.1,0.8,1,0
2022-03-09,center_philly,Philadelphia,867,4.8,15.9,2,0
2022-03-10,center_philly,Philadelphia,979,10.8,0.0,3,0
2022-03-11,center_philly,Philadelphia,953,13.9,0.0,4,0
2022-03-12,center_philly,Philadelphia,495,7.9,15.2,5,0
2022-03-13,center_philly,Philadelphia,452,3.0,0.0,6,0
2022-03-14,center_philly,Philadelphia,1030,13.7,0.0,0,0
2022-03-15,center_philly,Philadelphia,1182,18.0,0.0,1,0
2022-03-16,center_philly,Philadelphia,1067,19.4,0.0,2,0
2022-03-17,center_philly,Philadelphia,1078,15.8,3.7,3,0
2022-03-18,center_philly,Philadelphia,899,21.3,0.0,4,0
2022-03-19,center_philly,Philadelphia,719,23.2,0.0,5,0
2022-03-20,center_philly,Philadelphia,544,19.2,0.0,6,0
2022-03-21,center_philly,Philadelphia,1059,17.1,0.0,0,0
2022-03-22,center_philly,Philadelphia,1023,14.7,0.0,1,0
2022-03-23,center_philly,Philadelphia,1030,11.1,1.6,2,0
2022-03-24,center_philly,Philadelphia,906,13.4,17.1,3,0
2022-03-25,center_philly,Philadelphia,883,14.9,6.2,4,0
2022-03-26,center_philly,Philadelphia,767,11.5,2.1,5,0
2022-03-27,center_philly,Philadelphia,461,6.6,0.0,6,0
2022-03-28,center_philly,Philadelphia,852,1.3,0.6,0,0
2022-03-29,center_philly,Philadelphia,851,4.9,0.0,1,0
2022-03-30,center_philly,Philadelphia,993,9.0,0.5,2,0
2022-03-31,center_philly,Philadelphia,958,19.8,9.1,3,0
2022-04-01,center_philly,Philadelphia,773,17.6,15.2,4,0
2022-04-02,center_philly,Philadelphia,685,11.6,0.0,5,0
2022-04-03,center_philly,Philadelphia,507,13.3,7.3,6,0
2022-04-04,center_philly,Philadelphia,973,12.6,0.1,0,0
2022-04-05,center_philly,Philadelphia,1173,14.1,0.3,1,0
2022-04-06,center_philly,Philadelphia,874,14.1,36.1,2,0
2022-04-07,center_philly,Philadelphia,713,13.3,21.3,3,0
2022-04-08,center_philly,Philadelphia,740,16.2,22.3,4,0
2022-04-09,center_philly,Philadelphia,587,13.0,11.0,5,0
2022-04-10,center_philly,Philadelphia,463,9.9,0.3,6,0
2022-04-11,center_philly,Philadelphia,1144,15.4,0.0,0,0
2022-04-12,center_philly,Philadelphia,1078,21.0,1.4,1,0
2022-04-13,center_philly,Philadelphia,1118,25.9,0.0,2,0
2022-04-14,center_philly,Philadelphia,1006,27.0,10.7,3,0
2022-04-15,center_philly,Philadelphia,990,19.2,0.1,4,0
2022-04-16,center_philly,Philadelphia,721,22.2,0.1,5,0
2022-04-17,center_philly,Philadelphia,619,14.2,4.1,6,0
2022-04-18,center_philly,Philadelphia,982,9.8,1.9,0,0
2022-04-19,center_philly,Philadelphia,847,11.1,34.7,1,0
2022-04-20,center_philly,Philadelphia,1000,13.8,0.0,2,0
2022-04-21,center_philly,Philadelphia,1011,16.5,0.0,3,0
2022-04-22,center_philly,Philadelphia,820,19.5,0.0,4,0
2022-04-23,center_philly,Philadelphia,662,16.8,0.0,5,0
2022-04-24,center_philly,Philadelphia,541,20.4,0.0,6,0
2022-04-25,center_philly,Philadelphia,1021,16.6,0.3,0,0
2022-04-26,center_philly,Philadelphia,1027,20.2,3.3,1,0
2022-04-27,center_philly,Philadelphia,1075,15.0,1.5,2,0
2022-04-28,center_philly,Philadelphia,1063,12.8,0.0,3,0
2022-04-29,center_philly,Philadelphia,991,15.9,0.0,4,0
2022-04-30,center_philly,Philadelphia,723,18.8,0.0,5,0
2022-05-01,center_philly,Philadelphia,592,21.2,0.0,6,0
2022-05-02,center_philly,Philadelphia,1020,23.6,0.0,0,0
2022-05-03,center_philly,Philadelphia,1059,21.2,0.0,1,0
2022-05-04,center_philly,Philadelphia,1124,22.5,3.1,2,0
2022-05-05,center_philly,Philadelphia,970,22.0,0.0,3,0
2022-05-06,center_philly,Philadelphia,747,16.6,16.4,4,0
2022-05-07,center_philly,Philadelphia,564,10.4,31.6,5,0
2022-05-08,center_philly,Philadelphia,538,12.8,10.4,6,0
2022-05-09,center_philly,Philadelphia,961,18.9,0.0,0,0
2022-05-10,center_philly,Philadelphia,1012,19.9,0.0,1,0
2022-05-11,center_philly,Philadelphia,993,19.8,0.0,2,0
2022-05-12,center_philly,Philadelphia,1008,22.0,0.0,3,0
2022-05-13,center_philly,Philadelphia,906,23.0,2.0,4,0
2022-05-14,center_philly,Philadelphia,590,22.2,12.7,5,0
2022-05-15,center_philly,Philadelphia,523,25.9,0.8,6,0
2022-05-16,center_philly,Philadelphia,1014,24.5,10.7,0,0
2022-05-17,center_philly,Philadelphia,1038,24.2,0.0,1,0
2022-05-18,center_philly,Philadelphia,1176,22.1,0.0,2,0
2022-05-19,center_philly,Philadelphia,900,24.9,12.0,3,0
2022-05-20,center_philly,Philadelphia,922,28.5,0.8,4,0
2022-05-21,center_philly,Philadelphia,648,33.3,0.0,5,0
2022-05-22,center_philly,Philadelphia,599,30.5,0.5,6,0
2022-05-23,center_philly,Philadelphia,1013,23.8,5.4,0,0
2022-05-24,center_philly,Philadelphia,1064,20.7,0.1,1,0
2022-05-25,center_philly,Philadelphia,1059,22.1,0.0,2,0
2022-05-26,center_philly,Philadelphia,971,23.4,0.0,3,0
2022-05-27,center_philly,Philadelphia,824,25.4,6.3,4,0
2022-05-28,center_philly,Philadelphia,555,24.1,20.1,5,0
2022-05-29,center_philly,Philadelphia,557,27.9,0.0,6,0
2022-05-30,center_philly,Philadelphia,556,30.6,0.0,0,1
2022-05-31,center_philly,Philadelphia,1034,34.2,0.0,1,0
2022-06-01,center_philly,Philadelphia,1037,30.3,0.0,2,0
2022-06-02,center_philly,Philadelphia,968,27.6,11.9,3,0
2022-06-03,center_philly,Philadelphia,896,27.2,4.2,4,0
2022-06-04,center_philly,Philadelphia,758,28.8,0.0,5,0
2022-06-05,center_philly,Philadelphia,612,25.2,0.0,6,0
2022-06-06,center_philly,Philadelphia,992,27.0,0.0,0,0
2022-06-07,center_philly,Philadelphia,1147,26.3,1.1,1,0
2022-06-08,center_philly,Philadelphia,1173,30.4,0.2,2,0
2022-06-09,center_philly,Philadelphia,898,28.2,18.2,3,0
2022-06-10,center_philly,Philadelphia,977,26.8,0.0,4,0
2022-06-11,center_philly,Philadelphia,682,23.6,0.0,5,0
2022-06-12,center_philly,Philadelphia,540,25.3,14.0,6,0
2022-06-13,center_philly,Philadelphia,1039,30.7,0.4,0,0
2022-06-14,center_philly,Philadelphia,1038,29.1,0.3,1,0
2022-06-15,center_philly,Philadelphia,1185,30.0,0.0,2,0
2022-06-16,center_philly,Philadelphia,923,25.7,10.8,3,0
2022-06-17,center_philly,Philadelphia,992,33.2,0.1,4,0
2022-06-18,center_philly,Philadelphia,769,28.4,0.0,5,0
2022-06-19,center_philly,Philadelphia,297,23.8,0.0,6,1
2022-06-20,center_philly,Philadelphia,480,27.5,0.0,0,1
2022-06-21,center_philly,Philadelphia,1130,29.0,0.0,1,0
2022-06-22,center_philly,Philadelphia,1134,25.8,0.1,2,0
2022-06-23,center_philly,Philadelphia,891,22.8,12.3,3,0
2022-06-24,center_philly,Philadelphia,824,27.6,0.2,4,0
2022-06-25,center_philly,Philadelphia,725,30.6,0.2,5,0
2022-06-26,center_philly,Philadelphia,532,30.4,0.1,6,0
2022-06-27,center_philly,Philadelphia,1004,28.2,9.5,0,0
2022-06-28,center_philly,Philadelphia,1142,26.1,0.0,1,0
2022-06-29,center_philly,Philadelphia,1007,30.5,0.0,2,0
2022-06-30,center_philly,Philadelphia,971,32.1,0.1,3,0
2022-07-01,center_philly,Philadelphia,855,32.2,4.2,4,0
2022-07-02,center_philly,Philadelphia,709,31.2,9.6,5,0
2022-07-03,center_philly,Philadelphia,544,31.6,5.1,6,0
2022-07-04,center_philly,Philadelphia,557,31.0,0.0,0,1
2022-07-05,center_philly,Philadelphia,972,29.5,12.6,1,0
2022-07-06,center_philly,Philadelphia,1001,31.7,2.1,2,0
2022-07-07,center_philly,Philadelphia,1055,27.2,1.3,3,0
2022-07-08,center_philly,Philadelphia,831,29.8,0.4,4,0
2022-07-09,center_philly,Philadelphia,629,26.5,9.5,5,0
2022-07-10,center_philly,Philadelphia,563,29.5,0.0,6,0
2022-07-11,center_philly,Philadelphia,1091,28.6,0.0,0,0
2022-07-12,center_philly,Philadelphia,1181,31.9,3.5,1,0
2022-07-13,center_philly,Philadelphia,1130,31.5,0.0,2,0
2022-07-14,center_philly,Philadelphia,983,31.9,0.4,3,0
2022-07-15,center_philly,Philadelphia,874,29.6,0.0,4,0
2022-07-16,center_philly,Philadelphia,684,30.7,1.0,5,0
2022-07-17,center_philly,Philadelphia,568,30.1,10.6,6,0
2022-07-18,center_philly,Philadelphia,901,30.2,19.2,0,0
2022-07-19,center_philly,Philadelphia,1129,34.1,0.7,1,0
2022-07-20,center_philly,Philadelphia,1077,33.8,0.0,2,0
2022-07-21,center_philly,Philadelphia,1138,33.8,2.5,3,0
2022-07-22,center_philly,Philadelphia,776,36.8,0.0,4,0
2022-07-23,center_philly,Philadelphia,626,36.1,0.0,5,0
2022-07-24,center_philly,Philadelphia,449,35.8,0.0,6,0
2022-07-25,center_philly,Philadelphia,797,32.5,20.4,0,0
2022-07-26,center_philly,Philadelphia,1174,27.6,0.3,1,0
2022-07-27,center_philly,Philadelphia,1078,29.6,0.1,2,0
2022-07-28,center_philly,Philadelphia,1059,32.1,1.3,3,0
2022-07-29,center_philly,Philadelphia,851,29.6,6.1,4,0
2022-07-30,center_philly,Philadelphia,673,31.6,0.1,5,0
2022-07-31,center_philly,Philadelphia,601,30.9,0.0,6,0
2022-08-01,center_philly,Philadelphia,1009,28.4,8.1,0,0
2022-08-02,center_philly,Philadelphia,1134,33.6,0.0,1,0
2022-08-03,center_philly,Philadelphia,1102,33.5,0.0,2,0
2022-08-04,center_philly,Philadelphia,965,34.7,0.0,3,0
2022-08-05,center_philly,Philadelphia,888,32.2,4.1,4,0
2022-08-06,center_philly,Philadelphia,672,31.5,18.8,5,0
2022-08-07,center_philly,Philadelphia,544,33.0,2.6,6,0
2022-08-08,center_philly,Philadelphia,991,34.3,0.7,0,0
2022-08-09,center_philly,Philadelphia,908,36.0,0.9,1,0
2022-08-10,center_philly,Philadelphia,1025,33.2,0.5,2,0
2022-08-11,center_philly,Philadelphia,895,32.0,13.9,3,0
2022-08-12,center_philly,Philadelphia,829,29.7,0.0,4,0
2022-08-13,center_philly,Philadelphia,713,28.4,0.0,5,0
2022-08-14,center_philly,Philadelphia,606,28.0,0.0,6,0
2022-08-15,center_philly,Philadelphia,1124,28.6,0.0,0,0
2022-08-16,center_philly,Philadelphia,1000,29.0,0.0,1,0
2022-08-17,center_philly,Philadelphia,1142,29.0,0.1,2,0
2022-08-18,center_philly,Philadelphia,1145,30.4,0.2,3,0
2022-08-19,center_philly,Philadelphia,921,32.0,0.0,4,0
2022-08-20,center_philly,Philadelphia,677,33.6,0.0,5,0
2022-08-21,center_philly,Philadelphia,596,31.8,0.4,6,0
2022-08-22,center_philly,Philadelphia,726,27.6,29.3,0,0
2022-08-23,center_philly,Philadelphia,1180,29.6,0.5,1,0
2022-08-24,center_philly,Philadelphia,1140,31.2,0.0,2,0
2022-08-25,center_philly,Philadelphia,1091,32.5,0.0,3,0
2022-08-26,center_philly,Philadelphia,845,31.5,1.6,4,0
2022-08-27,center_philly,Philadelphia,740,32.5,0.1,5,0
2022-08-28,center_philly,Philadelphia,578,29.6,2.8,6,0
2022-08-29,center_philly,Philadelphia,1125,31.4,0.2,0,0
2022-08-30,center_philly,Philadelphia,953,31.8,5.8,1,0
2022-08-31,center_philly,Philadelphia,1143,28.8,1.7,2,0
2022-09-01,center_philly,Philadelphia,1037,30.6,0.0,3,0
2022-09-02,center_philly,Philadelphia,904,28.1,0.0,4,0
2022-09-03,center_philly,Philadelphia,650,29.6,0.0,5,0
2022-09-04,center_philly,Philadelphia,575,31.4,0.0,6,0
2022-09-05,center_philly,Philadelphia,548,30.0,0.5,0,1
2022-09-06,center_philly,Philadelphia,753,25.6,48.4,1,0
2022-09-07,center_philly,Philadelphia,1067,23.0,9.1,2,0
2022-09-08,center_philly,Philadelphia,1123,27.5,0.2,3,0
2022-09-09,center_philly,Philadelphia,926,28.6,0.0,4,0
2022-09-10,center_philly,Philadelphia,688,27.7,0.0,5,0
2022-09-11,center_philly,Philadelphia,551,22.8,12.9,6,0
2022-09-12,center_philly,Philadelphia,957,26.6,12.5,0,0
2022-09-13,center_philly,Philadelphia,1098,27.5,4.9,1,0
2022-09-14,center_philly,Philadelphia,1076,27.5,0.0,2,0
2022-09-15,center_philly,Philadelphia,1108,23.4,0.0,3,0
2022-09-16,center_philly,Philadelphia,915,25.8,0.0,4,0
2022-09-17,center_philly,Philadelphia,742,27.7,0.0,5,0
2022-09-18,center_philly,Philadelphia,628,28.1,0.0,6,0
2022-09-19,center_philly,Philadelphia,987,29.4,0.2,0,0
2022-09-20,center_philly,Philadelphia,1174,28.1,0.0,1,0
2022-09-21,center_philly,Philadelphia,1057,27.6,0.0,2,0
2022-09-22,center_philly,Philadelphia,928,26.0,7.6,3,0
2022-09-23,center_philly,Philadelphia,897,18.4,0.0,4,0
2022-09-24,center_philly,Philadelphia,685,21.0,0.0,5,0
2022-09-25,center_philly,Philadelphia,563,24.9,0.0,6,0
2022-09-26,center_philly,Philadelphia,1011,24.0,1.3,0,0
2022-09-27,center_philly,Philadelphia,1141,22.1,0.0,1,0
2022-09-28,center_philly,Philadelphia,1144,21.1,0.0,2,0
2022-09-29,center_philly,Philadelphia,1107,20.4,0.0,3,0
2022-09-30,center_philly,Philadelphia,831,17.5,0.5,4,0
2022-10-01,center_philly,Philadelphia,547,17.9,31.0,5,0
2022-10-02,center_philly,Philadelphia,462,15.6,40.4,6,0
2022-10-03,center_philly,Philadelphia,866,10.9,34.7,0,0
2022-10-04,center_philly,Philadelphia,842,12.8,32.9,1,0
2022-10-05,center_philly,Philadelphia,1015,17.4,2.6,2,0
2022-10-06,center_philly,Philadelphia,1059,23.2,0.0,3,0
2022-10-07,center_philly,Philadelphia,913,24.2,0.0,4,0
2022-10-08,center_philly,Philadelphia,676,18.9,0.5,5,0
2022-10-09,center_philly,Philadelphia,545,16.4,0.0,6,0
2022-10-10,center_philly,Philadelphia,551,19.4,0.0,0,1
2022-10-11,center_philly,Philadelphia,1065,22.6,0.0,1,0
2022-10-12,center_philly,Philadelphia,1123,20.6,0.0,2,0
2022-10-13,center_philly,Philadelphia,949,20.7,13.2,3,0
2022-10-14,center_philly,Philadelphia,755,19.7,8.0,4,0
2022-10-15,center_philly,Philadelphia,658,21.2,0.0,5,0
2022-10-16,center_philly,Philadelphia,522,19.4,0.0,6,0
2022-10-17,center_philly,Philadelphia,1057,19.0,3.8,0,0
2022-10-18,center_philly,Philadelphia,1209,14.4,0.0,1,0
2022-10-19,center_philly,Philadelphia,1110,11.7,0.0,2,0
2022-10-20,center_philly,Philadelphia,1033,14.6,0.0,3,0
2022-10-21,center_philly,Philadelphia,926,17.2,0.0,4,0
2022-10-22,center_philly,Philadelphia,707,19.0,0.0,5,0
2022-10-23,center_philly,Philadelphia,533,16.7,6.1,6,0
2022-10-24,center_philly,Philadelphia,987,17.0,5.6,0,0
2022-10-25,center_philly,Philadelphia,1033,21.4,0.1,1,0
2022-10-26,center_philly,Philadelphia,1040,18.8,1.2,2,0
2022-10-27,center_philly,Philadelphia,1086,16.6,0.0,3,0
2022-10-28,center_philly,Philadelphia,867,13.8,0.0,4,0
2022-10-29,center_philly,Philadelphia,757,15.1,0.0,5,0
2022-10-30,center_philly,Philadelphia,598,16.6,0.0,6,0
2022-10-31,center_philly,Philadelphia,974,18.0,0.5,0,0
2022-11-01,center_philly,Philadelphia,935,20.6,9.5,1,0
2022-11-02,center_philly,Philadelphia,1033,20.4,0.0,2,0
2022-11-03,center_philly,Philadelphia,1136,19.7,0.0,3,0
2022-11-04,center_philly,Philadelphia,873,21.4,0.0,4,0
2022-11-05,center_philly,Philadelphia,658,24.6,0.0,5,0
2022-11-06,center_philly,Philadelphia,527,23.2,6.3,6,0
2022-11-07,center_philly,Philadelphia,1103,24.0,0.0,0,0
2022-11-08,center_philly,Philadelphia,1164,17.1,0.0,1,0
2022-11-09,center_philly,Philadelphia,1124,12.3,0.0,2,0
2022-11-10,center_philly,Philadelphia,1012,18.7,0.0,3,0
2022-11-11,center_philly,Philadelphia,371,19.4,12.8,4,1
2022-11-12,center_philly,Philadelphia,685,20.3,3.8,5,0
2022-11-13,center_philly,Philadelphia,536,15.8,2.2,6,0
2022-11-14,center_philly,Philadelphia,869,7.6,0.0,0,0
2022-11-15,center_philly,Philadelphia,927,8.1,4.0,1,0
2022-11-16,center_philly,Philadelphia,777,10.1,26.7,2,0
2022-11-17,center_philly,Philadelphia,899,7.7,0.0,3,0
2022-11-18,center_philly,Philadelphia,779,6.6,0.0,4,0
2022-11-19,center_philly,Philadelphia,560,5.2,0.9,5,0
2022-11-20,center_philly,Philadelphia,499,1.4,0.0,6,0
2022-11-21,center_philly,Philadelphia,933,4.2,0.0,0,0
2022-11-22,center_philly,Philadelphia,1181,10.1,0.0,1,0
2022-11-23,center_philly,Philadelphia,1134,12.4,0.0,2,0
2022-11-24,center_philly,Philadelphia,571,12.5,0.0,3,1
2022-11-25,center_philly,Philadelphia,863,13.2,2.9,4,0
2022-11-26,center_philly,Philadelphia,737,12.4,0.0,5,0
2022-11-27,center_philly,Philadelphia,501,14.6,8.1,6,0
2022-11-28,center_philly,Philadelphia,1146,14.9,0.6,0,0
2022-11-29,center_philly,Philadelphia,899,7.9,0.0,1,0
2022-11-30,center_philly,Philadelphia,1079,13.1,12.5,2,0
2022-12-01,center_philly,Philadelphia,972,10.0,0.0,3,0
2022-12-02,center_philly,Philadelphia,719,6.2,0.0,4,0
2022-12-03,center_philly,Philadelphia,641,14.6,7.1,5,0
2022-12-04,center_philly,Philadelphia,626,11.8,0.0,6,0
2022-12-05,center_philly,Philadelphia,978,7.5,0.0,0,0
2022-12-06,center_philly,Philadelphia,940,12.6,8.7,1,0
2022-12-07,center_philly,Philadelphia,901,14.0,9.9,2,0
2022-12-08,center_philly,Philadelphia,1145,11.3,0.0,3,0
2022-12-09,center_philly,Philadelphia,812,7.7,0.0,4,0
2022-12-10,center_philly,Philadelphia,663,5.4,0.0,5,0
2022-12-11,center_philly,Philadelphia,503,5.8,1.9,6,0
2022-12-12,center_philly,Philadelphia,924,5.2,0.0,0,0
2022-12-13,center_philly,Philadelphia,938,4.9,0.0,1,0
2022-12-14,center_philly,Philadelphia,967,5.2,0.0,2,0
2022-12-15,center_philly,Philadelphia,868,6.6,16.9,3,0
2022-12-16,center_philly,Philadelphia,650,8.8,19.3,4,0
2022-12-17,center_philly,Philadelphia,564,6.6,0.0,5,0
2022-12-18,center_philly,Philadelphia,478,4.1,0.0,6,0
2022-12-19,center_philly,Philadelphia,961,3.8,0.0,0,0
2022-12-20,center_philly,Philadelphia,954,4.3,0.0,1,0
2022-12-21,center_philly,Philadelphia,886,4.0,0.0,2,0
2022-12-22,center_philly,Philadelphia,740,7.8,6.0,3,0
2022-12-23,center_philly,Philadelphia,637,13.2,20.9,4,0
2022-12-24,center_philly,Philadelphia,551,-6.6,0.0,5,0
2022-12-25,center_philly,Philadelphia,194,-2.0,0.0,6,1
2022-12-26,center_philly,Philadelphia,333,-0.6,0.0,0,1
2022-12-27,center_philly,Philadelphia,974,3.5,0.0,1,0
2022-12-28,center_philly,Philadelphia,861,7.1,0.0,2,0
2022-12-29,center_philly,Philadelphia,855,8.8,0.0,3,0
2022-12-30,center_philly,Philadelphia,968,11.8,0.0,4,0
2022-12-31,center_philly,Philadelphia,762,11.8,1.8,5,0
2023-01-01,center_philly,Philadelphia,268,12.9,9.3,6,1
2023-01-02,center_philly,Philadelphia,475,14.9,0.0,0,1
2023-01-03,center_philly,Philadelphia,1016,15.5,7.6,1,0
2023-01-04,center_philly,Philadelphia,1031,17.4,2.1,2,0
2023-01-05,center_philly,Philadelphia,993,14.9,0.1,3,0
2023-01-06,center_philly,Philadelphia,680,9.4,5.7,4,0
2023-01-07,center_philly,Philadelphia,642,7.8,0.0,5,0
2023-01-08,center_philly,Philadelphia,491,5.2,0.0,6,0
2023-01-09,center_philly,Philadelphia,853,7.2,1.7,0,0
2023-01-10,center_philly,Philadelphia,984,6.8,0.0,1,0
2023-01-11,center_philly,Philadelphia,1012,7.2,0.0,2,0
2023-01-12,center_philly,Philadelphia,1082,13.2,1.5,3,0
2023-01-13,center_philly,Philadelphia,794,12.6,6.6,4,0
2023-01-14,center_philly,Philadelphia,654,3.6,0.0,5,0
2023-01-15,center_philly,Philadelphia,507,5.6,0.0,6,0
2023-01-16,center_philly,Philadelphia,425,9.0,0.0,0,1
2023-01-17,center_philly,Philadelphia,917,6.8,0.1,1,0
2023-01-18,center_philly,Philadelphia,1152,10.9,0.1,2,0
2023-01-19,center_philly,Philadelphia,795,7.2,12.8,3,0
2023-01-20,center_philly,Philadelphia,685,8.4,6.1,4,0
2023-01-21,center_philly,Philadelphia,660,5.3,0.0,5,0
2023-01-22,center_philly,Philadelphia,507,6.1,1.6,6,0
2023-01-23,center_philly,Philadelphia,834,4.3,16.7,0,0
2023-01-24,center_philly,Philadelphia,1004,8.6,0.0,1,0
2023-01-25,center_philly,Philadelphia,767,7.9,10.3,2,0
2023-01-26,center_philly,Philadelphia,908,12.9,18.5,3,0
2023-01-27,center_philly,Philadelphia,750,5.2,0.0,4,0
2023-01-28,center_philly,Philadelphia,706,11.1,0.0,5,0
2023-01-29,center_philly,Philadelphia,450,9.9,0.3,6,0
2023-01-30,center_philly,Philadelphia,1079,12.8,0.0,0,0
2023-01-31,center_philly,Philadelphia,868,8.1,2.4,1,0
2023-02-01,center_philly,Philadelphia,903,3.0,1.3,2,0
2023-02-02,center_philly,Philadelphia,870,4.3,0.0,3,0
2023-02-03,center_philly,Philadelphia,810,1.0,0.0,4,0
2023-02-04,center_philly,Philadelphia,522,-2.8,0.0,5,0
2023-02-05,center_philly,Philadelphia,475,8.4,0.0,6,0
2023-02-06,center_philly,Philadelphia,1060,10.2,0.0,0,0
2023-02-07,center_philly,Philadelphia,981,6.3,0.0,1,0
2023-02-08,center_philly,Philadelphia,1154,11.9,0.1,2,0
2023-02-09,center_philly,Philadelphia,1079,15.6,0.0,3,0
2023-02-10,center_philly,Philadelphia,913,14.6,0.0,4,0
2023-02-11,center_philly,Philadelphia,570,7.7,0.0,5,0
2023-02-12,center_philly,Philadelphia,487,6.9,0.5,6,0
2023-02-13,center_philly,Philadelphia,1120,13.4,2.4,0,0
2023-02-14,center_philly,Philadelphia,1088,11.9,0.0,1,0
2023-02-15,center_philly,Philadelphia,1092,16.4,0.0,2,0
2023-02-16,center_philly,Philadelphia,949,17.2,4.0,3,0
2023-02-17,center_philly,Philadelphia,647,15.6,22.8,4,0
2023-02-18,center_philly,Philadelphia,588,6.2,0.0,5,0
2023-02-19,center_philly,Philadelphia,543,11.2,0.0,6,0
2023-02-20,center_philly,Philadelphia,521,16.5,0.0,0,1
2023-02-21,center_philly,Philadelphia,1096,13.9,4.6,1,0
2023-02-22,center_philly,Philadelphia,887,6.8,2.2,2,0
2023-02-23,center_philly,Philadelphia,1096,19.1,0.5,3,0
2023-02-24,center_philly,Philadelphia,874,10.9,0.0,4,0
2023-02-25,center_philly,Philadelphia,670,4.3,0.7,5,0
2023-02-26,center_philly,Philadelphia,548,12.4,0.0,6,0
2023-02-27,center_philly,Philadelphia,819,8.4,0.4,0,0
2023-02-28,center_philly,Philadelphia,795,5.8,13.2,1,0
2023-03-01,center_philly,Philadelphia,1063,11.0,0.0,2,0
2023-03-02,center_philly,Philadelphia,993,15.4,2.5,3,0
2023-03-03,center_philly,Philadelphia,779,9.6,0.8,4,0
2023-03-04,center_philly,Philadelphia,573,13.1,42.2,5,0
2023-03-05,center_philly,Philadelphia,566,13.6,0.0,6,0
2023-03-06,center_philly,Philadelphia,1077,11.9,0.0,0,0
2023-03-07,center_philly,Philadelphia,865,7.8,0.3,1,0
2023-03-08,center_philly,Philadelphia,876,8.9,0.0,2,0
2023-03-09,center_philly,Philadelphia,1088,10.9,0.0,3,0
2023-03-10,center_philly,Philadelphia,795,8.6,1.0,4,0
2023-03-11,center_philly,Philadelphia,506,7.2,6.3,5,0
2023-03-12,center_philly,Philadelphia,454,7.9,0.1,6,0
2023-03-13,center_philly,Philadelphia,885,6.3,4.9,0,0
2023-03-14,center_philly,Philadelphia,969,5.1,2.3,1,0
2023-03-15,center_philly,Philadelphia,981,8.4,0.1,2,0
2023-03-16,center_philly,Philadelphia,1148,13.9,0.0,3,0
2023-03-17,center_philly,Philadelphia,906,15.3,0.2,4,0
2023-03-18,center_philly,Philadelphia,747,12.2,1.5,5,0
2023-03-19,center_philly,Philadelphia,473,5.3,0.0,6,0
2023-03-20,center_philly,Philadelphia,1107,10.4,0.0,0,0
2023-03-21,center_philly,Philadelphia,1109,15.6,0.0,1,0
2023-03-22,center_philly,Philadelphia,1193,16.6,0.0,2,0
2023-03-23,center_philly,Philadelphia,1120,17.8,4.2,3,0
2023-03-24,center_philly,Philadelphia,812,15.9,12.8,4,0
2023-03-25,center_philly,Philadelphia,702,10.3,8.0,5,0
2023-03-26,center_philly,Philadelphia,606,15.4,0.1,6,0
2023-03-27,center_philly,Philadelphia,946,17.5,5.9,0,0
2023-03-28,center_philly,Philadelphia,1072,11.6,0.1,1,0
2023-03-29,center_philly,Philadelphia,1110,13.5,0.0,2,0
2023-03-30,center_philly,Philadelphia,807,8.4,0.3,3,0
2023-03-31,center_philly,Philadelphia,989,16.1,0.0,4,0
2023-04-01,center_philly,Philadelphia,586,19.6,13.7,5,0
2023-04-02,center_philly,Philadelphia,541,13.6,3.9,6,0
2023-04-03,center_philly,Philadelphia,1104,16.8,0.0,0,0
2023-04-04,center_philly,Philadelphia,1006,22.9,0.0,1,0
2023-04-05,center_philly,Philadelphia,1192,24.5,0.1,2,0
2023-04-06,center_philly,Philadelphia,987,27.1,7.3,3,0
2023-04-07,center_philly,Philadelphia,846,18.9,6.2,4,0
2023-04-08,center_philly,Philadelphia,760,10.8,0.0,5,0
2023-04-09,center_philly,Philadelphia,623,14.2,0.0,6,0
2023-04-10,center_philly,Philadelphia,1104,18.2,0.0,0,0
2023-04-11,center_philly,Philadelphia,1075,23.2,0.0,1,0
2023-04-12,center_philly,Philadelphia,1014,27.7,0.0,2,0
2023-04-13,center_philly,Philadelphia,966,30.6,0.0,3,0
2023-04-14,center_philly,Philadelphia,914,29.0,0.0,4,0
2023-04-15,center_philly,Philadelphia,624,23.3,11.1,5,0
2023-04-16,center_philly,Philadelphia,533,25.1,2.5,6,0
2023-04-17,center_philly,Philadelphia,945,20.2,6.9,0,0
2023-04-18,center_philly,Philadelphia,1183,17.4,0.0,1,0
2023-04-19,center_philly,Philadelphia,1089,19.1,0.0,2,0
2023-04-20,center_philly,Philadelphia,1109,22.9,0.0,3,0
2023-04-21,center_philly,Philadelphia,828,28.4,0.0,4,0
2023-04-22,center_philly,Philadelphia,738,24.9,1.6,5,0
2023-04-23,center_philly,Philadelphia,486,19.0,11.7,6,0
2023-04-24,center_philly,Philadelphia,1117,15.3,0.0,0,0
2023-04-25,center_philly,Philadelphia,993,15.3,0.0,1,0
2023-04-26,center_philly,Philadelphia,1049,17.0,1.7,2,0
2023-04-27,center_philly,Philadelphia,1050,15.9,3.3,3,0
2023-04-28,center_philly,Philadelphia,815,13.1,11.7,4,0
2023-04-29,center_philly,Philadelphia,553,15.9,20.6,5,0
2023-04-30,center_philly,Philadelphia,411,15.7,27.3,6,0
2023-05-01,center_philly,Philadelphia,728,16.2,27.9,0,0
2023-05-02,center_philly,Philadelphia,1088,12.8,1.2,1,0
2023-05-03,center_philly,Philadelphia,1196,12.6,1.6,2,0
2023-05-04,center_philly,Philadelphia,952,14.9,4.5,3,0
2023-05-05,center_philly,Philadelphia,955,17.3,3.4,4,0
2023-05-06,center_philly,Philadelphia,653,20.9,0.0,5,0
2023-05-07,center_philly,Philadelphia,609,23.8,0.0,6,0
2023-05-08,center_philly,Philadelphia,1009,24.6,0.1,0,0
2023-05-09,center_philly,Philadelphia,1111,20.5,0.3,1,0
2023-05-10,center_philly,Philadelphia,1044,21.9,0.0,2,0
2023-05-11,center_philly,Philadelphia,1094,26.9,0.0,3,0
2023-05-12,center_philly,Philadelphia,893,29.6,0.0,4,0
2023-05-13,center_philly,Philadelphia,655,23.6,2.6,5,0
2023-05-14,center_philly,Philadelphia,594,24.4,0.0,6,0
2023-05-15,center_philly,Philadelphia,1098,25.5,0.0,0,0
2023-05-16,center_philly,Philadelphia,1001,28.4,0.0,1,0
2023-05-17,center_philly,Philadelphia,994,22.4,0.0,2,0
2023-05-18,center_philly,Philadelphia,1038,20.8,0.0,3,0
2023-05-19,center_philly,Philadelphia,848,22.5,0.0,4,0
2023-05-20,center_philly,Philadelphia,619,19.8,12.0,5,0
2023-05-21,center_philly,Philadelphia,618,26.0,4.7,6,0
2023-05-22,center_philly,Philadelphia,996,26.0,0.0,0,0
2023-05-23,center_philly,Philadelphia,1184,24.0,0.0,1,0
2023-05-24,center_philly,Philadelphia,1131,29.3,0.0,2,0
2023-05-25,center_philly,Philadelphia,1074,23.6,0.0,3,0
2023-05-26,center_philly,Philadelphia,898,24.1,0.0,4,0
2023-05-27,center_philly,Philadelphia,706,26.8,0.0,5,0
2023-05-28,center_philly,Philadelphia,592,25.5,0.0,6,0
2023-05-29,center_philly,Philadelphia,548,29.5,0.2,0,1
2023-05-30,center_philly,Philadelphia,1128,24.8,0.0,1,0
2023-05-31,center_philly,Philadelphia,1156,27.8,0.0,2,0
2023-06-01,center_philly,Philadelphia,992,32.0,0.0,3,0
2023-06-02,center_philly,Philadelphia,679,35.5,0.0,4,0
2023-06-03,center_philly,Philadelphia,787,30.9,2.7,5,0
2023-06-04,center_philly,Philadelphia,590,25.8,0.0,6,0
2023-06-05,center_philly,Philadelphia,1045,25.3,0.0,0,0
2023-06-06,center_philly,Philadelphia,1072,27.8,1.3,1,0
2023-06-07,center_philly,Philadelphia,1128,26.2,0.1,2,0
2023-06-08,center_philly,Philadelphia,1035,26.2,0.1,3,0
2023-06-09,center_philly,Philadelphia,843,24.5,0.0,4,0
2023-06-10,center_philly,Philadelphia,717,29.0,0.0,5,0
2023-06-11,center_philly,Philadelphia,546,30.9,0.0,6,0
2023-06-12,center_philly,Philadelphia,892,29.1,18.6,0,0
2023-06-13,center_philly,Philadelphia,1076,27.5,1.5,1,0
2023-06-14,center_philly,Philadelphia,1161,25.0,0.9,2,0
2023-06-15,center_philly,Philadelphia,1018,27.5,0.0,3,0
2023-06-16,center_philly,Philadelphia,810,25.8,6.8,4,0
2023-06-17,center_philly,Philadelphia,650,26.2,1.9,5,0
2023-06-18,center_philly,Philadelphia,523,28.4,0.0,6,0
2023-06-19,center_philly,Philadelphia,489,31.1,0.0,0,1
2023-06-20,center_philly,Philadelphia,1123,26.1,0.3,1,0
2023-06-21,center_philly,Philadelphia,1149,22.0,3.5,2,0
2023-06-22,center_philly,Philadelphia,993,22.4,1.4,3,0
2023-06-23,center_philly,Philadelphia,740,26.0,22.3,4,0
2023-06-24,center_philly,Philadelphia,631,27.2,9.3,5,0
2023-06-25,center_philly,Philadelphia,557,29.5,5.6,6,0
2023-06-26,center_philly,Philadelphia,949,28.9,19.6,0,0
2023-06-27,center_philly,Philadelphia,1081,27.9,11.7,1,0
2023-06-28,center_philly,Philadelphia,1134,27.8,1.3,2,0
2023-06-29,center_philly,Philadelphia,995,28.5,0.0,3,0
2023-06-30,center_philly,Philadelphia,984,29.4,0.0,4,0
2023-07-01,center_philly,Philadelphia,698,30.4,0.1,5,0
2023-07-02,center_philly,Philadelphia,517,31.6,5.5,6,0
2023-07-03,center_philly,Philadelphia,998,32.0,3.7,0,0
2023-07-04,center_philly,Philadelphia,503,31.0,8.0,1,1
2023-07-05,center_philly,Philadelphia,1068,32.8,1.1,2,0
2023-07-06,center_philly,Philadelphia,1007,32.5,2.3,3,0
2023-07-07,center_philly,Philadelphia,928,32.0,0.6,4,0
2023-07-08,center_philly,Philadelphia,722,31.5,3.7,5,0
2023-07-09,center_philly,Philadelphia,432,24.3,34.0,6,0
2023-07-10,center_philly,Philadelphia,1100,29.1,3.2,0,0
2023-07-11,center_philly,Philadelphia,1132,31.5,0.0,1,0
2023-07-12,center_philly,Philadelphia,1117,33.2,0.0,2,0
2023-07-13,center_philly,Philadelphia,1012,34.2,0.1,3,0
2023-07-14,center_philly,Philadelphia,890,32.3,7.7,4,0
2023-07-15,center_philly,Philadelphia,606,32.9,10.8,5,0
2023-07-16,center_philly,Philadelphia,519,27.8,15.9,6,0
2023-07-17,center_philly,Philadelphia,957,33.1,0.0,0,0
2023-07-18,center_philly,Philadelphia,1130,32.3,0.6,1,0
2023-07-19,center_philly,Philadelphia,1081,28.3,6.5,2,0
2023-07-20,center_philly,Philadelphia,1004,29.5,4.3,3,0
2023-07-21,center_philly,Philadelphia,972,29.4,1.0,4,0
2023-07-22,center_philly,Philadelphia,765,29.2,0.0,5,0
2023-07-23,center_philly,Philadelphia,565,30.8,0.0,6,0
2023-07-24,center_philly,Philadelphia,970,30.3,0.1,0,0
2023-07-25,center_philly,Philadelphia,1023,29.5,12.2,1,0
2023-07-26,center_philly,Philadelphia,1064,31.8,0.0,2,0
2023-07-27,center_philly,Philadelphia,1006,34.6,2.1,3,0
2023-07-28,center_philly,Philadelphia,965,34.6,0.0,4,0
2023-07-29,center_philly,Philadelphia,781,34.0,3.6,5,0
2023-07-30,center_philly,Philadelphia,547,28.3,0.1,6,0
2023-07-31,center_philly,Philadelphia,1102,29.6,0.1,0,0
2023-08-01,center_philly,Philadelphia,1174,28.4,0.0,1,0
2023-08-02,center_philly,Philadelphia,1031,28.5,0.0,2,0
2023-08-03,center_philly,Philadelphia,959,28.3,0.9,3,0
2023-08-04,center_philly,Philadelphia,841,26.3,0.5,4,0
2023-08-05,center_philly,Philadelphia,744,30.7,0.4,5,0
2023-08-06,center_philly,Philadelphia,544,32.0,0.0,6,0
2023-08-07,center_philly,Philadelphia,855,31.0,9.2,0,0
2023-08-08,center_philly,Philadelphia,1032,28.3,9.7,1,0
2023-08-09,center_philly,Philadelphia,1128,29.6,0.0,2,0
2023-08-10,center_philly,Philadelphia,945,25.5,16.1,3,0
2023-08-11,center_philly,Philadelphia,878,29.7,0.0,4,0
2023-08-12,center_philly,Philadelphia,752,30.6,0.2,5,0
2023-08-13,center_philly,Philadelphia,562,30.9,2.6,6,0
2023-08-14,center_philly,Philadelphia,1048,32.5,0.0,0,0
2023-08-15,center_philly,Philadelphia,949,32.0,19.3,1,0
2023-08-16,center_philly,Philadelphia,935,29.5,8.5,2,0
2023-08-17,center_philly,Philadelphia,1101,31.1,0.4,3,0
2023-08-18,center_philly,Philadelphia,853,27.2,3.6,4,0
2023-08-19,center_philly,Philadelphia,734,26.0,0.0,5,0
2023-08-20,center_philly,Philadelphia,529,30.6,0.0,6,0
2023-08-21,center_philly,Philadelphia,1004,32.2,0.0,0,0
2023-08-22,center_philly,Philadelphia,1152,27.5,0.7,1,0
2023-08-23,center_philly,Philadelphia,1090,26.7,0.0,2,0
2023-08-24,center_philly,Philadelphia,1141,24.9,1.4,3,0
2023-08-25,center_philly,Philadelphia,881,31.4,1.0,4,0
2023-08-26,center_philly,Philadelphia,738,30.0,0.1,5,0
2023-08-27,center_philly,Philadelphia,582,29.4,0.0,6,0
2023-08-28,center_philly,Philadelphia,1031,27.6,0.3,0,0
2023-08-29,center_philly,Philadelphia,1151,27.2,0.0,1,0
2023-08-30,center_philly,Philadelphia,1006,29.8,0.9,2,0
2023-08-31,center_philly,Philadelphia,1052,26.4,0.0,3,0
2023-09-01,center_philly,Philadelphia,987,25.2,0.0,4,0
2023-09-02,center_philly,Philadelphia,771,28.0,0.0,5,0
2023-09-03,center_philly,Philadelphia,520,33.5,0.2,6,0
2023-09-04,center_philly,Philadelphia,437,35.5,0.0,0,1
2023-09-05,center_philly,Philadelphia,923,35.0,7.2,1,0
2023-09-06,center_philly,Philadelphia,1149,35.0,0.0,2,0
2023-09-07,center_philly,Philadelphia,1148,33.2,1.1,3,0
2023-09-08,center_philly,Philadelphia,881,34.2,9.2,4,0
2023-09-09,center_philly,Philadelphia,673,28.5,12.7,5,0
2023-09-10,center_philly,Philadelphia,556,25.2,11.5,6,0
2023-09-11,center_philly,Philadelphia,1020,27.0,14.0,0,0
2023-09-12,center_philly,Philadelphia,1034,29.1,0.0,1,0
2023-09-13,center_philly,Philadelphia,877,26.9,28.2,2,0
2023-09-14,center_philly,Philadelphia,953,25.0,0.0,3,0
2023-09-15,center_philly,Philadelphia,958,23.2,0.0,4,0
2023-09-16,center_philly,Philadelphia,788,24.7,0.0,5,0
2023-09-17,center_philly,Philadelphia,529,26.0,3.5,6,0
2023-09-18,center_philly,Philadelphia,816,23.0,22.9,0,0
2023-09-19,center_philly,Philadelphia,1183,23.0,0.0,1,0
2023-09-20,center_philly,Philadelphia,1107,24.1,0.0,2,0
2023-09-21,center_philly,Philadelphia,1007,23.9,0.0,3,0
2023-09-22,center_philly,Philadelphia,859,22.5,0.0,4,0
2023-09-23,center_philly,Philadelphia,629,17.2,16.9,5,0
2023-09-24,center_philly,Philadelphia,463,19.8,29.6,6,0
2023-09-25,center_philly,Philadelphia,1044,19.1,3.4,0,0
2023-09-26,center_philly,Philadelphia,1112,16.8,0.6,1,0
2023-09-27,center_philly,Philadelphia,1131,18.5,0.0,2,0
2023-09-28,center_philly,Philadelphia,1031,18.2,0.0,3,0
2023-09-29,center_philly,Philadelphia,760,19.9,14.2,4,0
2023-09-30,center_philly,Philadelphia,753,21.4,0.2,5,0
2023-10-01,center_philly,Philadelphia,544,26.0,0.0,6,0
2023-10-02,center_philly,Philadelphia,1036,26.4,0.0,0,0
2023-10-03,center_philly,Philadelphia,1184,27.0,0.0,1,0
2023-10-04,center_philly,Philadelphia,1144,27.6,0.0,2,0
2023-10-05,center_philly,Philadelphia,1016,26.4,0.0,3,0
2023-10-06,center_philly,Philadelphia,838,25.2,0.8,4,0
2023-10-07,center_philly,Philadelphia,690,19.8,2.7,5,0
2023-10-08,center_philly,Philadelphia,557,16.8,0.2,6,0
2023-10-09,center_philly,Philadelphia,560,16.1,0.0,0,1
2023-10-10,center_philly,Philadelphia,1195,18.0,0.3,1,0
2023-10-11,center_philly,Philadelphia,1208,21.1,0.0,2,0
2023-10-12,center_philly,Philadelphia,1023,21.3,0.0,3,0
2023-10-13,center_philly,Philadelphia,871,18.6,0.0,4,0
2023-10-14,center_philly,Philadelphia,691,13.1,12.9,5,0
2023-10-15,center_philly,Philadelphia,494,16.2,5.4,6,0
2023-10-16,center_philly,Philadelphia,1157,16.6,0.5,0,0
2023-10-17,center_philly,Philadelphia,1140,17.8,0.0,1,0
2023-10-18,center_philly,Philadelphia,1204,18.0,0.0,2,0
2023-10-19,center_philly,Philadelphia,1024,19.5,0.0,3,0
2023-10-20,center_philly,Philadelphia,823,20.6,2.7,4,0
2023-10-21,center_philly,Philadelphia,769,18.5,2.2,5,0
2023-10-22,center_philly,Philadelphia,583,15.1,0.0,6,0
2023-10-23,center_philly,Philadelphia,1104,16.2,0.0,0,0
2023-10-24,center_philly,Philadelphia,1152,18.5,0.0,1,0
2023-10-25,center_philly,Philadelphia,1011,22.0,0.0,2,0
2023-10-26,center_philly,Philadelphia,956,25.2,0.0,3,0
2023-10-27,center_philly,Philadelphia,991,24.0,0.0,4,0
2023-10-28,center_philly,Philadelphia,783,27.7,0.0,5,0
2023-10-29,center_philly,Philadelphia,514,20.9,16.5,6,0
2023-10-30,center_philly,Philadelphia,1007,23.8,0.6,0,0
2023-10-31,center_philly,Philadelphia,1145,12.4,0.0,1,0
2023-11-01,center_philly,Philadelphia,884,9.6,1.7,2,0
2023-11-02,center_philly,Philadelphia,1050,10.1,0.0,3,0
2023-11-03,center_philly,Philadelphia,872,13.4,0.0,4,0
2023-11-04,center_philly,Philadelphia,759,14.2,0.0,5,0
2023-11-05,center_philly,Philadelphia,552,19.0,0.0,6,0
2023-11-06,center_philly,Philadelphia,953,14.8,0.0,0,0
2023-11-07,center_philly,Philadelphia,1109,20.7,0.0,1,0
2023-11-08,center_philly,Philadelphia,1020,16.3,0.0,2,0
2023-11-09,center_philly,Philadelphia,1007,17.8,3.5,3,0
2023-11-10,center_philly,Philadelphia,454,13.6,2.4,4,1
2023-11-11,center_philly,Philadelphia,361,13.5,0.0,5,1
2023-11-12,center_philly,Philadelphia,514,8.9,0.0,6,0
2023-11-13,center_philly,Philadelphia,973,10.1,0.0,0,0
2023-11-14,center_philly,Philadelphia,1124,12.4,0.0,1,0
2023-11-15,center_philly,Philadelphia,1135,12.1,0.0,2,0
2023-11-16,center_philly,Philadelphia,1106,18.1,0.0,3,0
2023-11-17,center_philly,Philadelphia,823,19.5,0.0,4,0
2023-11-18,center_philly,Philadelphia,710,14.4,0.6,5,0
2023-11-19,center_philly,Philadelphia,605,13.1,0.0,6,0
2023-11-20,center_philly,Philadelphia,968,8.4,0.0,0,0
2023-11-21,center_philly,Philadelphia,870,8.1,6.1,1,0
2023-11-22,center_philly,Philadelphia,808,14.9,34.3,2,0
2023-11-23,center_philly,Philadelphia,551,11.2,0.0,3,1
2023-11-24,center_philly,Philadelphia,838,10.6,0.0,4,0
2023-11-25,center_philly,Philadelphia,558,4.8,0.0,5,0
2023-11-26,center_philly,Philadelphia,537,8.9,2.8,6,0
2023-11-27,center_philly,Philadelphia,745,9.9,19.8,0,0
2023-11-28,center_philly,Philadelphia,998,3.2,0.1,1,0
2023-11-29,center_philly,Philadelphia,883,2.2,0.0,2,0
2023-11-30,center_philly,Philadelphia,1053,10.5,0.0,3,0
2023-12-01,center_philly,Philadelphia,740,8.1,1.3,4,0
2023-12-02,center_philly,Philadelphia,775,15.9,1.9,5,0
2023-12-03,center_philly,Philadelphia,481,11.2,13.0,6,0
2023-12-04,center_philly,Philadelphia,971,10.9,0.0,0,0
2023-12-05,center_philly,Philadelphia,922,7.2,0.0,1,0
2023-12-06,center_philly,Philadelphia,876,5.9,0.1,2,0
2023-12-07,center_philly,Philadelphia,860,4.2,0.8,3,0
2023-12-08,center_philly,Philadelphia,999,10.9,0.0,4,0
2023-12-09,center_philly,Philadelphia,748,11.9,0.0,5,0
2023-12-10,center_philly,Philadelphia,493,15.6,12.5,6,0
2023-12-11,center_philly,Philadelphia,737,15.6,41.6,0,0
2023-12-12,center_philly,Philadelphia,925,6.8,0.0,1,0
2023-12-13,center_philly,Philadelphia,898,7.4,0.0,2,0
2023-12-14,center_philly,Philadelphia,890,5.1,0.0,3,0
2023-12-15,center_philly,Philadelphia,995,11.6,0.0,4,0
2023-12-16,center_philly,Philadelphia,764,12.4,0.0,5,0
2023-12-17,center_philly,Philadelphia,516,12.1,6.4,6,0
2023-12-18,center_philly,Philadelphia,713,15.6,61.6,0,0
2023-12-19,center_philly,Philadelphia,912,7.6,0.0,1,0
2023-12-20,center_philly,Philadelphia,923,6.9,0.0,2,0
2023-12-21,center_philly,Philadelphia,917,6.3,0.0,3,0
2023-12-22,center_philly,Philadelphia,797,3.0,0.0,4,0
2023-12-23,center_philly,Philadelphia,633,7.4,0.0,5,0
2023-12-24,center_philly,Philadelphia,454,9.4,0.2,6,0
2023-12-25,center_philly,Philadelphia,545,10.7,0.2,0,1
2023-12-26,center_philly,Philadelphia,844,9.7,0.0,1,0
2023-12-27,center_philly,Philadelphia,1045,10.8,4.4,2,0
2023-12-28,center_philly,Philadelphia,825,11.6,23.4,3,0
2023-12-29,center_philly,Philadelphia,876,11.7,0.3,4,0
2023-12-30,center_philly,Philadelphia,575,7.7,0.0,5,0
2023-12-31,center_philly,Philadelphia,506,7.1,0.0,6,0
2020-01-01,center_phoenix,Phoenix,632,13.8,0.4,2,1
2020-01-02,center_phoenix,Phoenix,1206,15.4,0.1,3,0
2020-01-03,center_phoenix,Phoenix,882,15.9,0.0,4,0
2020-01-04,center_phoenix,Phoenix,836,16.5,0.0,5,0
2020-01-05,center_phoenix,Phoenix,609,17.9,0.0,6,0
2020-01-06,center_phoenix,Phoenix,1163,19.2,0.0,0,0
2020-01-07,center_phoenix,Phoenix,1124,20.4,0.0,1,0
2020-01-08,center_phoenix,Phoenix,1255,16.8,0.0,2,0
2020-01-09,center_phoenix,Phoenix,1040,16.1,0.4,3,0
2020-01-10,center_phoenix,Phoenix,934,15.8,0.2,4,0
2020-01-11,center_phoenix,Phoenix,764,14.8,0.0,5,0
2020-01-12,center_phoenix,Phoenix,619,16.3,0.0,6,0
2020-01-13,center_phoenix,Phoenix,1046,17.8,0.0,0,0
2020-01-14,center_phoenix,Phoenix,1280,19.3,0.0,1,0
2020-01-15,center_phoenix,Phoenix,1173,20.1,0.0,2,0
2020-01-16,center_phoenix,Phoenix,1075,18.0,0.0,3,0
2020-01-17,center_phoenix,Phoenix,960,17.1,0.0,4,0
2020-01-18,center_phoenix,Phoenix,722,20.0,0.0,5,0
2020-01-19,center_phoenix,Phoenix,624,23.6,0.0,6,0
2020-01-20,center_phoenix,Phoenix,520,24.8,0.0,0,1
2020-01-21,center_phoenix,Phoenix,1226,22.0,3.8,1,0
2020-01-22,center_phoenix,Phoenix,1196,16.0,0.0,2,0
2020-01-23,center_phoenix,Phoenix,1197,19.5,0.0,3,0
2020-01-24,center_phoenix,Phoenix,906,21.0,0.0,4,0
2020-01-25,center_phoenix,Phoenix,722,20.8,0.0,5,0
2020-01-26,center_phoenix,Phoenix,650,20.5,0.0,6,0
2020-01-27,center_phoenix,Phoenix,1145,21.5,0.0,0,0
2020-01-28,center_phoenix,Phoenix,1261,21.1,0.0,1,0
2020-01-29,center_phoenix,Phoenix,1157,19.2,0.0,2,0
2020-01-30,center_phoenix,Phoenix,1140,19.4,0.0,3,0
2020-01-31,center_phoenix,Phoenix,1029,21.8,0.0,4,0
2020-02-01,center_phoenix,Phoenix,823,24.4,0.0,5,0
2020-02-02,center_phoenix,Phoenix,559,24.5,0.0,6,0
2020-02-03,center_phoenix,Phoenix,1136,23.0,0.0,0,0
2020-02-04,center_phoenix,Phoenix,1202,13.6,0.0,1,0
2020-02-05,center_phoenix,Phoenix,1072,11.4,0.0,2,0
2020-02-06,center_phoenix,Phoenix,1204,14.4,0.0,3,0
2020-02-07,center_phoenix,Phoenix,1006,18.0,0.0,4,0
2020-02-08,center_phoenix,Phoenix,820,20.5,0.0,5,0
2020-02-09,center_phoenix,Phoenix,611,21.0,0.0,6,0
2020-02-10,center_phoenix,Phoenix,1134,20.5,1.4,0,0
2020-02-11,center_phoenix,Phoenix,908,18.1,29.9,1,0
2020-02-12,center_phoenix,Phoenix,1153,15.1,0.0,2,0
2020-02-13,center_phoenix,Phoenix,1066,17.0,0.0,3,0
2020-02-14,center_phoenix,Phoenix,947,18.9,0.0,4,0
2020-02-15,center_phoenix,Phoenix,810,19.2,0.0,5,0
2020-02-16,center_phoenix,Phoenix,617,20.0,0.0,6,0
2020-02-17,center_phoenix,Phoenix,584,21.2,0.0,0,1
2020-02-18,center_phoenix,Phoenix,1097,22.8,0.0,1,0
2020-02-19,center_phoenix,Phoenix,1165,23.4,0.0,2,0
2020-02-20,center_phoenix,Phoenix,1074,25.2,0.0,3,0
2020-02-21,center_phoenix,Phoenix,985,25.4,0.0,4,0
2020-02-22,center_phoenix,Phoenix,603,23.0,25.6,5,0
2020-02-23,center_phoenix,Phoenix,570,18.0,0.2,6,0
2020-02-24,center_phoenix,Phoenix,1220,19.0,0.0,0,0
2020-02-25,center_phoenix,Phoenix,1122,19.5,0.0,1,0
2020-02-26,center_phoenix,Phoenix,1146,17.1,0.0,2,0
2020-02-27,center_phoenix,Phoenix,1051,22.2,0.0,3,0
2020-02-28,center_phoenix,Phoenix,948,24.5,0.0,4,0
2020-02-29,center_phoenix,Phoenix,795,23.7,0.0,5,0
2020-03-01,center_phoenix,Phoenix,606,23.8,0.0,6,0
2020-03-02,center_phoenix,Phoenix,1209,22.4,0.0,0,0
2020-03-03,center_phoenix,Phoenix,1060,23.5,0.0,1,0
2020-03-04,center_phoenix,Phoenix,1183,22.6,0.0,2,0
2020-03-05,center_phoenix,Phoenix,1181,28.1,0.0,3,0
2020-03-06,center_phoenix,Phoenix,932,29.2,0.0,4,0
2020-03-07,center_phoenix,Phoenix,715,28.2,0.0,5,0
2020-03-08,center_phoenix,Phoenix,560,27.2,0.0,6,0
2020-03-09,center_phoenix,Phoenix,1219,23.5,0.0,0,0
2020-03-10,center_phoenix,Phoenix,1061,24.0,2.5,1,0
2020-03-11,center_phoenix,Phoenix,800,22.0,36.8,2,0
2020-03-12,center_phoenix,Phoenix,853,19.6,26.6,3,0
2020-03-13,center_phoenix,Phoenix,771,18.8,26.2,4,0
2020-03-14,center_phoenix,Phoenix,717,19.6,2.0,5,0
2020-03-15,center_phoenix,Phoenix,622,21.7,0.0,6,0
2020-03-16,center_phoenix,Phoenix,1086,22.8,0.0,0,0
2020-03-17,center_phoenix,Phoenix,1075,22.6,0.0,1,0
2020-03-18,center_phoenix,Phoenix,1139,20.6,4.8,2,0
2020-03-19,center_phoenix,Phoenix,1089,15.9,17.4,3,0
2020-03-20,center_phoenix,Phoenix,1031,18.6,0.0,4,0
2020-03-21,center_phoenix,Phoenix,751,20.6,0.0,5,0
2020-03-22,center_phoenix,Phoenix,616,21.0,0.0,6,0
2020-03-23,center_phoenix,Phoenix,1154,21.6,0.0,0,0
2020-03-24,center_phoenix,Phoenix,1175,22.4,0.0,1,0
2020-03-25,center_phoenix,Phoenix,1156,22.8,0.0,2,0
2020-03-26,center_phoenix,Phoenix,1066,22.5,0.0,3,0
2020-03-27,center_phoenix,Phoenix,873,18.3,0.0,4,0
2020-03-28,center_phoenix,Phoenix,756,19.5,0.0,5,0
2020-03-29,center_phoenix,Phoenix,611,23.4,0.0,6,0
2020-03-30,center_phoenix,Phoenix,1224,23.8,0.0,0,0
2020-03-31,center_phoenix,Phoenix,1231,26.8,0.0,1,0
2020-04-01,center_phoenix,Phoenix,1204,28.1,0.0,2,0
2020-04-02,center_phoenix,Phoenix,1105,27.6,0.0,3,0
2020-04-03,center_phoenix,Phoenix,1024,27.3,0.0,4,0
2020-04-04,center_phoenix,Phoenix,690,27.0,0.0,5,0
2020-04-05,center_phoenix,Phoenix,659,27.4,0.0,6,0
2020-04-06,center_phoenix,Phoenix,1080,26.8,0.0,0,0
2020-04-07,center_phoenix,Phoenix,1105,27.6,0.0,1,0
2020-04-08,center_phoenix,Phoenix,1156,27.6,0.1,2,0
2020-04-09,center_phoenix,Phoenix,1071,22.7,1.0,3,0
2020-04-10,center_phoenix,Phoenix,958,24.0,0.0,4,0
2020-04-11,center_phoenix,Phoenix,761,23.2,1.1,5,0
2020-04-12,center_phoenix,Phoenix,626,24.1,0.0,6,0
2020-04-13,center_phoenix,Phoenix,1180,24.5,0.1,0,0
2020-04-14,center_phoenix,Phoenix,1120,27.0,0.0,1,0
2020-04-15,center_phoenix,Phoenix,1220,27.2,0.0,2,0
2020-04-16,center_phoenix,Phoenix,1119,29.0,0.0,3,0
2020-04-17,center_phoenix,Phoenix,879,29.9,0.0,4,0
2020-04-18,center_phoenix,Phoenix,788,29.1,0.0,5,0
2020-04-19,center_phoenix,Phoenix,621,27.5,0.0,6,0
2020-04-20,center_phoenix,Phoenix,1039,29.6,0.0,0,0
2020-04-21,center_phoenix,Phoenix,1148,28.8,0.0,1,0
2020-04-22,center_phoenix,Phoenix,1109,32.5,0.0,2,0
2020-04-23,center_phoenix,Phoenix,1188,34.9,0.0,3,0
2020-04-24,center_phoenix,Phoenix,716,36.2,0.0,4,0
2020-04-25,center_phoenix,Phoenix,613,36.1,0.0,5,0
2020-04-26,center_phoenix,Phoenix,508,38.2,0.0,6,0
2020-04-27,center_phoenix,Phoenix,913,37.8,0.0,0,0
2020-04-28,center_phoenix,Phoenix,888,37.8,0.0,1,0
2020-04-29,center_phoenix,Phoenix,983,39.2,0.0,2,0
2020-04-30,center_phoenix,Phoenix,985,38.8,0.0,3,0
2020-05-01,center_phoenix,Phoenix,828,37.5,0.0,4,0
2020-05-02,center_phoenix,Phoenix,663,36.7,0.0,5,0
2020-05-03,center_phoenix,Phoenix,455,35.5,0.0,6,0
2020-05-04,center_phoenix,Phoenix,862,36.3,0.0,0,0
2020-05-05,center_phoenix,Phoenix,857,38.7,0.0,1,0
2020-05-06,center_phoenix,Phoenix,909,40.3,0.0,2,0
2020-05-07,center_phoenix,Phoenix,871,40.2,0.0,3,0
2020-05-08,center_phoenix,Phoenix,724,39.3,0.0,4,0
2020-05-09,center_phoenix,Phoenix,583,38.0,0.0,5,0
2020-05-10,center_phoenix,Phoenix,444,37.0,0.1,6,0
2020-05-11,center_phoenix,Phoenix,939,36.8,0.1,0,0
2020-05-12,center_phoenix,Phoenix,911,35.2,0.0,1,0
2020-05-13,center_phoenix,Phoenix,1276,32.9,0.0,2,0
2020-05-14,center_phoenix,Phoenix,1202,32.0,0.0,3,0
2020-05-15,center_phoenix,Phoenix,909,33.7,0.0,4,0
2020-05-16,center_phoenix,Phoenix,566,36.0,0.0,5,0
2020-05-17,center_phoenix,Phoenix,532,37.5,0.0,6,0
2020-05-18,center_phoenix,Phoenix,875,37.0,0.0,0,0
2020-05-19,center_phoenix,Phoenix,1014,36.6,0.0,1,0
2020-05-20,center_phoenix,Phoenix,1283,29.6,0.0,2,0
2020-05-21,center_phoenix,Phoenix,1134,32.4,0.0,3,0
2020-05-22,center_phoenix,Phoenix,904,34.3,0.0,4,0
2020-05-23,center_phoenix,Phoenix,812,33.5,0.0,5,0
2020-05-24,center_phoenix,Phoenix,565,34.2,0.0,6,0
2020-05-25,center_phoenix,Phoenix,489,35.7,0.0,0,1
2020-05-26,center_phoenix,Phoenix,947,38.4,0.0,1,0
2020-05-27,center_phoenix,Phoenix,1018,41.3,0.0,2,0
2020-05-28,center_phoenix,Phoenix,972,42.2,0.0,3,0
2020-05-29,center_phoenix,Phoenix,740,43.0,0.0,4,0
2020-05-30,center_phoenix,Phoenix,664,42.8,0.0,5,0
2020-05-31,center_phoenix,Phoenix,529,41.5,0.0,6,0
2020-06-01,center_phoenix,Phoenix,919,40.1,0.0,0,0
2020-06-02,center_phoenix,Phoenix,993,41.5,0.0,1,0
2020-06-03,center_phoenix,Phoenix,890,43.2,0.0,2,0
2020-06-04,center_phoenix,Phoenix,876,42.9,0.0,3,0
2020-06-05,center_phoenix,Phoenix,735,42.2,0.0,4,0
2020-06-06,center_phoenix,Phoenix,639,40.3,0.0,5,0
2020-06-07,center_phoenix,Phoenix,604,34.4,0.0,6,0
2020-06-08,center_phoenix,Phoenix,1147,33.8,0.0,0,0
2020-06-09,center_phoenix,Phoenix,1154,33.8,0.0,1,0
2020-06-10,center_phoenix,Phoenix,911,39.0,0.0,2,0
2020-06-11,center_phoenix,Phoenix,958,41.5,0.0,3,0
2020-06-12,center_phoenix,Phoenix,830,41.1,0.0,4,0
2020-06-13,center_phoenix,Phoenix,643,40.5,0.0,5,0
2020-06-14,center_phoenix,Phoenix,446,40.0,0.0,6,0
2020-06-15,center_phoenix,Phoenix,818,40.7,0.0,0,0
2020-06-16,center_phoenix,Phoenix,900,40.4,0.0,1,0
2020-06-17,center_phoenix,Phoenix,1009,39.2,0.0,2,0
2020-06-18,center_phoenix,Phoenix,820,37.9,0.0,3,0
2020-06-19,center_phoenix,Phoenix,732,38.2,0.0,4,0
2020-06-20,center_phoenix,Phoenix,600,40.2,0.0,5,0
2020-06-21,center_phoenix,Phoenix,531,41.4,0.0,6,0
2020-06-22,center_phoenix,Phoenix,884,41.6,0.0,0,0
2020-06-23,center_phoenix,Phoenix,954,42.3,0.0,1,0
2020-06-24,center_phoenix,Phoenix,940,43.2,0.0,2,0
2020-06-25,center_phoenix,Phoenix,985,42.8,0.0,3,0
2020-06-26,center_phoenix,Phoenix,795,42.1,0.0,4,0
2020-06-27,center_phoenix,Phoenix,654,41.3,0.0,5,0
2020-06-28,center_phoenix,Phoenix,475,39.8,0.0,6,0
2020-06-29,center_phoenix,Phoenix,954,38.7,0.0,0,0
2020-06-30,center_phoenix,Phoenix,1013,36.8,0.0,1,0
2020-07-01,center_phoenix,Phoenix,1020,39.2,0.0,2,0
2020-07-02,center_phoenix,Phoenix,964,38.6,0.0,3,0
2020-07-03,center_phoenix,Phoenix,359,37.7,0.0,4,1
2020-07-04,center_phoenix,Phoenix,308,42.2,0.0,5,1
2020-07-05,center_phoenix,Phoenix,497,43.6,0.0,6,0
2020-07-06,center_phoenix,Phoenix,922,43.5,0.0,0,0
2020-07-07,center_phoenix,Phoenix,998,43.1,0.0,1,0
2020-07-08,center_phoenix,Phoenix,909,42.5,0.0,2,0
2020-07-09,center_phoenix,Phoenix,916,42.6,0.0,3,0
2020-07-10,center_phoenix,Phoenix,742,43.7,0.0,4,0
2020-07-11,center_phoenix,Phoenix,628,46.5,0.0,5,0
2020-07-12,center_phoenix,Phoenix,458,45.0,0.0,6,0
2020-07-13,center_phoenix,Phoenix,970,45.0,0.0,0,0
2020-07-14,center_phoenix,Phoenix,992,42.7,0.0,1,0
2020-07-15,center_phoenix,Phoenix,909,42.6,0.0,2,0
2020-07-16,center_phoenix,Phoenix,865,43.3,0.0,3,0
2020-07-17,center_phoenix,Phoenix,813,42.2,0.0,4,0
2020-07-18,center_phoenix,Phoenix,642,42.8,0.0,5,0
2020-07-19,center_phoenix,Phoenix,490,43.0,0.0,6,0
2020-07-20,center_phoenix,Phoenix,877,42.0,0.0,0,0
2020-07-21,center_phoenix,Phoenix,880,42.0,0.0,1,0
2020-07-22,center_phoenix,Phoenix,968,41.2,0.0,2,0
2020-07-23,center_phoenix,Phoenix,969,39.8,0.2,3,0
2020-07-24,center_phoenix,Phoenix,788,36.5,0.3,4,0
2020-07-25,center_phoenix,Phoenix,598,39.3,0.1,5,0
2020-07-26,center_phoenix,Phoenix,512,41.5,0.0,6,0
2020-07-27,center_phoenix,Phoenix,829,41.8,0.0,0,0
2020-07-28,center_phoenix,Phoenix,967,43.8,0.0,1,0
2020-07-29,center_phoenix,Phoenix,911,45.0,0.0,2,0
2020-07-30,center_phoenix,Phoenix,946,47.2,0.0,3,0
2020-07-31,center_phoenix,Phoenix,713,47.0,0.0,4,0
2020-08-01,center_phoenix,Phoenix,560,45.5,0.0,5,0
2020-08-02,center_phoenix,Phoenix,511,43.8,0.0,6,0
2020-08-03,center_phoenix,Phoenix,834,44.2,0.0,0,0
2020-08-04,center_phoenix,Phoenix,1000,43.1,0.0,1,0
2020-08-05,center_phoenix,Phoenix,935,42.2,0.0,2,0
2020-08-06,center_phoenix,Phoenix,872,41.8,0.0,3,0
2020-08-07,center_phoenix,Phoenix,828,41.2,0.0,4,0
2020-08-08,center_phoenix,Phoenix,565,43.0,0.0,5,0
2020-08-09,center_phoenix,Phoenix,538,43.2,0.0,6,0
2020-08-10,center_phoenix,Phoenix,808,43.2,0.0,0,0
2020-08-11,center_phoenix,Phoenix,975,42.5,0.0,1,0
2020-08-12,center_phoenix,Phoenix,934,42.7,0.0,2,0
2020-08-13,center_phoenix,Phoenix,878,44.7,0.0,3,0
2020-08-14,center_phoenix,Phoenix,742,46.0,0.0,4,0
2020-08-15,center_phoenix,Phoenix,643,45.6,0.0,5,0
2020-08-16,center_phoenix,Phoenix,472,44.5,0.0,6,0
2020-08-17,center_phoenix,Phoenix,882,44.3,0.0,0,0
2020-08-18,center_phoenix,Phoenix,917,44.0,0.0,1,0
2020-08-19,center_phoenix,Phoenix,896,44.1,0.0,2,0
2020-08-20,center_phoenix,Phoenix,961,43.8,0.0,3,0
2020-08-21,center_phoenix,Phoenix,824,39.7,0.0,4,0
2020-08-22,center_phoenix,Phoenix,564,40.7,0.0,5,0
2020-08-23,center_phoenix,Phoenix,536,41.8,0.0,6,0
2020-08-24,center_phoenix,Phoenix,924,45.0,0.0,0,0
2020-08-25,center_phoenix,Phoenix,1026,44.5,0.0,1,0
2020-08-26,center_phoenix,Phoenix,876,43.7,0.0,2,0
2020-08-27,center_phoenix,Phoenix,926,43.0,0.0,3,0
2020-08-28,center_phoenix,Phoenix,715,43.5,0.0,4,0
2020-08-29,center_phoenix,Phoenix,577,42.7,0.0,5,0
2020-08-30,center_phoenix,Phoenix,606,34.9,0.7,6,0
2020-08-31,center_phoenix,Phoenix,927,36.8,0.0,0,0
2020-09-01,center_phoenix,Phoenix,1006,37.3,0.2,1,0
2020-09-02,center_phoenix,Phoenix,953,39.3,0.0,2,0
2020-09-03,center_phoenix,Phoenix,978,42.0,0.0,3,0
2020-09-04,center_phoenix,Phoenix,739,44.1,0.0,4,0
2020-09-05,center_phoenix,Phoenix,597,44.9,0.0,5,0
2020-09-06,center_phoenix,Phoenix,489,44.1,0.0,6,0
2020-09-07,center_phoenix,Phoenix,478,43.5,0.0,0,1
2020-09-08,center_phoenix,Phoenix,991,41.0,0.0,1,0
2020-09-09,center_phoenix,Phoenix,929,35.2,0.0,2,0
2020-09-10,center_phoenix,Phoenix,1053,32.5,0.0,3,0
2020-09-11,center_phoenix,Phoenix,711,35.2,0.0,4,0
2020-09-12,center_phoenix,Phoenix,654,36.9,0.0,5,0
2020-09-13,center_phoenix,Phoenix,485,39.0,0.0,6,0
2020-09-14,center_phoenix,Phoenix,852,38.9,0.0,0,0
2020-09-15,center_phoenix,Phoenix,845,38.8,0.0,1,0
2020-09-16,center_phoenix,Phoenix,845,41.7,0.0,2,0
2020-09-17,center_phoenix,Phoenix,858,41.2,0.0,3,0
2020-09-18,center_phoenix,Phoenix,827,40.4,0.0,4,0
2020-09-19,center_phoenix,Phoenix,647,39.5,0.0,5,0
2020-09-20,center_phoenix,Phoenix,508,39.3,0.0,6,0
2020-09-21,center_phoenix,Phoenix,982,39.4,0.0,0,0
2020-09-22,center_phoenix,Phoenix,925,37.8,0.0,1,0
2020-09-23,center_phoenix,Phoenix,961,39.1,0.0,2,0
2020-09-24,center_phoenix,Phoenix,937,39.8,0.0,3,0
2020-09-25,center_phoenix,Phoenix,736,39.2,0.0,4,0
2020-09-26,center_phoenix,Phoenix,597,38.4,0.0,5,0
2020-09-27,center_phoenix,Phoenix,444,37.5,0.0,6,0
2020-09-28,center_phoenix,Phoenix,857,38.5,0.0,0,0
2020-09-29,center_phoenix,Phoenix,961,38.5,0.0,1,0
2020-09-30,center_phoenix,Phoenix,876,39.0,0.0,2,0
2020-10-01,center_phoenix,Phoenix,851,40.1,0.0,3,0
2020-10-02,center_phoenix,Phoenix,848,40.2,0.0,4,0
2020-10-03,center_phoenix,Phoenix,633,39.3,0.0,5,0
2020-10-04,center_phoenix,Phoenix,537,39.2,0.0,6,0
2020-10-05,center_phoenix,Phoenix,921,38.9,0.0,0,0
2020-10-06,center_phoenix,Phoenix,947,38.9,0.0,1,0
2020-10-07,center_phoenix,Phoenix,1017,38.2,0.0,2,0
2020-10-08,center_phoenix,Phoenix,961,37.3,0.0,3,0
2020-10-09,center_phoenix,Phoenix,783,36.0,0.0,4,0
2020-10-10,center_phoenix,Phoenix,749,35.0,0.0,5,0
2020-10-11,center_phoenix,Phoenix,669,33.0,0.0,6,0
2020-10-12,center_phoenix,Phoenix,454,35.6,0.0,0,1
2020-10-13,center_phoenix,Phoenix,920,36.8,0.0,1,0
2020-10-14,center_phoenix,Phoenix,884,36.7,0.0,2,0
2020-10-15,center_phoenix,Phoenix,910,35.8,0.0,3,0
2020-10-16,center_phoenix,Phoenix,776,37.7,0.0,4,0
2020-10-17,center_phoenix,Phoenix,656,36.8,0.0,5,0
2020-10-18,center_phoenix,Phoenix,555,34.5,0.0,6,0
2020-10-19,center_phoenix,Phoenix,1043,34.7,0.0,0,0
2020-10-20,center_phoenix,Phoenix,1254,35.0,0.0,1,0
2020-10-21,center_phoenix,Phoenix,1279,34.5,0.0,2,0
2020-10-22,center_phoenix,Phoenix,1089,33.8,0.0,3,0
2020-10-23,center_phoenix,Phoenix,1015,32.2,0.0,4,0
2020-10-24,center_phoenix,Phoenix,697,31.5,0.0,5,0
2020-10-25,center_phoenix,Phoenix,575,28.9,0.0,6,0
2020-10-26,center_phoenix,Phoenix,1151,28.5,0.0,0,0
2020-10-27,center_phoenix,Phoenix,1289,19.4,0.0,1,0
2020-10-28,center_phoenix,Phoenix,1076,20.3,0.0,2,0
2020-10-29,center_phoenix,Phoenix,1095,28.1,0.0,3,0
2020-10-30,center_phoenix,Phoenix,892,30.1,0.0,4,0
2020-10-31,center_phoenix,Phoenix,826,29.8,0.0,5,0
2020-11-01,center_phoenix,Phoenix,610,34.8,0.0,6,0
2020-11-02,center_phoenix,Phoenix,1175,34.0,0.0,0,0
2020-11-03,center_phoenix,Phoenix,1072,33.5,0.0,1,0
2020-11-04,center_phoenix,Phoenix,1262,32.5,0.0,2,0
2020-11-05,center_phoenix,Phoenix,934,35.3,0.0,3,0
2020-11-06,center_phoenix,Phoenix,884,31.6,0.0,4,0
2020-11-07,center_phoenix,Phoenix,735,27.9,0.9,5,0
2020-11-08,center_phoenix,Phoenix,593,20.8,0.1,6,0
2020-11-09,center_phoenix,Phoenix,1011,17.4,0.8,0,0
2020-11-10,center_phoenix,Phoenix,1090,17.8,0.0,1,0
2020-11-11,center_phoenix,Phoenix,613,19.9,0.0,2,1
2020-11-12,center_phoenix,Phoenix,1136,21.5,0.0,3,0
2020-11-13,center_phoenix,Phoenix,1050,23.2,0.0,4,0
2020-11-14,center_phoenix,Phoenix,769,22.9,0.0,5,0
2020-11-15,center_phoenix,Phoenix,637,26.4,0.0,6,0
2020-11-16,center_phoenix,Phoenix,1033,32.2,0.0,0,0
2020-11-17,center_phoenix,Phoenix,1221,32.0,0.0,1,0
2020-11-18,center_phoenix,Phoenix,1076,29.9,0.0,2,0
2020-11-19,center_phoenix,Phoenix,1191,28.7,0.0,3,0
2020-11-20,center_phoenix,Phoenix,892,29.6,0.0,4,0
2020-11-21,center_phoenix,Phoenix,753,28.9,0.0,5,0
2020-11-22,center_phoenix,Phoenix,631,27.6,0.0,6,0
2020-11-23,center_phoenix,Phoenix,1020,25.4,0.0,0,0
2020-11-24,center_phoenix,Phoenix,1209,22.9,0.0,1,0
2020-11-25,center_phoenix,Phoenix,1153,20.2,0.0,2,0
2020-11-26,center_phoenix,Phoenix,513,20.3,0.0,3,1
2020-11-27,center_phoenix,Phoenix,964,18.6,0.0,4,0
2020-11-28,center_phoenix,Phoenix,693,19.5,0.0,5,0
2020-11-29,center_phoenix,Phoenix,588,21.4,0.0,6,0
2020-11-30,center_phoenix,Phoenix,1219,22.4,0.0,0,0
2020-12-01,center_phoenix,Phoenix,1262,20.5,0.0,1,0
2020-12-02,center_phoenix,Phoenix,1202,19.9,0.0,2,0
2020-12-03,center_phoenix,Phoenix,1158,17.8,0.0,3,0
2020-12-04,center_phoenix,Phoenix,981,18.0,0.0,4,0
2020-12-05,center_phoenix,Phoenix,802,20.6,0.0,5,0
2020-12-06,center_phoenix,Phoenix,569,21.3,0.0,6,0
2020-12-07,center_phoenix,Phoenix,1129,25.9,0.0,0,0
2020-12-08,center_phoenix,Phoenix,1183,26.4,0.0,1,0
2020-12-09,center_phoenix,Phoenix,1080,25.7,0.0,2,0
2020-12-10,center_phoenix,Phoenix,1045,23.8,13.2,3,0
2020-12-11,center_phoenix,Phoenix,1049,16.1,0.0,4,0
2020-12-12,center_phoenix,Phoenix,691,17.6,0.0,5,0
2020-12-13,center_phoenix,Phoenix,563,15.1,0.0,6,0
2020-12-14,center_phoenix,Phoenix,1096,15.8,0.0,0,0
2020-12-15,center_phoenix,Phoenix,1278,15.4,0.0,1,0
2020-12-16,center_phoenix,Phoenix,1151,16.1,0.0,2,0
2020-12-17,center_phoenix,Phoenix,1145,19.0,0.0,3,0
2020-12-18,center_phoenix,Phoenix,1014,17.4,0.0,4,0
2020-12-19,center_phoenix,Phoenix,728,17.8,0.0,5,0
2020-12-20,center_phoenix,Phoenix,663,19.1,0.0,6,0
2020-12-21,center_phoenix,Phoenix,1204,23.6,0.0,0,0
2020-12-22,center_phoenix,Phoenix,1113,21.2,0.0,1,0
2020-12-23,center_phoenix,Phoenix,1280,19.7,0.0,2,0
2020-12-24,center_phoenix,Phoenix,1200,16.5,0.0,3,0
2020-12-25,center_phoenix,Phoenix,471,19.5,0.1,4,1
2020-12-26,center_phoenix,Phoenix,707,19.5,0.0,5,0
2020-12-27,center_phoenix,Phoenix,616,20.8,0.0,6,0
2020-12-28,center_phoenix,Phoenix,1119,19.0,0.3,0,0
2020-12-29,center_phoenix,Phoenix,1158,14.8,0.2,1,0
2020-12-30,center_phoenix,Phoenix,1262,17.8,0.0,2,0
2020-12-31,center_phoenix,Phoenix,1209,15.2,0.0,3,0
2021-01-01,center_phoenix,Phoenix,468,17.1,0.0,4,1
2021-01-02,center_phoenix,Phoenix,817,16.2,0.0,5,0
2021-01-03,center_phoenix,Phoenix,552,16.5,0.0,6,0
2021-01-04,center_phoenix,Phoenix,1090,19.5,0.0,0,0
2021-01-05,center_phoenix,Phoenix,1094,20.4,0.0,1,0
2021-01-06,center_phoenix,Phoenix,1166,20.5,0.0,2,0
2021-01-07,center_phoenix,Phoenix,1090,20.5,0.0,3,0
2021-01-08,center_phoenix,Phoenix,875,20.0,0.0,4,0
2021-01-09,center_phoenix,Phoenix,805,18.9,0.0,5,0
2021-01-10,center_phoenix,Phoenix,609,17.8,0.0,6,0
2021-01-11,center_phoenix,Phoenix,1117,18.0,0.0,0,0
2021-01-12,center_phoenix,Phoenix,1188,17.8,0.0,1,0
2021-01-13,center_phoenix,Phoenix,1181,18.8,0.0,2,0
2021-01-14,center_phoenix,Phoenix,1049,22.3,0.0,3,0
2021-01-15,center_phoenix,Phoenix,919,24.4,0.0,4,0
2021-01-16,center_phoenix,Phoenix,788,25.0,0.0,5,0
2021-01-17,center_phoenix,Phoenix,581,24.1,0.0,6,0
2021-01-18,center_phoenix,Phoenix,585,23.0,0.0,0,1
2021-01-19,center_phoenix,Phoenix,1279,22.4,1.5,1,0
2021-01-20,center_phoenix,Phoenix,1193,21.9,0.0,2,0
2021-01-21,center_phoenix,Phoenix,1185,21.6,0.8,3,0
2021-01-22,center_phoenix,Phoenix,1011,20.2,2.5,4,0
2021-01-23,center_phoenix,Phoenix,697,16.5,2.5,5,0
2021-01-24,center_phoenix,Phoenix,605,14.1,13.4,6,0
2021-01-25,center_phoenix,Phoenix,911,11.4,11.5,0,0
2021-01-26,center_phoenix,Phoenix,863,9.8,5.1,1,0
2021-01-27,center_phoenix,Phoenix,1225,15.1,0.0,2,0
2021-01-28,center_phoenix,Phoenix,1151,20.4,0.0,3,0
2021-01-29,center_phoenix,Phoenix,939,18.0,0.9,4,0
2021-01-30,center_phoenix,Phoenix,759,14.8,2.3,5,0
2021-01-31,center_phoenix,Phoenix,565,20.5,0.0,6,0
2021-02-01,center_phoenix,Phoenix,1081,22.4,0.0,0,0
2021-02-02,center_phoenix,Phoenix,1124,24.6,0.0,1,0
2021-02-03,center_phoenix,Phoenix,1141,25.3,0.0,2,0
2021-02-04,center_phoenix,Phoenix,1031,24.5,0.0,3,0
2021-02-05,center_phoenix,Phoenix,952,21.0,0.0,4,0
2021-02-06,center_phoenix,Phoenix,733,21.2,0.0,5,0
2021-02-07,center_phoenix,Phoenix,597,21.6,0.0,6,0
2021-02-08,center_phoenix,Phoenix,1141,23.3,0.0,0,0
2021-02-09,center_phoenix,Phoenix,1140,23.0,0.0,1,0
2021-02-10,center_phoenix,Phoenix,1245,22.0,0.0,2,0
2021-02-11,center_phoenix,Phoenix,1185,23.6,0.0,3,0
2021-02-12,center_phoenix,Phoenix,874,23.0,0.0,4,0
2021-02-13,center_phoenix,Phoenix,804,21.6,0.0,5,0
2021-02-14,center_phoenix,Phoenix,652,19.7,0.3,6,0
2021-02-15,center_phoenix,Phoenix,509,18.1,0.0,0,1
2021-02-16,center_phoenix,Phoenix,1204,21.1,0.2,1,0
2021-02-17,center_phoenix,Phoenix,1116,19.5,0.0,2,0
2021-02-18,center_phoenix,Phoenix,1092,17.5,0.0,3,0
2021-02-19,center_phoenix,Phoenix,953,20.9,0.0,4,0
2021-02-20,center_phoenix,Phoenix,741,24.0,0.0,5,0
2021-02-21,center_phoenix,Phoenix,647,23.0,0.0,6,0
2021-02-22,center_phoenix,Phoenix,1205,23.8,0.0,0,0
2021-02-23,center_phoenix,Phoenix,1196,25.3,0.0,1,0
2021-02-24,center_phoenix,Phoenix,1206,25.4,0.0,2,0
2021-02-25,center_phoenix,Phoenix,1026,24.7,0.0,3,0
2021-02-26,center_phoenix,Phoenix,1019,20.9,0.0,4,0
2021-02-27,center_phoenix,Phoenix,696,21.2,0.0,5,0
2021-02-28,center_phoenix,Phoenix,592,20.6,0.0,6,0
2021-03-01,center_phoenix,Phoenix,1145,20.9,0.0,0,0
2021-03-02,center_phoenix,Phoenix,1230,25.4,0.0,1,0
2021-03-03,center_phoenix,Phoenix,1088,27.5,0.0,2,0
2021-03-04,center_phoenix,Phoenix,1111,23.6,1.9,3,0
2021-03-05,center_phoenix,Phoenix,952,26.7,0.0,4,0
2021-03-06,center_phoenix,Phoenix,783,28.8,0.0,5,0
2021-03-07,center_phoenix,Phoenix,586,29.3,0.0,6,0
2021-03-08,center_phoenix,Phoenix,1103,29.1,0.0,0,0
2021-03-09,center_phoenix,Phoenix,1183,27.2,0.0,1,0
2021-03-10,center_phoenix,Phoenix,1185,22.2,0.0,2,0
2021-03-11,center_phoenix,Phoenix,1182,18.5,0.0,3,0
2021-03-12,center_phoenix,Phoenix,1047,17.6,3.8,4,0
2021-03-13,center_phoenix,Phoenix,837,14.2,2.0,5,0
2021-03-14,center_phoenix,Phoenix,584,18.2,0.8,6,0
2021-03-15,center_phoenix,Phoenix,1034,20.2,0.0,0,0
2021-03-16,center_phoenix,Phoenix,1135,20.9,0.0,1,0
2021-03-17,center_phoenix,Phoenix,1067,21.0,0.0,2,0
2021-03-18,center_phoenix,Phoenix,1021,26.4,0.0,3,0
2021-03-19,center_phoenix,Phoenix,940,28.1,0.0,4,0
2021-03-20,center_phoenix,Phoenix,747,28.8,0.0,5,0
2021-03-21,center_phoenix,Phoenix,652,27.6,0.0,6,0
2021-03-22,center_phoenix,Phoenix,1087,23.0,0.0,0,0
2021-03-23,center_phoenix,Phoenix,1109,21.0,1.3,1,0
2021-03-24,center_phoenix,Phoenix,1216,22.0,2.0,2,0
2021-03-25,center_phoenix,Phoenix,1162,22.9,0.0,3,0
2021-03-26,center_phoenix,Phoenix,900,20.4,1.1,4,0
2021-03-27,center_phoenix,Phoenix,823,26.1,0.0,5,0
2021-03-28,center_phoenix,Phoenix,634,29.0,0.0,6,0
2021-03-29,center_phoenix,Phoenix,1010,31.0,0.0,0,0
2021-03-30,center_phoenix,Phoenix,1170,30.0,0.0,1,0
2021-03-31,center_phoenix,Phoenix,1265,30.2,0.0,2,0
2021-04-01,center_phoenix,Phoenix,1014,34.7,0.0,3,0
2021-04-02,center_phoenix,Phoenix,1018,32.8,0.5,4,0
2021-04-03,center_phoenix,Phoenix,614,35.2,0.0,5,0
2021-04-04,center_phoenix,Phoenix,477,36.0,0.0,6,0
2021-04-05,center_phoenix,Phoenix,870,35.5,0.0,0,0
2021-04-06,center_phoenix,Phoenix,1276,34.3,0.0,1,0
2021-04-07,center_phoenix,Phoenix,1209,32.2,0.0,2,0
2021-04-08,center_phoenix,Phoenix,1182,33.7,0.0,3,0
2021-04-09,center_phoenix,Phoenix,1007,33.5,0.0,4,0
2021-04-10,center_phoenix,Phoenix,700,33.5,0.0,5,0
2021-04-11,center_phoenix,Phoenix,596,32.5,0.0,6,0
2021-04-12,center_phoenix,Phoenix,1012,32.2,0.0,0,0
2021-04-13,center_phoenix,Phoenix,1084,31.4,0.0,1,0
2021-04-14,center_phoenix,Phoenix,1164,30.0,0.0,2,0
2021-04-15,center_phoenix,Phoenix,1211,28.5,0.0,3,0
2021-04-16,center_phoenix,Phoenix,923,27.6,0.0,4,0
2021-04-17,center_phoenix,Phoenix,774,29.3,0.0,5,0
2021-04-18,center_phoenix,Phoenix,657,28.3,0.0,6,0
2021-04-19,center_phoenix,Phoenix,1080,30.1,0.0,0,0
2021-04-20,center_phoenix,Phoenix,1284,32.8,0.0,1,0
2021-04-21,center_phoenix,Phoenix,1245,32.2,0.0,2,0
2021-04-22,center_phoenix,Phoenix,1087,30.0,0.0,3,0
2021-04-23,center_phoenix,Phoenix,940,28.6,0.0,4,0
2021-04-24,center_phoenix,Phoenix,822,32.1,0.0,5,0
2021-04-25,center_phoenix,Phoenix,553,33.0,0.0,6,0
2021-04-26,center_phoenix,Phoenix,1204,32.0,0.0,0,0
2021-04-27,center_phoenix,Phoenix,1231,24.5,0.8,1,0
2021-04-28,center_phoenix,Phoenix,1287,27.0,0.0,2,0
2021-04-29,center_phoenix,Phoenix,1123,34.0,0.0,3,0
2021-04-30,center_phoenix,Phoenix,841,35.5,0.0,4,0
2021-05-01,center_phoenix,Phoenix,554,36.6,0.0,5,0
2021-05-02,center_phoenix,Phoenix,483,35.5,0.0,6,0
2021-05-03,center_phoenix,Phoenix,1063,31.7,0.0,0,0
2021-05-04,center_phoenix,Phoenix,1080,33.7,0.0,1,0
2021-05-05,center_phoenix,Phoenix,918,36.4,0.0,2,0
2021-05-06,center_phoenix,Phoenix,873,37.5,0.0,3,0
2021-05-07,center_phoenix,Phoenix,792,36.8,0.0,4,0
2021-05-08,center_phoenix,Phoenix,816,33.9,0.0,5,0
2021-05-09,center_phoenix,Phoenix,575,34.2,0.0,6,0
2021-05-10,center_phoenix,Phoenix,1051,34.2,0.0,0,0
2021-05-11,center_phoenix,Phoenix,1182,34.0,0.0,1,0
2021-05-12,center_phoenix,Phoenix,938,36.8,0.0,2,0
2021-05-13,center_phoenix,Phoenix,944,38.0,0.0,3,0
2021-05-14,center_phoenix,Phoenix,780,37.5,0.0,4,0
2021-05-15,center_phoenix,Phoenix,663,36.3,0.0,5,0
2021-05-16,center_phoenix,Phoenix,564,34.8,0.0,6,0
2021-05-17,center_phoenix,Phoenix,1230,31.3,0.0,0,0
2021-05-18,center_phoenix,Phoenix,1090,34.0,0.0,1,0
2021-05-19,center_phoenix,Phoenix,905,37.2,0.0,2,0
2021-05-20,center_phoenix,Phoenix,970,36.3,0.0,3,0
2021-05-21,center_phoenix,Phoenix,1025,34.6,1.5,4,0
2021-05-22,center_phoenix,Phoenix,797,27.9,0.0,5,0
2021-05-23,center_phoenix,Phoenix,557,30.0,0.0,6,0
2021-05-24,center_phoenix,Phoenix,1179,33.7,0.0,0,0
2021-05-25,center_phoenix,Phoenix,1001,35.8,0.0,1,0
2021-05-26,center_phoenix,Phoenix,972,35.2,0.0,2,0
2021-05-27,center_phoenix,Phoenix,860,36.7,0.0,3,0
2021-05-28,center_phoenix,Phoenix,833,37.5,0.0,4,0
2021-05-29,center_phoenix,Phoenix,650,37.8,0.0,5,0
2021-05-30,center_phoenix,Phoenix,466,37.3,0.0,6,0
2021-05-31,center_phoenix,Phoenix,442,37.5,0.0,0,1
2021-06-01,center_phoenix,Phoenix,912,39.0,0.0,1,0
2021-06-02,center_phoenix,Phoenix,965,40.0,0.0,2,0
2021-06-03,center_phoenix,Phoenix,934,40.3,0.0,3,0
2021-06-04,center_phoenix,Phoenix,845,41.0,0.0,4,0
2021-06-05,center_phoenix,Phoenix,667,41.3,0.0,5,0
2021-06-06,center_phoenix,Phoenix,512,39.8,0.0,6,0
2021-06-07,center_phoenix,Phoenix,927,38.7,0.0,0,0
2021-06-08,center_phoenix,Phoenix,916,38.3,0.0,1,0
2021-06-09,center_phoenix,Phoenix,977,38.7,0.0,2,0
2021-06-10,center_phoenix,Phoenix,883,37.7,0.0,3,0
2021-06-11,center_phoenix,Phoenix,819,39.4,0.0,4,0
2021-06-12,center_phoenix,Phoenix,598,42.3,0.0,5,0
2021-06-13,center_phoenix,Phoenix,477,44.7,0.0,6,0
2021-06-14,center_phoenix,Phoenix,974,46.5,0.0,0,0
2021-06-15,center_phoenix,Phoenix,1020,46.2,0.0,1,0
2021-06-16,center_phoenix,Phoenix,964,45.5,0.0,2,0
2021-06-17,center_phoenix,Phoenix,899,45.8,0.0,3,0
2021-06-18,center_phoenix,Phoenix,421,46.2,0.0,4,1
2021-06-19,center_phoenix,Phoenix,305,45.3,0.0,5,1
2021-06-20,center_phoenix,Phoenix,531,45.2,0.0,6,0
2021-06-21,center_phoenix,Phoenix,982,44.0,0.0,0,0
2021-06-22,center_phoenix,Phoenix,897,41.4,0.0,1,0
2021-06-23,center_phoenix,Phoenix,804,39.5,5.5,2,0
2021-06-24,center_phoenix,Phoenix,951,38.1,0.0,3,0
2021-06-25,center_phoenix,Phoenix,781,40.6,0.0,4,0
2021-06-26,center_phoenix,Phoenix,653,41.5,0.0,5,0
2021-06-27,center_phoenix,Phoenix,505,44.6,0.0,6,0
2021-06-28,center_phoenix,Phoenix,947,43.5,0.0,0,0
2021-06-29,center_phoenix,Phoenix,940,40.6,0.0,1,0
2021-06-30,center_phoenix,Phoenix,997,39.2,0.0,2,0
2021-07-01,center_phoenix,Phoenix,981,40.3,0.0,3,0
2021-07-02,center_phoenix,Phoenix,807,40.8,0.1,4,0
2021-07-03,center_phoenix,Phoenix,551,38.8,0.0,5,0
2021-07-04,center_phoenix,Phoenix,209,37.2,13.7,6,1
2021-07-05,center_phoenix,Phoenix,458,40.5,0.0,0,1
2021-07-06,center_phoenix,Phoenix,921,43.2,0.0,1,0
2021-07-07,center_phoenix,Phoenix,1018,43.5,0.0,2,0
2021-07-08,center_phoenix,Phoenix,985,43.2,0.0,3,0
2021-07-09,center_phoenix,Phoenix,850,42.7,0.1,4,0
2021-07-10,center_phoenix,Phoenix,642,43.2,0.0,5,0
2021-07-11,center_phoenix,Phoenix,488,43.7,0.0,6,0
2021-07-12,center_phoenix,Phoenix,969,42.3,0.0,0,0
2021-07-13,center_phoenix,Phoenix,1013,39.8,0.0,1,0
2021-07-14,center_phoenix,Phoenix,739,40.3,20.7,2,0
2021-07-15,center_phoenix,Phoenix,876,40.0,0.1,3,0
2021-07-16,center_phoenix,Phoenix,758,39.2,0.3,4,0
2021-07-17,center_phoenix,Phoenix,593,38.7,0.2,5,0
2021-07-18,center_phoenix,Phoenix,497,37.5,1.0,6,0
2021-07-19,center_phoenix,Phoenix,982,38.0,1.6,0,0
2021-07-20,center_phoenix,Phoenix,870,37.8,1.1,1,0
2021-07-21,center_phoenix,Phoenix,1015,40.1,0.6,2,0
2021-07-22,center_phoenix,Phoenix,876,39.8,0.0,3,0
2021-07-23,center_phoenix,Phoenix,678,39.0,18.3,4,0
2021-07-24,center_phoenix,Phoenix,588,25.5,85.8,5,0
2021-07-25,center_phoenix,Phoenix,421,25.8,43.1,6,0
2021-07-26,center_phoenix,Phoenix,918,32.0,8.2,0,0
2021-07-27,center_phoenix,Phoenix,994,35.3,0.0,1,0
2021-07-28,center_phoenix,Phoenix,922,37.3,0.0,2,0
2021-07-29,center_phoenix,Phoenix,979,37.8,0.4,3,0
2021-07-30,center_phoenix,Phoenix,793,37.2,0.0,4,0
2021-07-31,center_phoenix,Phoenix,573,35.6,0.0,5,0
2021-08-01,center_phoenix,Phoenix,454,36.9,0.0,6,0
2021-08-02,center_phoenix,Phoenix,896,41.3,0.0,0,0
2021-08-03,center_phoenix,Phoenix,1023,43.2,0.0,1,0
2021-08-04,center_phoenix,Phoenix,954,45.2,0.0,2,0
2021-08-05,center_phoenix,Phoenix,979,44.2,0.0,3,0
2021-08-06,center_phoenix,Phoenix,766,41.8,0.0,4,0
2021-08-07,center_phoenix,Phoenix,623,41.0,0.0,5,0
2021-08-08,center_phoenix,Phoenix,482,40.8,0.0,6,0
2021-08-09,center_phoenix,Phoenix,983,40.0,0.0,0,0
2021-08-10,center_phoenix,Phoenix,1156,33.8,1.0,1,0
2021-08-11,center_phoenix,Phoenix,815,32.0,26.0,2,0
2021-08-12,center_phoenix,Phoenix,911,30.4,27.6,3,0
2021-08-13,center_phoenix,Phoenix,893,32.4,0.3,4,0
2021-08-14,center_phoenix,Phoenix,731,31.0,2.9,5,0
2021-08-15,center_phoenix,Phoenix,631,33.3,0.0,6,0
2021-08-16,center_phoenix,Phoenix,1233,34.5,0.6,0,0
2021-08-17,center_phoenix,Phoenix,1124,31.1,2.3,1,0
2021-08-18,center_phoenix,Phoenix,850,32.0,31.0,2,0
2021-08-19,center_phoenix,Phoenix,1137,31.7,0.2,3,0
2021-08-20,center_phoenix,Phoenix,1021,32.8,0.1,4,0
2021-08-21,center_phoenix,Phoenix,742,34.8,0.0,5,0
2021-08-22,center_phoenix,Phoenix,504,36.4,0.0,6,0
2021-08-23,center_phoenix,Phoenix,822,39.7,0.0,0,0
2021-08-24,center_phoenix,Phoenix,891,39.9,0.0,1,0
2021-08-25,center_phoenix,Phoenix,912,42.3,0.0,2,0
2021-08-26,center_phoenix,Phoenix,873,43.7,0.0,3,0
2021-08-27,center_phoenix,Phoenix,740,43.5,0.0,4,0
2021-08-28,center_phoenix,Phoenix,618,42.3,0.0,5,0
2021-08-29,center_phoenix,Phoenix,500,40.5,0.0,6,0
2021-08-30,center_phoenix,Phoenix,905,40.5,0.0,0,0
2021-08-31,center_phoenix,Phoenix,878,39.0,0.8,1,0
2021-09-01,center_phoenix,Phoenix,1133,31.5,16.5,2,0
2021-09-02,center_phoenix,Phoenix,1118,32.2,2.3,3,0
2021-09-03,center_phoenix,Phoenix,777,36.8,0.0,4,0
2021-09-04,center_phoenix,Phoenix,581,40.5,0.0,5,0
2021-09-05,center_phoenix,Phoenix,440,41.1,0.0,6,0
2021-09-06,center_phoenix,Phoenix,431,40.2,0.0,0,1
2021-09-07,center_phoenix,Phoenix,1001,41.9,0.0,1,0
2021-09-08,center_phoenix,Phoenix,932,40.5,0.0,2,0
2021-09-09,center_phoenix,Phoenix,948,42.9,0.0,3,0
2021-09-10,center_phoenix,Phoenix,851,41.8,0.0,4,0
2021-09-11,center_phoenix,Phoenix,605,41.0,0.0,5,0
2021-09-12,center_phoenix,Phoenix,485,41.8,0.0,6,0
2021-09-13,center_phoenix,Phoenix,826,41.8,0.0,0,0
2021-09-14,center_phoenix,Phoenix,1024,40.8,0.0,1,0
2021-09-15,center_phoenix,Phoenix,959,40.5,0.0,2,0
2021-09-16,center_phoenix,Phoenix,874,39.8,0.0,3,0
2021-09-17,center_phoenix,Phoenix,727,38.8,0.0,4,0
2021-09-18,center_phoenix,Phoenix,635,36.2,0.0,5,0
2021-09-19,center_phoenix,Phoenix,454,37.2,0.0,6,0
2021-09-20,center_phoenix,Phoenix,931,36.8,0.0,0,0
2021-09-21,center_phoenix,Phoenix,916,38.3,0.0,1,0
2021-09-22,center_phoenix,Phoenix,893,39.5,0.0,2,0
2021-09-23,center_phoenix,Phoenix,922,38.0,0.0,3,0
2021-09-24,center_phoenix,Phoenix,901,34.4,0.0,4,0
2021-09-25,center_phoenix,Phoenix,740,33.4,0.0,5,0
2021-09-26,center_phoenix,Phoenix,551,33.7,8.9,6,0
2021-09-27,center_phoenix,Phoenix,1119,25.6,2.6,0,0
2021-09-28,center_phoenix,Phoenix,1249,29.5,0.0,1,0
2021-09-29,center_phoenix,Phoenix,1081,30.2,0.2,2,0
2021-09-30,center_phoenix,Phoenix,1043,28.3,0.0,3,0
2021-10-01,center_phoenix,Phoenix,874,31.0,0.0,4,0
2021-10-02,center_phoenix,Phoenix,736,32.8,0.0,5,0
2021-10-03,center_phoenix,Phoenix,560,35.0,0.0,6,0
2021-10-04,center_phoenix,Phoenix,811,36.2,0.0,0,0
2021-10-05,center_phoenix,Phoenix,1225,34.3,1.1,1,0
2021-10-06,center_phoenix,Phoenix,1282,30.9,0.0,2,0
2021-10-07,center_phoenix,Phoenix,1158,32.3,0.0,3,0
2021-10-08,center_phoenix,Phoenix,1034,33.0,0.0,4,0
2021-10-09,center_phoenix,Phoenix,798,31.5,0.0,5,0
2021-10-10,center_phoenix,Phoenix,610,28.1,0.0,6,0
2021-10-11,center_phoenix,Phoenix,541,29.8,0.0,0,1
2021-10-12,center_phoenix,Phoenix,1196,28.4,0.0,1,0
2021-10-13,center_phoenix,Phoenix,1178,23.3,0.0,2,0
2021-10-14,center_phoenix,Phoenix,1033,25.5,0.0,3,0
2021-10-15,center_phoenix,Phoenix,937,29.0,0.0,4,0
2021-10-16,center_phoenix,Phoenix,780,33.1,0.0,5,0
2021-10-17,center_phoenix,Phoenix,582,31.5,0.0,6,0
2021-10-18,center_phoenix,Phoenix,1129,29.9,0.0,0,0
2021-10-19,center_phoenix,Phoenix,1182,26.4,0.0,1,0
2021-10-20,center_phoenix,Phoenix,1176,28.8,0.0,2,0
2021-10-21,center_phoenix,Phoenix,1091,31.4,0.0,3,0
2021-10-22,center_phoenix,Phoenix,898,31.0,0.0,4,0
2021-10-23,center_phoenix,Phoenix,750,29.7,0.0,5,0
2021-10-24,center_phoenix,Phoenix,654,29.4,0.0,6,0
2021-10-25,center_phoenix,Phoenix,1116,32.2,0.0,0,0
2021-10-26,center_phoenix,Phoenix,1177,30.1,0.3,1,0
2021-10-27,center_phoenix,Phoenix,1113,25.2,0.0,2,0
2021-10-28,center_phoenix,Phoenix,1175,30.5,0.0,3,0
2021-10-29,center_phoenix,Phoenix,1042,33.0,0.0,4,0
2021-10-30,center_phoenix,Phoenix,793,31.3,0.0,5,0
2021-10-31,center_phoenix,Phoenix,589,29.6,0.0,6,0
2021-11-01,center_phoenix,Phoenix,1148,28.8,0.0,0,0
2021-11-02,center_phoenix,Phoenix,1265,28.2,0.0,1,0
2021-11-03,center_phoenix,Phoenix,1164,29.5,0.0,2,0
2021-11-04,center_phoenix,Phoenix,1083,31.0,0.0,3,0
2021-11-05,center_phoenix,Phoenix,894,31.4,0.0,4,0
2021-11-06,center_phoenix,Phoenix,834,31.3,0.0,5,0
2021-11-07,center_phoenix,Phoenix,556,30.4,0.0,6,0
2021-11-08,center_phoenix,Phoenix,1052,29.5,0.0,0,0
2021-11-09,center_phoenix,Phoenix,1101,28.1,0.0,1,0
2021-11-10,center_phoenix,Phoenix,1246,27.9,0.0,2,0
2021-11-11,center_phoenix,Phoenix,544,28.3,0.0,3,1
2021-11-12,center_phoenix,Phoenix,898,30.6,0.0,4,0
2021-11-13,center_phoenix,Phoenix,808,30.5,0.0,5,0
2021-11-14,center_phoenix,Phoenix,647,29.9,0.0,6,0
2021-11-15,center_phoenix,Phoenix,1145,29.6,0.0,0,0
2021-11-16,center_phoenix,Phoenix,1073,27.2,0.0,1,0
2021-11-17,center_phoenix,Phoenix,1057,26.3,0.0,2,0
2021-11-18,center_phoenix,Phoenix,1212,27.4,0.0,3,0
2021-11-19,center_phoenix,Phoenix,1045,27.5,0.0,4,0
2021-11-20,center_phoenix,Phoenix,765,25.5,0.0,5,0
2021-11-21,center_phoenix,Phoenix,612,28.9,0.0,6,0
2021-11-22,center_phoenix,Phoenix,1106,28.4,0.0,0,0
2021-11-23,center_phoenix,Phoenix,1071,25.5,0.0,1,0
2021-11-24,center_phoenix,Phoenix,1279,23.5,0.0,2,0
2021-11-25,center_phoenix,Phoenix,614,24.4,0.0,3,1
2021-11-26,center_phoenix,Phoenix,985,24.8,0.0,4,0
2021-11-27,center_phoenix,Phoenix,743,23.0,0.0,5,0
2021-11-28,center_phoenix,Phoenix,632,26.8,0.0,6,0
2021-11-29,center_phoenix,Phoenix,1233,26.9,0.0,0,0
2021-11-30,center_phoenix,Phoenix,1091,26.8,0.0,1,0
2021-12-01,center_phoenix,Phoenix,1194,28.5,0.0,2,0
2021-12-02,center_phoenix,Phoenix,1148,27.8,0.0,3,0
2021-12-03,center_phoenix,Phoenix,1010,25.6,0.0,4,0
2021-12-04,center_phoenix,Phoenix,750,24.8,0.0,5,0
2021-12-05,center_phoenix,Phoenix,667,23.5,0.0,6,0
2021-12-06,center_phoenix,Phoenix,1115,23.8,0.0,0,0
2021-12-07,center_phoenix,Phoenix,1082,23.0,0.0,1,0
2021-12-08,center_phoenix,Phoenix,1182,21.5,0.0,2,0
2021-12-09,center_phoenix,Phoenix,1172,20.2,0.0,3,0
2021-12-10,center_phoenix,Phoenix,876,20.4,10.3,4,0
2021-12-11,center_phoenix,Phoenix,746,18.0,0.0,5,0
2021-12-12,center_phoenix,Phoenix,648,21.5,0.0,6,0
2021-12-13,center_phoenix,Phoenix,1060,20.9,0.0,0,0
2021-12-14,center_phoenix,Phoenix,1289,21.5,0.0,1,0
2021-12-15,center_phoenix,Phoenix,1268,19.9,2.3,2,0
2021-12-16,center_phoenix,Phoenix,1012,15.4,0.0,3,0
2021-12-17,center_phoenix,Phoenix,1034,15.6,0.0,4,0
2021-12-18,center_phoenix,Phoenix,797,19.0,0.0,5,0
2021-12-19,center_phoenix,Phoenix,643,20.1,0.0,6,0
2021-12-20,center_phoenix,Phoenix,1133,20.1,0.0,0,0
2021-12-21,center_phoenix,Phoenix,1082,19.2,0.0,1,0
2021-12-22,center_phoenix,Phoenix,1272,21.2,0.0,2,0
2021-12-23,center_phoenix,Phoenix,1148,21.8,0.0,3,0
2021-12-24,center_phoenix,Phoenix,387,21.5,23.9,4,1
2021-12-25,center_phoenix,Phoenix,360,16.6,1.4,5,1
2021-12-26,center_phoenix,Phoenix,594,16.7,1.0,6,0
2021-12-27,center_phoenix,Phoenix,1233,15.0,0.0,0,0
2021-12-28,center_phoenix,Phoenix,1266,12.8,0.6,1,0
2021-12-29,center_phoenix,Phoenix,1115,13.9,6.7,2,0
2021-12-30,center_phoenix,Phoenix,1157,15.0,0.1,3,0
2021-12-31,center_phoenix,Phoenix,428,14.4,6.0,4,1
2022-01-01,center_phoenix,Phoenix,327,13.2,6.5,5,1
2022-01-02,center_phoenix,Phoenix,612,13.1,0.0,6,0
2022-01-03,center_phoenix,Phoenix,1050,15.4,0.0,0,0
2022-01-04,center_phoenix,Phoenix,1065,15.9,0.0,1,0
2022-01-05,center_phoenix,Phoenix,1262,16.1,0.0,2,0
2022-01-06,center_phoenix,Phoenix,1170,17.2,0.0,3,0
2022-01-07,center_phoenix,Phoenix,989,18.9,0.0,4,0
2022-01-08,center_phoenix,Phoenix,722,18.4,0.0,5,0
2022-01-09,center_phoenix,Phoenix,573,22.3,0.0,6,0
2022-01-10,center_phoenix,Phoenix,1108,22.2,0.0,0,0
2022-01-11,center_phoenix,Phoenix,1077,22.0,0.0,1,0
2022-01-12,center_phoenix,Phoenix,1261,21.5,0.0,2,0
2022-01-13,center_phoenix,Phoenix,1147,20.5,0.0,3,0
2022-01-14,center_phoenix,Phoenix,890,21.8,0.0,4,0
2022-01-15,center_phoenix,Phoenix,749,22.0,0.0,5,0
2022-01-16,center_phoenix,Phoenix,582,22.9,0.0,6,0
2022-01-17,center_phoenix,Phoenix,588,20.6,0.0,0,1
2022-01-18,center_phoenix,Phoenix,1215,20.0,0.1,1,0
2022-01-19,center_phoenix,Phoenix,1209,19.8,0.0,2,0
2022-01-20,center_phoenix,Phoenix,1066,20.4,0.0,3,0
2022-01-21,center_phoenix,Phoenix,1000,20.5,0.0,4,0
2022-01-22,center_phoenix,Phoenix,767,19.5,0.2,5,0
2022-01-23,center_phoenix,Phoenix,555,20.1,0.1,6,0
2022-01-24,center_phoenix,Phoenix,1083,19.8,0.0,0,0
2022-01-25,center_phoenix,Phoenix,1207,19.0,0.0,1,0
2022-01-26,center_phoenix,Phoenix,1201,19.1,0.0,2,0
2022-01-27,center_phoenix,Phoenix,1094,19.5,0.0,3,0
2022-01-28,center_phoenix,Phoenix,1034,21.4,0.0,4,0
2022-01-29,center_phoenix,Phoenix,801,22.6,0.0,5,0
2022-01-30,center_phoenix,Phoenix,569,21.7,0.2,6,0
2022-01-31,center_phoenix,Phoenix,1112,21.5,0.0,0,0
2022-02-01,center_phoenix,Phoenix,1144,19.4,0.0,1,0
2022-02-02,center_phoenix,Phoenix,1188,18.9,0.0,2,0
2022-02-03,center_phoenix,Phoenix,1168,14.1,0.0,3,0
2022-02-04,center_phoenix,Phoenix,1020,17.6,0.0,4,0
2022-02-05,center_phoenix,Phoenix,841,18.9,0.0,5,0
2022-02-06,center_phoenix,Phoenix,550,22.1,0.0,6,0
2022-02-07,center_phoenix,Phoenix,1153,22.0,0.0,0,0
2022-02-08,center_phoenix,Phoenix,1117,23.8,0.0,1,0
2022-02-09,center_phoenix,Phoenix,1232,25.0,0.0,2,0
2022-02-10,center_phoenix,Phoenix,1183,26.5,0.0,3,0
2022-02-11,center_phoenix,Phoenix,1018,26.3,0.0,4,0
2022-02-12,center_phoenix,Phoenix,704,27.1,0.0,5,0
2022-02-13,center_phoenix,Phoenix,650,27.0,0.0,6,0
2022-02-14,center_phoenix,Phoenix,1048,26.9,0.0,0,0
2022-02-15,center_phoenix,Phoenix,1091,26.0,0.0,1,0
2022-02-16,center_phoenix,Phoenix,1169,24.1,2.2,2,0
2022-02-17,center_phoenix,Phoenix,1094,19.2,0.1,3,0
2022-02-18,center_phoenix,Phoenix,897,20.4,0.0,4,0
2022-02-19,center_phoenix,Phoenix,717,24.9,0.0,5,0
2022-02-20,center_phoenix,Phoenix,568,24.8,0.0,6,0
2022-02-21,center_phoenix,Phoenix,548,24.0,0.0,0,1
2022-02-22,center_phoenix,Phoenix,1279,18.9,0.0,1,0
2022-02-23,center_phoenix,Phoenix,1107,17.5,11.6,2,0
2022-02-24,center_phoenix,Phoenix,1105,11.6,0.9,3,0
2022-02-25,center_phoenix,Phoenix,1004,16.2,0.0,4,0
2022-02-26,center_phoenix,Phoenix,821,18.1,0.0,5,0
2022-02-27,center_phoenix,Phoenix,584,20.5,0.0,6,0
2022-02-28,center_phoenix,Phoenix,1198,26.6,0.0,0,0
2022-03-01,center_phoenix,Phoenix,1285,27.5,0.0,1,0
2022-03-02,center_phoenix,Phoenix,1184,30.0,0.0,2,0
2022-03-03,center_phoenix,Phoenix,1150,28.9,0.0,3,0
2022-03-04,center_phoenix,Phoenix,1024,29.0,1.9,4,0
2022-03-05,center_phoenix,Phoenix,748,20.2,2.8,5,0
2022-03-06,center_phoenix,Phoenix,573,18.6,0.0,6,0
2022-03-07,center_phoenix,Phoenix,1039,20.1,0.0,0,0
2022-03-08,center_phoenix,Phoenix,1067,18.1,0.0,1,0
2022-03-09,center_phoenix,Phoenix,1170,21.0,0.0,2,0
2022-03-10,center_phoenix,Phoenix,1073,21.6,0.0,3,0
2022-03-11,center_phoenix,Phoenix,1023,20.5,0.0,4,0
2022-03-12,center_phoenix,Phoenix,749,24.4,0.0,5,0
2022-03-13,center_phoenix,Phoenix,643,25.8,0.0,6,0
2022-03-14,center_phoenix,Phoenix,1193,26.5,0.0,0,0
2022-03-15,center_phoenix,Phoenix,1188,29.6,0.0,1,0
2022-03-16,center_phoenix,Phoenix,1259,28.8,0.0,2,0
2022-03-17,center_phoenix,Phoenix,1225,28.1,0.0,3,0
2022-03-18,center_phoenix,Phoenix,1054,27.5,0.0,4,0
2022-03-19,center_phoenix,Phoenix,785,28.3,0.0,5,0
2022-03-20,center_phoenix,Phoenix,593,27.2,0.1,6,0
2022-03-21,center_phoenix,Phoenix,1048,24.1,0.0,0,0
2022-03-22,center_phoenix,Phoenix,1180,27.5,0.0,1,0
2022-03-23,center_phoenix,Phoenix,1126,26.2,0.0,2,0
2022-03-24,center_phoenix,Phoenix,1141,29.3,0.0,3,0
2022-03-25,center_phoenix,Phoenix,874,34.1,0.0,4,0
2022-03-26,center_phoenix,Phoenix,693,33.6,0.0,5,0
2022-03-27,center_phoenix,Phoenix,563,34.0,0.0,6,0
2022-03-28,center_phoenix,Phoenix,1126,32.8,0.6,0,0
2022-03-29,center_phoenix,Phoenix,960,21.6,23.7,1,0
2022-03-30,center_phoenix,Phoenix,1232,23.8,0.0,2,0
2022-03-31,center_phoenix,Phoenix,1051,24.9,0.0,3,0
2022-04-01,center_phoenix,Phoenix,970,27.8,0.0,4,0
2022-04-02,center_phoenix,Phoenix,830,29.8,0.0,5,0
2022-04-03,center_phoenix,Phoenix,647,28.9,0.0,6,0
2022-04-04,center_phoenix,Phoenix,1205,30.4,0.0,0,0
2022-04-05,center_phoenix,Phoenix,1121,33.0,0.0,1,0
2022-04-06,center_phoenix,Phoenix,1128,33.3,0.0,2,0
2022-04-07,center_phoenix,Phoenix,1153,33.8,0.0,3,0
2022-04-08,center_phoenix,Phoenix,1019,34.9,0.0,4,0
2022-04-09,center_phoenix,Phoenix,700,34.8,0.0,5,0
2022-04-10,center_phoenix,Phoenix,651,33.4,0.0,6,0
2022-04-11,center_phoenix,Phoenix,1102,30.4,0.0,0,0
2022-04-12,center_phoenix,Phoenix,1142,27.8,0.0,1,0
2022-04-13,center_phoenix,Phoenix,1241,22.9,0.0,2,0
2022-04-14,center_phoenix,Phoenix,1163,27.5,0.0,3,0
2022-04-15,center_phoenix,Phoenix,910,30.8,0.0,4,0
2022-04-16,center_phoenix,Phoenix,746,31.5,0.0,5,0
2022-04-17,center_phoenix,Phoenix,608,32.8,0.0,6,0
2022-04-18,center_phoenix,Phoenix,861,35.1,0.0,0,0
2022-04-19,center_phoenix,Phoenix,924,36.5,0.0,1,0
2022-04-20,center_phoenix,Phoenix,1014,35.1,0.0,2,0
2022-04-21,center_phoenix,Phoenix,1195,32.8,0.0,3,0
2022-04-22,center_phoenix,Phoenix,883,32.0,0.0,4,0
2022-04-23,center_phoenix,Phoenix,804,27.6,0.0,5,0
2022-04-24,center_phoenix,Phoenix,611,29.3,0.0,6,0
2022-04-25,center_phoenix,Phoenix,1189,32.8,0.0,0,0
2022-04-26,center_phoenix,Phoenix,976,36.2,0.0,1,0
2022-04-27,center_phoenix,Phoenix,1220,35.0,0.0,2,0
2022-04-28,center_phoenix,Phoenix,1105,31.9,0.0,3,0
2022-04-29,center_phoenix,Phoenix,998,32.3,0.0,4,0
2022-04-30,center_phoenix,Phoenix,695,34.7,0.0,5,0
2022-05-01,center_phoenix,Phoenix,611,34.3,0.0,6,0
2022-05-02,center_phoenix,Phoenix,1071,33.5,0.0,0,0
2022-05-03,center_phoenix,Phoenix,1095,32.4,0.0,1,0
2022-05-04,center_phoenix,Phoenix,1210,33.2,0.0,2,0
2022-05-05,center_phoenix,Phoenix,1141,34.5,0.0,3,0
2022-05-06,center_phoenix,Phoenix,751,36.5,0.0,4,0
2022-05-07,center_phoenix,Phoenix,609,37.3,0.0,5,0
2022-05-08,center_phoenix,Phoenix,475,36.2,0.0,6,0
2022-05-09,center_phoenix,Phoenix,1199,33.2,0.0,0,0
2022-05-10,center_phoenix,Phoenix,1081,31.9,0.0,1,0
2022-05-11,center_phoenix,Phoenix,1269,31.0,0.0,2,0
2022-05-12,center_phoenix,Phoenix,1080,30.4,0.0,3,0
2022-05-13,center_phoenix,Phoenix,798,35.7,0.0,4,0
2022-05-14,center_phoenix,Phoenix,567,39.0,0.0,5,0
2022-05-15,center_phoenix,Phoenix,496,40.2,0.0,6,0
2022-05-16,center_phoenix,Phoenix,955,39.5,0.0,0,0
2022-05-17,center_phoenix,Phoenix,927,38.2,0.0,1,0
2022-05-18,center_phoenix,Phoenix,954,37.3,0.0,2,0
2022-05-19,center_phoenix,Phoenix,970,36.6,0.0,3,0
2022-05-20,center_phoenix,Phoenix,803,35.8,0.0,4,0
2022-05-21,center_phoenix,Phoenix,721,33.8,0.0,5,0
2022-05-22,center_phoenix,Phoenix,652,34.6,0.0,6,0
2022-05-23,center_phoenix,Phoenix,1015,34.4,0.0,0,0
2022-05-24,center_phoenix,Phoenix,943,36.3,0.0,1,0
2022-05-25,center_phoenix,Phoenix,896,38.7,0.0,2,0
2022-05-26,center_phoenix,Phoenix,974,39.9,0.0,3,0
2022-05-27,center_phoenix,Phoenix,717,39.5,0.0,4,0
2022-05-28,center_phoenix,Phoenix,566,38.3,0.0,5,0
2022-05-29,center_phoenix,Phoenix,463,36.8,0.0,6,0
2022-05-30,center_phoenix,Phoenix,569,34.2,0.0,0,1
2022-05-31,center_phoenix,Phoenix,846,35.6,0.0,1,0
2022-06-01,center_phoenix,Phoenix,900,37.0,0.0,2,0
2022-06-02,center_phoenix,Phoenix,971,38.8,0.0,3,0
2022-06-03,center_phoenix,Phoenix,713,38.7,0.0,4,0
2022-06-04,center_phoenix,Phoenix,593,37.8,0.0,5,0
2022-06-05,center_phoenix,Phoenix,507,38.0,0.0,6,0
2022-06-06,center_phoenix,Phoenix,952,39.3,0.0,0,0
2022-06-07,center_phoenix,Phoenix,1009,40.8,0.0,1,0
2022-06-08,center_phoenix,Phoenix,894,42.2,0.0,2,0
2022-06-09,center_phoenix,Phoenix,889,42.3,0.0,3,0
2022-06-10,center_phoenix,Phoenix,795,44.5,0.0,4,0
2022-06-11,center_phoenix,Phoenix,585,44.7,0.0,5,0
2022-06-12,center_phoenix,Phoenix,456,43.8,0.0,6,0
2022-06-13,center_phoenix,Phoenix,811,42.5,0.0,0,0
2022-06-14,center_phoenix,Phoenix,985,39.5,0.0,1,0
2022-06-15,center_phoenix,Phoenix,991,40.7,0.0,2,0
2022-06-16,center_phoenix,Phoenix,960,44.0,0.0,3,0
2022-06-17,center_phoenix,Phoenix,733,43.0,0.0,4,0
2022-06-18,center_phoenix,Phoenix,631,42.2,1.3,5,0
2022-06-19,center_phoenix,Phoenix,223,36.8,4.3,6,1
2022-06-20,center_phoenix,Phoenix,457,39.0,0.0,0,1
2022-06-21,center_phoenix,Phoenix,910,41.0,0.0,1,0
2022-06-22,center_phoenix,Phoenix,877,40.3,0.0,2,0
2022-06-23,center_phoenix,Phoenix,814,41.4,0.0,3,0
2022-06-24,center_phoenix,Phoenix,754,41.2,0.0,4,0
2022-06-25,center_phoenix,Phoenix,647,41.3,0.0,5,0
2022-06-26,center_phoenix,Phoenix,475,39.0,0.0,6,0
2022-06-27,center_phoenix,Phoenix,849,39.5,1.3,0,0
2022-06-28,center_phoenix,Phoenix,1021,40.8,0.6,1,0
2022-06-29,center_phoenix,Phoenix,975,41.2,0.3,2,0
2022-06-30,center_phoenix,Phoenix,976,41.2,0.9,3,0
2022-07-01,center_phoenix,Phoenix,762,41.5,0.4,4,0
2022-07-02,center_phoenix,Phoenix,644,40.7,0.0,5,0
2022-07-03,center_phoenix,Phoenix,475,42.8,0.0,6,0
2022-07-04,center_phoenix,Phoenix,440,41.0,0.0,0,1
2022-07-05,center_phoenix,Phoenix,940,39.3,0.0,1,0
2022-07-06,center_phoenix,Phoenix,894,40.3,0.0,2,0
2022-07-07,center_phoenix,Phoenix,856,41.0,0.0,3,0
2022-07-08,center_phoenix,Phoenix,703,43.8,0.0,4,0
2022-07-09,center_phoenix,Phoenix,626,43.8,0.0,5,0
2022-07-10,center_phoenix,Phoenix,534,43.8,0.0,6,0
2022-07-11,center_phoenix,Phoenix,915,45.5,0.0,0,0
2022-07-12,center_phoenix,Phoenix,1026,44.7,0.0,1,0
2022-07-13,center_phoenix,Phoenix,954,43.0,0.1,2,0
2022-07-14,center_phoenix,Phoenix,899,43.3,0.4,3,0
2022-07-15,center_phoenix,Phoenix,740,43.8,0.0,4,0
2022-07-16,center_phoenix,Phoenix,662,44.7,0.0,5,0
2022-07-17,center_phoenix,Phoenix,468,44.8,0.0,6,0
2022-07-18,center_phoenix,Phoenix,981,40.7,0.2,0,0
2022-07-19,center_phoenix,Phoenix,995,43.2,0.0,1,0
2022-07-20,center_phoenix,Phoenix,892,42.3,0.0,2,0
2022-07-21,center_phoenix,Phoenix,955,42.8,0.0,3,0
2022-07-22,center_phoenix,Phoenix,720,44.3,0.0,4,0
2022-07-23,center_phoenix,Phoenix,596,43.2,11.1,5,0
2022-07-24,center_phoenix,Phoenix,499,39.3,1.9,6,0
2022-07-25,center_phoenix,Phoenix,850,36.5,18.6,0,0
2022-07-26,center_phoenix,Phoenix,928,32.5,31.8,1,0
2022-07-27,center_phoenix,Phoenix,812,32.2,26.1,2,0
2022-07-28,center_phoenix,Phoenix,921,33.8,29.8,3,0
2022-07-29,center_phoenix,Phoenix,863,31.9,11.6,4,0
2022-07-30,center_phoenix,Phoenix,794,34.2,3.6,5,0
2022-07-31,center_phoenix,Phoenix,543,34.8,9.5,6,0
2022-08-01,center_phoenix,Phoenix,946,37.1,0.1,0,0
2022-08-02,center_phoenix,Phoenix,970,40.9,0.1,1,0
2022-08-03,center_phoenix,Phoenix,987,40.4,1.0,2,0
2022-08-04,center_phoenix,Phoenix,833,37.7,0.0,3,0
2022-08-05,center_phoenix,Phoenix,822,39.0,0.0,4,0
2022-08-06,center_phoenix,Phoenix,631,42.0,0.0,5,0
2022-08-07,center_phoenix,Phoenix,490,40.8,0.0,6,0
2022-08-08,center_phoenix,Phoenix,932,38.5,0.1,0,0
2022-08-09,center_phoenix,Phoenix,928,38.6,0.6,1,0
2022-08-10,center_phoenix,Phoenix,930,38.2,0.4,2,0
2022-08-11,center_phoenix,Phoenix,816,40.0,0.0,3,0
2022-08-12,center_phoenix,Phoenix,649,38.9,6.4,4,0
2022-08-13,center_phoenix,Phoenix,656,38.5,0.8,5,0
2022-08-14,center_phoenix,Phoenix,442,38.7,5.8,6,0
2022-08-15,center_phoenix,Phoenix,742,38.0,7.0,0,0
2022-08-16,center_phoenix,Phoenix,862,40.0,0.1,1,0
2022-08-17,center_phoenix,Phoenix,979,40.3,0.3,2,0
2022-08-18,center_phoenix,Phoenix,936,38.5,1.1,3,0
2022-08-19,center_phoenix,Phoenix,687,39.2,8.0,4,0
2022-08-20,center_phoenix,Phoenix,642,33.5,9.1,5,0
2022-08-21,center_phoenix,Phoenix,668,33.2,0.7,6,0
2022-08-22,center_phoenix,Phoenix,1215,34.3,0.0,0,0
2022-08-23,center_phoenix,Phoenix,969,37.5,0.1,1,0
2022-08-24,center_phoenix,Phoenix,913,38.2,0.0,2,0
2022-08-25,center_phoenix,Phoenix,841,37.5,0.0,3,0
2022-08-26,center_phoenix,Phoenix,637,37.2,7.3,4,0
2022-08-27,center_phoenix,Phoenix,602,40.2,0.0,5,0
2022-08-28,center_phoenix,Phoenix,512,38.4,0.8,6,0
2022-08-29,center_phoenix,Phoenix,833,41.8,0.0,0,0
2022-08-30,center_phoenix,Phoenix,924,43.3,0.0,1,0
2022-08-31,center_phoenix,Phoenix,977,42.7,0.0,2,0
2022-09-01,center_phoenix,Phoenix,898,42.0,0.0,3,0
2022-09-02,center_phoenix,Phoenix,821,40.8,0.0,4,0
2022-09-03,center_phoenix,Phoenix,668,42.8,0.0,5,0
2022-09-04,center_phoenix,Phoenix,496,42.0,0.0,6,0
2022-09-05,center_phoenix,Phoenix,438,41.9,0.0,0,1
2022-09-06,center_phoenix,Phoenix,988,42.9,0.0,1,0
2022-09-07,center_phoenix,Phoenix,859,41.8,0.0,2,0
2022-09-08,center_phoenix,Phoenix,968,40.1,0.0,3,0
2022-09-09,center_phoenix,Phoenix,724,38.3,0.0,4,0
2022-09-10,center_phoenix,Phoenix,738,33.2,16.8,5,0
2022-09-11,center_phoenix,Phoenix,528,38.5,0.0,6,0
2022-09-12,center_phoenix,Phoenix,967,37.1,0.9,0,0
2022-09-13,center_phoenix,Phoenix,967,34.0,9.4,1,0
2022-09-14,center_phoenix,Phoenix,914,35.2,0.0,2,0
2022-09-15,center_phoenix,Phoenix,935,36.0,0.0,3,0
2022-09-16,center_phoenix,Phoenix,759,36.0,0.0,4,0
2022-09-17,center_phoenix,Phoenix,555,36.8,0.0,5,0
2022-09-18,center_phoenix,Phoenix,466,38.2,0.0,6,0
2022-09-19,center_phoenix,Phoenix,841,39.0,0.0,0,0
2022-09-20,center_phoenix,Phoenix,974,37.8,5.0,1,0
2022-09-21,center_phoenix,Phoenix,1061,30.9,18.5,2,0
2022-09-22,center_phoenix,Phoenix,785,30.2,30.0,3,0
2022-09-23,center_phoenix,Phoenix,938,34.8,0.0,4,0
2022-09-24,center_phoenix,Phoenix,626,36.8,0.0,5,0
2022-09-25,center_phoenix,Phoenix,478,37.5,0.0,6,0
2022-09-26,center_phoenix,Phoenix,811,39.0,0.0,0,0
2022-09-27,center_phoenix,Phoenix,905,39.0,0.0,1,0
2022-09-28,center_phoenix,Phoenix,906,38.4,0.0,2,0
2022-09-29,center_phoenix,Phoenix,943,36.7,0.0,3,0
2022-09-30,center_phoenix,Phoenix,815,35.5,0.0,4,0
2022-10-01,center_phoenix,Phoenix,725,34.7,0.0,5,0
2022-10-02,center_phoenix,Phoenix,589,34.0,0.0,6,0
2022-10-03,center_phoenix,Phoenix,848,35.5,0.1,0,0
2022-10-04,center_phoenix,Phoenix,1255,32.4,0.0,1,0
2022-10-05,center_phoenix,Phoenix,1231,33.5,0.0,2,0
2022-10-06,center_phoenix,Phoenix,1100,33.6,0.0,3,0
2022-10-07,center_phoenix,Phoenix,920,32.8,0.0,4,0
2022-10-08,center_phoenix,Phoenix,764,31.7,0.8,5,0
2022-10-09,center_phoenix,Phoenix,633,31.5,0.0,6,0
2022-10-10,center_phoenix,Phoenix,537,31.4,0.0,0,1
2022-10-11,center_phoenix,Phoenix,1171,32.5,0.0,1,0
2022-10-12,center_phoenix,Phoenix,1175,34.3,0.0,2,0
2022-10-13,center_phoenix,Phoenix,848,35.3,0.0,3,0
2022-10-14,center_phoenix,Phoenix,776,35.5,0.0,4,0
2022-10-15,center_phoenix,Phoenix,712,34.2,1.1,5,0
2022-10-16,center_phoenix,Phoenix,548,22.4,12.1,6,0
2022-10-17,center_phoenix,Phoenix,1214,26.6,0.1,0,0
2022-10-18,center_phoenix,Phoenix,1257,28.0,0.0,1,0
2022-10-19,center_phoenix,Phoenix,1121,29.4,0.0,2,0
2022-10-20,center_phoenix,Phoenix,1228,31.0,0.0,3,0
2022-10-21,center_phoenix,Phoenix,967,31.4,0.0,4,0
2022-10-22,center_phoenix,Phoenix,707,31.4,0.0,5,0
2022-10-23,center_phoenix,Phoenix,590,28.6,0.0,6,0
2022-10-24,center_phoenix,Phoenix,1018,22.8,0.0,0,0
2022-10-25,center_phoenix,Phoenix,1120,23.8,0.0,1,0
2022-10-26,center_phoenix,Phoenix,1205,25.0,0.0,2,0
2022-10-27,center_phoenix,Phoenix,1078,25.9,0.0,3,0
2022-10-28,center_phoenix,Phoenix,961,26.2,0.0,4,0
2022-10-29,center_phoenix,Phoenix,822,27.3,0.0,5,0
2022-10-30,center_phoenix,Phoenix,610,26.3,0.0,6,0
2022-10-31,center_phoenix,Phoenix,1075,27.2,0.0,0,0
2022-11-01,center_phoenix,Phoenix,1113,27.0,0.0,1,0
2022-11-02,center_phoenix,Phoenix,1062,26.0,0.0,2,0
2022-11-03,center_phoenix,Phoenix,1201,22.7,0.1,3,0
2022-11-04,center_phoenix,Phoenix,1006,16.4,0.0,4,0
2022-11-05,center_phoenix,Phoenix,827,19.9,0.0,5,0
2022-11-06,center_phoenix,Phoenix,653,25.1,0.0,6,0
2022-11-07,center_phoenix,Phoenix,1084,25.3,0.0,0,0
2022-11-08,center_phoenix,Phoenix,1165,26.5,0.0,1,0
2022-11-09,center_phoenix,Phoenix,1239,25.4,2.5,2,0
2022-11-10,center_phoenix,Phoenix,1063,18.5,0.2,3,0
2022-11-11,center_phoenix,Phoenix,466,19.4,0.0,4,1
2022-11-12,center_phoenix,Phoenix,787,21.0,0.0,5,0
2022-11-13,center_phoenix,Phoenix,647,19.1,0.0,6,0
2022-11-14,center_phoenix,Phoenix,1066,17.9,0.0,0,0
2022-11-15,center_phoenix,Phoenix,1122,21.0,0.0,1,0
2022-11-16,center_phoenix,Phoenix,1206,21.3,0.0,2,0
2022-11-17,center_phoenix,Phoenix,1111,21.1,0.0,3,0
2022-11-18,center_phoenix,Phoenix,922,21.0,0.0,4,0
2022-11-19,center_phoenix,Phoenix,740,22.4,0.0,5,0
2022-11-20,center_phoenix,Phoenix,602,21.5,0.0,6,0
2022-11-21,center_phoenix,Phoenix,1137,22.4,0.0,0,0
2022-11-22,center_phoenix,Phoenix,1245,23.1,0.0,1,0
2022-11-23,center_phoenix,Phoenix,1171,21.5,0.0,2,0
2022-11-24,center_phoenix,Phoenix,599,20.9,0.0,3,1
2022-11-25,center_phoenix,Phoenix,1053,21.0,0.0,4,0
2022-11-26,center_phoenix,Phoenix,691,19.1,0.0,5,0
2022-11-27,center_phoenix,Phoenix,570,19.4,0.0,6,0
2022-11-28,center_phoenix,Phoenix,1077,20.2,0.0,0,0
2022-11-29,center_phoenix,Phoenix,1150,18.4,0.0,1,0
2022-11-30,center_phoenix,Phoenix,1067,21.7,0.0,2,0
2022-12-01,center_phoenix,Phoenix,1080,20.8,0.0,3,0
2022-12-02,center_phoenix,Phoenix,901,19.8,0.0,4,0
2022-12-03,center_phoenix,Phoenix,724,19.1,15.0,5,0
2022-12-04,center_phoenix,Phoenix,525,18.7,8.6,6,0
2022-12-05,center_phoenix,Phoenix,1227,19.4,0.2,0,0
2022-12-06,center_phoenix,Phoenix,1097,19.0,0.4,1,0
2022-12-07,center_phoenix,Phoenix,1253,17.4,4.0,2,0
2022-12-08,center_phoenix,Phoenix,1056,16.9,0.0,3,0
2022-12-09,center_phoenix,Phoenix,910,15.9,0.0,4,0
2022-12-10,center_phoenix,Phoenix,790,16.2,0.0,5,0
2022-12-11,center_phoenix,Phoenix,609,18.2,0.0,6,0
2022-12-12,center_phoenix,Phoenix,1040,14.6,14.1,0,0
2022-12-13,center_phoenix,Phoenix,1092,10.9,1.1,1,0
2022-12-14,center_phoenix,Phoenix,1128,10.4,1.5,2,0
2022-12-15,center_phoenix,Phoenix,1169,11.3,0.0,3,0
2022-12-16,center_phoenix,Phoenix,921,13.2,0.0,4,0
2022-12-17,center_phoenix,Phoenix,702,13.3,0.0,5,0
2022-12-18,center_phoenix,Phoenix,672,14.5,0.0,6,0
2022-12-19,center_phoenix,Phoenix,1030,14.6,0.0,0,0
2022-12-20,center_phoenix,Phoenix,1195,14.8,0.0,1,0
2022-12-21,center_phoenix,Phoenix,1131,15.8,0.0,2,0
2022-12-22,center_phoenix,Phoenix,1031,16.1,0.0,3,0
2022-12-23,center_phoenix,Phoenix,1007,17.6,0.0,4,0
2022-12-24,center_phoenix,Phoenix,837,19.4,0.0,5,0
2022-12-25,center_phoenix,Phoenix,285,21.9,0.0,6,1
2022-12-26,center_phoenix,Phoenix,615,21.9,0.0,0,1
2022-12-27,center_phoenix,Phoenix,1090,22.0,0.0,1,0
2022-12-28,center_phoenix,Phoenix,1006,19.4,10.8,2,0
2022-12-29,center_phoenix,Phoenix,1020,15.7,0.9,3,0
2022-12-30,center_phoenix,Phoenix,896,15.8,1.8,4,0
2022-12-31,center_phoenix,Phoenix,723,17.9,0.0,5,0
2023-01-01,center_phoenix,Phoenix,281,16.6,15.3,6,1
2023-01-02,center_phoenix,Phoenix,533,13.1,3.4,0,1
2023-01-03,center_phoenix,Phoenix,1183,14.2,0.5,1,0
2023-01-04,center_phoenix,Phoenix,1208,16.8,0.0,2,0
2023-01-05,center_phoenix,Phoenix,1111,19.0,0.0,3,0
2023-01-06,center_phoenix,Phoenix,944,16.3,0.2,4,0
2023-01-07,center_phoenix,Phoenix,750,18.1,0.0,5,0
2023-01-08,center_phoenix,Phoenix,578,19.0,0.0,6,0
2023-01-09,center_phoenix,Phoenix,1120,18.8,0.0,0,0
2023-01-10,center_phoenix,Phoenix,1234,19.7,0.0,1,0
2023-01-11,center_phoenix,Phoenix,1234,17.0,0.0,2,0
2023-01-12,center_phoenix,Phoenix,1123,21.4,0.0,3,0
2023-01-13,center_phoenix,Phoenix,1003,23.4,0.0,4,0
2023-01-14,center_phoenix,Phoenix,762,20.4,0.0,5,0
2023-01-15,center_phoenix,Phoenix,569,15.2,11.7,6,0
2023-01-16,center_phoenix,Phoenix,521,13.9,13.1,0,1
2023-01-17,center_phoenix,Phoenix,801,13.2,20.5,1,0
2023-01-18,center_phoenix,Phoenix,1174,12.6,0.1,2,0
2023-01-19,center_phoenix,Phoenix,1208,13.6,0.0,3,0
2023-01-20,center_phoenix,Phoenix,1041,12.7,1.2,4,0
2023-01-21,center_phoenix,Phoenix,763,12.9,0.0,5,0
2023-01-22,center_phoenix,Phoenix,578,13.1,0.0,6,0
2023-01-23,center_phoenix,Phoenix,1161,12.2,0.0,0,0
2023-01-24,center_phoenix,Phoenix,1095,11.1,0.0,1,0
2023-01-25,center_phoenix,Phoenix,1129,13.9,0.0,2,0
2023-01-26,center_phoenix,Phoenix,1063,15.1,0.0,3,0
2023-01-27,center_phoenix,Phoenix,883,14.4,0.0,4,0
2023-01-28,center_phoenix,Phoenix,774,16.0,0.0,5,0
2023-01-29,center_phoenix,Phoenix,633,19.2,0.0,6,0
2023-01-30,center_phoenix,Phoenix,1114,17.6,0.3,0,0
2023-01-31,center_phoenix,Phoenix,1034,14.4,9.2,1,0
2023-02-01,center_phoenix,Phoenix,1290,18.0,0.0,2,0
2023-02-02,center_phoenix,Phoenix,1084,17.6,0.0,3,0
2023-02-03,center_phoenix,Phoenix,894,22.0,0.0,4,0
2023-02-04,center_phoenix,Phoenix,820,22.5,0.0,5,0
2023-02-05,center_phoenix,Phoenix,610,21.6,0.0,6,0
2023-02-06,center_phoenix,Phoenix,1175,20.5,0.0,0,0
2023-02-07,center_phoenix,Phoenix,1157,19.2,0.0,1,0
2023-02-08,center_phoenix,Phoenix,1075,18.9,0.0,2,0
2023-02-09,center_phoenix,Phoenix,1206,19.2,0.0,3,0
2023-02-10,center_phoenix,Phoenix,976,21.4,0.0,4,0
2023-02-11,center_phoenix,Phoenix,716,24.1,0.0,5,0
2023-02-12,center_phoenix,Phoenix,589,24.4,0.0,6,0
2023-02-13,center_phoenix,Phoenix,1049,24.1,2.0,0,0
2023-02-14,center_phoenix,Phoenix,1196,15.7,2.0,1,0
2023-02-15,center_phoenix,Phoenix,1145,14.2,5.2,2,0
2023-02-16,center_phoenix,Phoenix,1077,12.9,0.0,3,0
2023-02-17,center_phoenix,Phoenix,1057,17.9,0.0,4,0
2023-02-18,center_phoenix,Phoenix,715,21.5,0.0,5,0
2023-02-19,center_phoenix,Phoenix,555,23.2,0.0,6,0
2023-02-20,center_phoenix,Phoenix,511,23.1,0.0,0,1
2023-02-21,center_phoenix,Phoenix,1021,23.1,6.5,1,0
2023-02-22,center_phoenix,Phoenix,1105,18.0,6.8,2,0
2023-02-23,center_phoenix,Phoenix,1038,15.0,0.0,3,0
2023-02-24,center_phoenix,Phoenix,948,17.7,0.0,4,0
2023-02-25,center_phoenix,Phoenix,813,22.2,0.0,5,0
2023-02-26,center_phoenix,Phoenix,550,23.4,7.4,6,0
2023-02-27,center_phoenix,Phoenix,1034,16.0,0.0,0,0
2023-02-28,center_phoenix,Phoenix,1114,17.0,0.0,1,0
2023-03-01,center_phoenix,Phoenix,1166,15.9,1.1,2,0
2023-03-02,center_phoenix,Phoenix,904,12.5,21.9,3,0
2023-03-03,center_phoenix,Phoenix,952,14.4,0.0,4,0
2023-03-04,center_phoenix,Phoenix,784,18.0,0.0,5,0
2023-03-05,center_phoenix,Phoenix,667,20.5,0.0,6,0
2023-03-06,center_phoenix,Phoenix,1010,20.8,0.0,0,0
2023-03-07,center_phoenix,Phoenix,1073,21.1,0.0,1,0
2023-03-08,center_phoenix,Phoenix,1147,22.8,0.0,2,0
2023-03-09,center_phoenix,Phoenix,1069,21.7,0.0,3,0
2023-03-10,center_phoenix,Phoenix,876,24.9,0.0,4,0
2023-03-11,center_phoenix,Phoenix,802,24.5,0.0,5,0
2023-03-12,center_phoenix,Phoenix,597,26.6,3.1,6,0
2023-03-13,center_phoenix,Phoenix,1186,26.3,0.0,0,0
2023-03-14,center_phoenix,Phoenix,1086,26.0,0.0,1,0
2023-03-15,center_phoenix,Phoenix,1027,25.2,8.6,2,0
2023-03-16,center_phoenix,Phoenix,980,19.2,12.4,3,0
2023-03-17,center_phoenix,Phoenix,878,20.0,0.1,4,0
2023-03-18,center_phoenix,Phoenix,698,21.9,0.0,5,0
2023-03-19,center_phoenix,Phoenix,628,20.9,0.0,6,0
2023-03-20,center_phoenix,Phoenix,1180,22.4,0.0,0,0
2023-03-21,center_phoenix,Phoenix,972,20.4,13.5,1,0
2023-03-22,center_phoenix,Phoenix,1044,16.1,18.7,2,0
2023-03-23,center_phoenix,Phoenix,1119,17.2,0.0,3,0
2023-03-24,center_phoenix,Phoenix,920,18.0,0.0,4,0
2023-03-25,center_phoenix,Phoenix,708,19.5,0.0,5,0
2023-03-26,center_phoenix,Phoenix,601,18.6,0.0,6,0
2023-03-27,center_phoenix,Phoenix,1097,21.0,0.0,0,0
2023-03-28,center_phoenix,Phoenix,1089,26.3,0.0,1,0
2023-03-29,center_phoenix,Phoenix,1243,26.5,0.0,2,0
2023-03-30,center_phoenix,Phoenix,1086,26.1,0.1,3,0
2023-03-31,center_phoenix,Phoenix,927,20.9,0.0,4,0
2023-04-01,center_phoenix,Phoenix,700,26.8,0.0,5,0
2023-04-02,center_phoenix,Phoenix,651,27.0,0.0,6,0
2023-04-03,center_phoenix,Phoenix,1038,25.6,0.0,0,0
2023-04-04,center_phoenix,Phoenix,1181,24.1,0.0,1,0
2023-04-05,center_phoenix,Phoenix,1176,19.3,0.0,2,0
2023-04-06,center_phoenix,Phoenix,1139,25.8,0.0,3,0
2023-04-07,center_phoenix,Phoenix,939,27.6,0.0,4,0
2023-04-08,center_phoenix,Phoenix,825,28.5,0.0,5,0
2023-04-09,center_phoenix,Phoenix,587,32.0,0.0,6,0
2023-04-10,center_phoenix,Phoenix,821,36.0,0.0,0,0
2023-04-11,center_phoenix,Phoenix,988,36.1,0.0,1,0
2023-04-12,center_phoenix,Phoenix,891,35.4,0.0,2,0
2023-04-13,center_phoenix,Phoenix,1051,31.1,0.0,3,0
2023-04-14,center_phoenix,Phoenix,935,25.5,0.0,4,0
2023-04-15,center_phoenix,Phoenix,689,29.0,0.0,5,0
2023-04-16,center_phoenix,Phoenix,599,32.2,0.0,6,0
2023-04-17,center_phoenix,Phoenix,1127,32.0,0.0,0,0
2023-04-18,center_phoenix,Phoenix,1223,31.1,0.0,1,0
2023-04-19,center_phoenix,Phoenix,1079,27.9,0.0,2,0
2023-04-20,center_phoenix,Phoenix,1078,29.0,0.0,3,0
2023-04-21,center_phoenix,Phoenix,1008,31.3,0.0,4,0
2023-04-22,center_phoenix,Phoenix,810,34.8,0.0,5,0
2023-04-23,center_phoenix,Phoenix,588,33.7,0.0,6,0
2023-04-24,center_phoenix,Phoenix,1010,32.6,0.0,0,0
2023-04-25,center_phoenix,Phoenix,1277,31.7,0.0,1,0
2023-04-26,center_phoenix,Phoenix,1098,31.4,0.0,2,0
2023-04-27,center_phoenix,Phoenix,1114,34.5,0.0,3,0
2023-04-28,center_phoenix,Phoenix,778,36.0,0.0,4,0
2023-04-29,center_phoenix,Phoenix,598,36.8,0.0,5,0
2023-04-30,center_phoenix,Phoenix,461,38.5,0.0,6,0
2023-05-01,center_phoenix,Phoenix,968,36.9,0.0,0,0
2023-05-02,center_phoenix,Phoenix,1211,33.3,0.0,1,0
2023-05-03,center_phoenix,Phoenix,1212,30.9,0.0,2,0
2023-05-04,center_phoenix,Phoenix,1039,29.1,0.0,3,0
2023-05-05,center_phoenix,Phoenix,1006,26.6,0.0,4,0
2023-05-06,center_phoenix,Phoenix,821,29.0,0.0,5,0
2023-05-07,center_phoenix,Phoenix,652,30.8,0.0,6,0
2023-05-08,center_phoenix,Phoenix,1203,32.5,0.0,0,0
2023-05-09,center_phoenix,Phoenix,1219,33.2,0.0,1,0
2023-05-10,center_phoenix,Phoenix,1095,31.6,0.0,2,0
2023-05-11,center_phoenix,Phoenix,1225,31.3,0.0,3,0
2023-05-12,center_phoenix,Phoenix,1035,34.7,0.0,4,0
2023-05-13,center_phoenix,Phoenix,647,36.0,0.0,5,0
2023-05-14,center_phoenix,Phoenix,522,36.8,0.0,6,0
2023-05-15,center_phoenix,Phoenix,970,37.5,0.0,0,0
2023-05-16,center_phoenix,Phoenix,883,37.8,0.0,1,0
2023-05-17,center_phoenix,Phoenix,1004,36.8,0.7,2,0
2023-05-18,center_phoenix,Phoenix,887,35.7,0.0,3,0
2023-05-19,center_phoenix,Phoenix,744,35.2,0.5,4,0
2023-05-20,center_phoenix,Phoenix,742,34.0,0.0,5,0
2023-05-21,center_phoenix,Phoenix,454,36.2,0.0,6,0
2023-05-22,center_phoenix,Phoenix,981,37.5,0.0,0,0
2023-05-23,center_phoenix,Phoenix,968,37.8,0.0,1,0
2023-05-24,center_phoenix,Phoenix,942,36.5,0.0,2,0
2023-05-25,center_phoenix,Phoenix,969,36.4,0.0,3,0
2023-05-26,center_phoenix,Phoenix,979,34.8,0.0,4,0
2023-05-27,center_phoenix,Phoenix,551,35.4,0.0,5,0
2023-05-28,center_phoenix,Phoenix,506,36.2,0.0,6,0
2023-05-29,center_phoenix,Phoenix,492,36.5,0.0,0,1
2023-05-30,center_phoenix,Phoenix,898,36.5,0.0,1,0
2023-05-31,center_phoenix,Phoenix,1276,33.6,0.0,2,0
2023-06-01,center_phoenix,Phoenix,1094,32.2,0.0,3,0
2023-06-02,center_phoenix,Phoenix,1013,33.7,0.0,4,0
2023-06-03,center_phoenix,Phoenix,668,36.9,0.0,5,0
2023-06-04,center_phoenix,Phoenix,458,38.8,0.0,6,0
2023-06-05,center_phoenix,Phoenix,907,39.7,0.0,0,0
2023-06-06,center_phoenix,Phoenix,953,39.5,0.0,1,0
2023-06-07,center_phoenix,Phoenix,1184,34.2,0.0,2,0
2023-06-08,center_phoenix,Phoenix,1126,34.7,0.0,3,0
2023-06-09,center_phoenix,Phoenix,1018,34.9,0.0,4,0
2023-06-10,center_phoenix,Phoenix,595,36.7,0.0,5,0
2023-06-11,center_phoenix,Phoenix,484,35.8,0.0,6,0
2023-06-12,center_phoenix,Phoenix,1159,32.3,0.0,0,0
2023-06-13,center_phoenix,Phoenix,1214,34.4,0.0,1,0
2023-06-14,center_phoenix,Phoenix,959,36.4,0.0,2,0
2023-06-15,center_phoenix,Phoenix,841,36.8,0.0,3,0
2023-06-16,center_phoenix,Phoenix,724,38.1,0.0,4,0
2023-06-17,center_phoenix,Phoenix,627,38.5,0.0,5,0
2023-06-18,center_phoenix,Phoenix,484,40.5,0.0,6,0
2023-06-19,center_phoenix,Phoenix,405,38.8,0.0,0,1
2023-06-20,center_phoenix,Phoenix,982,38.1,0.0,1,0
2023-06-21,center_phoenix,Phoenix,1015,39.2,0.0,2,0
2023-06-22,center_phoenix,Phoenix,828,39.0,0.0,3,0
2023-06-23,center_phoenix,Phoenix,841,38.0,0.0,4,0
2023-06-24,center_phoenix,Phoenix,657,38.8,0.0,5,0
2023-06-25,center_phoenix,Phoenix,461,41.5,0.0,6,0
2023-06-26,center_phoenix,Phoenix,903,42.5,0.0,0,0
2023-06-27,center_phoenix,Phoenix,978,41.2,0.0,1,0
2023-06-28,center_phoenix,Phoenix,878,40.5,0.0,2,0
2023-06-29,center_phoenix,Phoenix,931,39.3,0.0,3,0
2023-06-30,center_phoenix,Phoenix,727,41.2,0.0,4,0
2023-07-01,center_phoenix,Phoenix,570,43.5,0.0,5,0
2023-07-02,center_phoenix,Phoenix,487,44.0,0.0,6,0
2023-07-03,center_phoenix,Phoenix,908,45.0,0.0,0,0
2023-07-04,center_phoenix,Phoenix,422,44.2,0.0,1,1
2023-07-05,center_phoenix,Phoenix,963,42.2,0.0,2,0
2023-07-06,center_phoenix,Phoenix,857,44.2,0.0,3,0
2023-07-07,center_phoenix,Phoenix,761,42.8,0.0,4,0
2023-07-08,center_phoenix,Phoenix,626,42.7,0.0,5,0
2023-07-09,center_phoenix,Phoenix,453,42.2,0.0,6,0
2023-07-10,center_phoenix,Phoenix,880,42.0,0.0,0,0
2023-07-11,center_phoenix,Phoenix,988,42.2,0.0,1,0
2023-07-12,center_phoenix,Phoenix,986,42.5,0.5,2,0
2023-07-13,center_phoenix,Phoenix,945,44.2,0.0,3,0
2023-07-14,center_phoenix,Phoenix,851,44.8,0.0,4,0
2023-07-15,center_phoenix,Phoenix,642,46.1,0.0,5,0
2023-07-16,center_phoenix,Phoenix,452,45.7,0.0,6,0
2023-07-17,center_phoenix,Phoenix,826,44.5,0.0,0,0
2023-07-18,center_phoenix,Phoenix,1019,45.5,0.0,1,0
2023-07-19,center_phoenix,Phoenix,1011,46.2,0.0,2,0
2023-07-20,center_phoenix,Phoenix,833,47.0,0.0,3,0
2023-07-21,center_phoenix,Phoenix,844,45.8,0.0,4,0
2023-07-22,center_phoenix,Phoenix,551,45.0,0.0,5,0
2023-07-23,center_phoenix,Phoenix,465,44.4,0.0,6,0
2023-07-24,center_phoenix,Phoenix,887,42.7,0.1,0,0
2023-07-25,center_phoenix,Phoenix,986,45.2,0.0,1,0
2023-07-26,center_phoenix,Phoenix,855,45.0,0.0,2,0
2023-07-27,center_phoenix,Phoenix,922,44.8,0.0,3,0
2023-07-28,center_phoenix,Phoenix,833,44.0,0.0,4,0
2023-07-29,center_phoenix,Phoenix,619,43.0,0.0,5,0
2023-07-30,center_phoenix,Phoenix,532,42.9,0.0,6,0
2023-07-31,center_phoenix,Phoenix,978,42.0,0.0,0,0
2023-08-01,center_phoenix,Phoenix,891,40.3,0.1,1,0
2023-08-02,center_phoenix,Phoenix,948,41.5,0.0,2,0
2023-08-03,center_phoenix,Phoenix,827,42.6,0.0,3,0
2023-08-04,center_phoenix,Phoenix,786,43.8,0.0,4,0
2023-08-05,center_phoenix,Phoenix,608,44.5,0.0,5,0
2023-08-06,center_phoenix,Phoenix,508,43.2,0.0,6,0
2023-08-07,center_phoenix,Phoenix,881,41.8,0.0,0,0
2023-08-08,center_phoenix,Phoenix,898,41.3,0.2,1,0
2023-08-09,center_phoenix,Phoenix,961,39.8,0.1,2,0
2023-08-10,center_phoenix,Phoenix,922,40.7,0.0,3,0
2023-08-11,center_phoenix,Phoenix,824,39.9,0.0,4,0
2023-08-12,center_phoenix,Phoenix,580,39.5,0.0,5,0
2023-08-13,center_phoenix,Phoenix,482,40.1,0.0,6,0
2023-08-14,center_phoenix,Phoenix,896,40.9,0.0,0,0
2023-08-15,center_phoenix,Phoenix,1013,41.7,0.0,1,0
2023-08-16,center_phoenix,Phoenix,909,43.1,0.0,2,0
2023-08-17,center_phoenix,Phoenix,963,41.8,0.0,3,0
2023-08-18,center_phoenix,Phoenix,810,42.2,0.0,4,0
2023-08-19,center_phoenix,Phoenix,621,37.6,0.1,5,0
2023-08-20,center_phoenix,Phoenix,468,37.0,1.2,6,0
2023-08-21,center_phoenix,Phoenix,848,36.0,7.1,0,0
2023-08-22,center_phoenix,Phoenix,823,37.1,11.8,1,0
2023-08-23,center_phoenix,Phoenix,988,40.3,0.0,2,0
2023-08-24,center_phoenix,Phoenix,875,39.5,0.0,3,0
2023-08-25,center_phoenix,Phoenix,842,42.3,0.0,4,0
2023-08-26,center_phoenix,Phoenix,608,43.0,0.0,5,0
2023-08-27,center_phoenix,Phoenix,494,43.7,0.0,6,0
2023-08-28,center_phoenix,Phoenix,926,45.0,0.0,0,0
2023-08-29,center_phoenix,Phoenix,968,44.7,0.0,1,0
2023-08-30,center_phoenix,Phoenix,890,43.7,0.0,2,0
2023-08-31,center_phoenix,Phoenix,916,41.7,0.0,3,0
2023-09-01,center_phoenix,Phoenix,701,38.1,0.3,4,0
2023-09-02,center_phoenix,Phoenix,656,31.1,5.2,5,0
2023-09-03,center_phoenix,Phoenix,569,34.2,0.0,6,0
2023-09-04,center_phoenix,Phoenix,483,35.8,0.0,0,1
2023-09-05,center_phoenix,Phoenix,950,37.2,0.0,1,0
2023-09-06,center_phoenix,Phoenix,846,39.3,0.0,2,0
2023-09-07,center_phoenix,Phoenix,871,40.8,0.0,3,0
2023-09-08,center_phoenix,Phoenix,715,42.2,0.0,4,0
2023-09-09,center_phoenix,Phoenix,635,43.6,0.0,5,0
2023-09-10,center_phoenix,Phoenix,520,43.7,0.0,6,0
2023-09-11,center_phoenix,Phoenix,958,40.6,0.0,0,0
2023-09-12,center_phoenix,Phoenix,847,38.3,0.0,1,0
2023-09-13,center_phoenix,Phoenix,1167,33.2,3.3,2,0
2023-09-14,center_phoenix,Phoenix,908,36.5,0.0,3,0
2023-09-15,center_phoenix,Phoenix,836,37.8,0.0,4,0
2023-09-16,center_phoenix,Phoenix,627,39.4,0.0,5,0
2023-09-17,center_phoenix,Phoenix,495,39.0,0.0,6,0
2023-09-18,center_phoenix,Phoenix,926,38.2,0.0,0,0
2023-09-19,center_phoenix,Phoenix,1014,36.5,0.0,1,0
2023-09-20,center_phoenix,Phoenix,972,37.4,0.0,2,0
2023-09-21,center_phoenix,Phoenix,968,35.8,0.0,3,0
2023-09-22,center_phoenix,Phoenix,1043,34.9,0.0,4,0
2023-09-23,center_phoenix,Phoenix,810,34.0,0.0,5,0
2023-09-24,center_phoenix,Phoenix,490,36.1,0.0,6,0
2023-09-25,center_phoenix,Phoenix,911,37.8,0.0,0,0
2023-09-26,center_phoenix,Phoenix,1002,38.8,0.0,1,0
2023-09-27,center_phoenix,Phoenix,1005,38.8,0.0,2,0
2023-09-28,center_phoenix,Phoenix,887,38.0,0.0,3,0
2023-09-29,center_phoenix,Phoenix,825,36.5,0.0,4,0
2023-09-30,center_phoenix,Phoenix,613,36.2,0.0,5,0
2023-10-01,center_phoenix,Phoenix,641,33.8,0.1,6,0
2023-10-02,center_phoenix,Phoenix,1213,29.0,0.0,0,0
2023-10-03,center_phoenix,Phoenix,1249,30.0,0.0,1,0
2023-10-04,center_phoenix,Phoenix,1275,33.0,0.0,2,0
2023-10-05,center_phoenix,Phoenix,819,35.9,0.0,3,0
2023-10-06,center_phoenix,Phoenix,741,38.7,0.0,4,0
2023-10-07,center_phoenix,Phoenix,604,38.2,0.0,5,0
2023-10-08,center_phoenix,Phoenix,490,36.6,0.0,6,0
2023-10-09,center_phoenix,Phoenix,434,36.2,0.0,0,1
2023-10-10,center_phoenix,Phoenix,911,35.2,0.0,1,0
2023-10-11,center_phoenix,Phoenix,1182,33.5,0.0,2,0
2023-10-12,center_phoenix,Phoenix,1109,30.8,0.0,3,0
2023-10-13,center_phoenix,Phoenix,1048,31.0,0.0,4,0
2023-10-14,center_phoenix,Phoenix,813,32.9,0.0,5,0
2023-10-15,center_phoenix,Phoenix,463,36.8,0.0,6,0
2023-10-16,center_phoenix,Phoenix,934,38.5,0.0,0,0
2023-10-17,center_phoenix,Phoenix,967,38.0,0.0,1,0
2023-10-18,center_phoenix,Phoenix,955,36.5,0.0,2,0
2023-10-19,center_phoenix,Phoenix,953,38.8,0.0,3,0
2023-10-20,center_phoenix,Phoenix,826,38.2,0.0,4,0
2023-10-21,center_phoenix,Phoenix,656,37.3,0.0,5,0
2023-10-22,center_phoenix,Phoenix,468,36.2,0.0,6,0
2023-10-23,center_phoenix,Phoenix,1086,33.7,0.0,0,0
2023-10-24,center_phoenix,Phoenix,1258,28.4,0.0,1,0
2023-10-25,center_phoenix,Phoenix,1204,27.8,0.0,2,0
2023-10-26,center_phoenix,Phoenix,1217,27.7,0.0,3,0
2023-10-27,center_phoenix,Phoenix,1047,29.1,0.0,4,0
2023-10-28,center_phoenix,Phoenix,770,28.5,0.0,5,0
2023-10-29,center_phoenix,Phoenix,566,27.2,0.0,6,0
2023-10-30,center_phoenix,Phoenix,1181,25.4,0.0,0,0
2023-10-31,center_phoenix,Phoenix,1254,27.0,0.0,1,0
2023-11-01,center_phoenix,Phoenix,1057,27.5,0.0,2,0
2023-11-02,center_phoenix,Phoenix,1203,28.0,0.0,3,0
2023-11-03,center_phoenix,Phoenix,1047,28.8,0.0,4,0
2023-11-04,center_phoenix,Phoenix,761,30.2,0.0,5,0
2023-11-05,center_phoenix,Phoenix,553,32.0,0.0,6,0
2023-11-06,center_phoenix,Phoenix,1115,31.8,0.0,0,0
2023-11-07,center_phoenix,Phoenix,1252,30.6,0.0,1,0
2023-11-08,center_phoenix,Phoenix,1146,28.0,0.0,2,0
2023-11-09,center_phoenix,Phoenix,1048,24.4,0.0,3,0
2023-11-10,center_phoenix,Phoenix,463,23.8,0.0,4,1
2023-11-11,center_phoenix,Phoenix,409,25.8,0.0,5,1
2023-11-12,center_phoenix,Phoenix,671,27.8,0.0,6,0
2023-11-13,center_phoenix,Phoenix,1123,29.4,0.0,0,0
2023-11-14,center_phoenix,Phoenix,1257,30.0,0.0,1,0
2023-11-15,center_phoenix,Phoenix,1113,30.1,0.0,2,0
2023-11-16,center_phoenix,Phoenix,1088,28.8,0.3,3,0
2023-11-17,center_phoenix,Phoenix,1060,25.5,2.9,4,0
2023-11-18,center_phoenix,Phoenix,661,25.0,17.1,5,0
2023-11-19,center_phoenix,Phoenix,651,22.0,0.1,6,0
2023-11-20,center_phoenix,Phoenix,1128,23.7,0.0,0,0
2023-11-21,center_phoenix,Phoenix,1283,24.2,0.0,1,0
2023-11-22,center_phoenix,Phoenix,1076,23.0,0.0,2,0
2023-11-23,center_phoenix,Phoenix,537,22.0,0.0,3,1
2023-11-24,center_phoenix,Phoenix,1020,20.5,0.8,4,0
2023-11-25,center_phoenix,Phoenix,747,19.5,0.0,5,0
2023-11-26,center_phoenix,Phoenix,664,20.9,0.0,6,0
2023-11-27,center_phoenix,Phoenix,1132,22.6,0.0,0,0
2023-11-28,center_phoenix,Phoenix,1074,23.9,0.0,1,0
2023-11-29,center_phoenix,Phoenix,1134,23.0,0.0,2,0
2023-11-30,center_phoenix,Phoenix,1166,19.8,0.0,3,0
2023-12-01,center_phoenix,Phoenix,921,16.9,1.2,4,0
2023-12-02,center_phoenix,Phoenix,747,17.5,0.1,5,0
2023-12-03,center_phoenix,Phoenix,645,18.6,0.0,6,0
2023-12-04,center_phoenix,Phoenix,1087,20.0,0.0,0,0
2023-12-05,center_phoenix,Phoenix,1184,26.8,0.0,1,0
2023-12-06,center_phoenix,Phoenix,1091,26.9,0.0,2,0
2023-12-07,center_phoenix,Phoenix,1232,24.5,0.0,3,0
2023-12-08,center_phoenix,Phoenix,1002,21.6,0.0,4,0
2023-12-09,center_phoenix,Phoenix,765,18.9,0.0,5,0
2023-12-10,center_phoenix,Phoenix,665,21.7,0.0,6,0
2023-12-11,center_phoenix,Phoenix,1219,20.5,0.0,0,0
2023-12-12,center_phoenix,Phoenix,1260,20.5,0.0,1,0
2023-12-13,center_phoenix,Phoenix,1142,19.4,0.0,2,0
2023-12-14,center_phoenix,Phoenix,1180,19.1,0.0,3,0
2023-12-15,center_phoenix,Phoenix,873,22.0,0.0,4,0
2023-12-16,center_phoenix,Phoenix,800,26.1,0.0,5,0
2023-12-17,center_phoenix,Phoenix,590,24.2,0.0,6,0
2023-12-18,center_phoenix,Phoenix,1126,25.5,0.0,0,0
2023-12-19,center_phoenix,Phoenix,1096,22.1,0.0,1,0
2023-12-20,center_phoenix,Phoenix,1020,20.6,10.9,2,0
2023-12-21,center_phoenix,Phoenix,1083,23.0,0.0,3,0
2023-12-22,center_phoenix,Phoenix,831,20.9,19.9,4,0
2023-12-23,center_phoenix,Phoenix,642,15.3,8.0,5,0
2023-12-24,center_phoenix,Phoenix,630,15.1,0.0,6,0
2023-12-25,center_phoenix,Phoenix,519,14.9,0.0,0,1
2023-12-26,center_phoenix,Phoenix,1285,14.6,0.0,1,0
2023-12-27,center_phoenix,Phoenix,1146,15.8,0.0,2,0
2023-12-28,center_phoenix,Phoenix,1191,16.5,0.0,3,0
2023-12-29,center_phoenix,Phoenix,954,20.1,0.0,4,0
2023-12-30,center_phoenix,Phoenix,762,20.9,0.0,5,0
2023-12-31,center_phoenix,Phoenix,589,16.5,0.0,6,0
2020-01-01,center_san_antonio,San Antonio,533,13.1,0.1,2,1
2020-01-02,center_san_antonio,San Antonio,1013,16.0,0.4,3,0
2020-01-03,center_san_antonio,San Antonio,957,18.5,0.0,4,0
2020-01-04,center_san_antonio,San Antonio,637,20.6,0.0,5,0
2020-01-05,center_san_antonio,San Antonio,522,21.8,0.0,6,0
2020-01-06,center_san_antonio,San Antonio,1070,22.1,0.0,0,0
2020-01-07,center_san_antonio,San Antonio,1031,19.1,0.0,1,0
2020-01-08,center_san_antonio,San Antonio,992,20.1,0.0,2,0
2020-01-09,center_san_antonio,San Antonio,997,26.4,1.7,3,0
2020-01-10,center_san_antonio,San Antonio,835,27.7,3.1,4,0
2020-01-11,center_san_antonio,San Antonio,638,21.0,12.7,5,0
2020-01-12,center_san_antonio,San Antonio,510,17.8,0.0,6,0
2020-01-13,center_san_antonio,San Antonio,990,16.9,0.8,0,0
2020-01-14,center_san_antonio,San Antonio,1113,25.0,1.6,1,0
2020-01-15,center_san_antonio,San Antonio,1140,25.2,1.1,2,0
2020-01-16,center_san_antonio,San Antonio,876,22.8,16.7,3,0
2020-01-17,center_san_antonio,San Antonio,778,21.2,11.8,4,0
2020-01-18,center_san_antonio,San Antonio,716,20.5,1.6,5,0
2020-01-19,center_san_antonio,San Antonio,607,16.8,0.0,6,0
2020-01-20,center_san_antonio,San Antonio,511,14.2,0.0,0,1
2020-01-21,center_san_antonio,San Antonio,1040,16.5,0.0,1,0
2020-01-22,center_san_antonio,San Antonio,967,16.5,14.5,2,0
2020-01-23,center_san_antonio,San Antonio,1047,21.0,0.0,3,0
2020-01-24,center_san_antonio,San Antonio,809,19.0,0.0,4,0
2020-01-25,center_san_antonio,San Antonio,713,19.0,0.4,5,0
2020-01-26,center_san_antonio,San Antonio,582,23.7,0.5,6,0
2020-01-27,center_san_antonio,San Antonio,1049,22.0,0.0,0,0
2020-01-28,center_san_antonio,San Antonio,892,21.2,6.8,1,0
2020-01-29,center_san_antonio,San Antonio,1043,16.8,0.0,2,0
2020-01-30,center_san_antonio,San Antonio,1020,13.1,0.0,3,0
2020-01-31,center_san_antonio,San Antonio,899,16.7,0.1,4,0
2020-02-01,center_san_antonio,San Antonio,752,20.1,0.0,5,0
2020-02-02,center_san_antonio,San Antonio,533,22.1,0.0,6,0
2020-02-03,center_san_antonio,San Antonio,1076,19.1,4.4,0,0
2020-02-04,center_san_antonio,San Antonio,974,26.4,0.2,1,0
2020-02-05,center_san_antonio,San Antonio,1114,22.2,0.5,2,0
2020-02-06,center_san_antonio,San Antonio,959,13.9,2.1,3,0
2020-02-07,center_san_antonio,San Antonio,859,21.2,0.0,4,0
2020-02-08,center_san_antonio,San Antonio,717,21.3,0.2,5,0
2020-02-09,center_san_antonio,San Antonio,532,23.3,7.4,6,0
2020-02-10,center_san_antonio,San Antonio,992,21.4,19.0,0,0
2020-02-11,center_san_antonio,San Antonio,1017,11.9,2.8,1,0
2020-02-12,center_san_antonio,San Antonio,1045,19.0,12.6,2,0
2020-02-13,center_san_antonio,San Antonio,952,16.9,0.0,3,0
2020-02-14,center_san_antonio,San Antonio,926,13.9,0.0,4,0
2020-02-15,center_san_antonio,San Antonio,690,18.4,0.0,5,0
2020-02-16,center_san_antonio,San Antonio,536,22.9,0.0,6,0
2020-02-17,center_san_antonio,San Antonio,498,25.9,0.7,0,1
2020-02-18,center_san_antonio,San Antonio,1044,24.7,2.9,1,0
2020-02-19,center_san_antonio,San Antonio,951,12.6,6.7,2,0
2020-02-20,center_san_antonio,San Antonio,1063,10.8,4.3,3,0
2020-02-21,center_san_antonio,San Antonio,965,12.9,0.0,4,0
2020-02-22,center_san_antonio,San Antonio,711,16.6,0.0,5,0
2020-02-23,center_san_antonio,San Antonio,510,21.4,0.5,6,0
2020-02-24,center_san_antonio,San Antonio,1076,22.4,2.0,0,0
2020-02-25,center_san_antonio,San Antonio,1157,20.1,0.0,1,0
2020-02-26,center_san_antonio,San Antonio,1065,16.6,0.0,2,0
2020-02-27,center_san_antonio,San Antonio,942,14.9,0.0,3,0
2020-02-28,center_san_antonio,San Antonio,945,21.2,0.0,4,0
2020-02-29,center_san_antonio,San Antonio,737,22.4,0.0,5,0
2020-03-01,center_san_antonio,San Antonio,532,26.7,0.0,6,0
2020-03-02,center_san_antonio,San Antonio,1076,26.0,0.4,0,0
2020-03-03,center_san_antonio,San Antonio,1143,26.1,0.0,1,0
2020-03-04,center_san_antonio,San Antonio,898,22.4,10.8,2,0
2020-03-05,center_san_antonio,San Antonio,928,22.7,0.0,3,0
2020-03-06,center_san_antonio,San Antonio,823,21.1,0.0,4,0
2020-03-07,center_san_antonio,San Antonio,624,20.0,0.0,5,0
2020-03-08,center_san_antonio,San Antonio,599,22.5,0.0,6,0
2020-03-09,center_san_antonio,San Antonio,997,21.8,5.9,0,0
2020-03-10,center_san_antonio,San Antonio,1116,25.7,0.3,1,0
2020-03-11,center_san_antonio,San Antonio,1099,28.5,0.1,2,0
2020-03-12,center_san_antonio,San Antonio,1018,29.8,0.0,3,0
2020-03-13,center_san_antonio,San Antonio,879,29.5,1.1,4,0
2020-03-14,center_san_antonio,San Antonio,750,28.0,1.7,5,0
2020-03-15,center_san_antonio,San Antonio,462,27.2,6.9,6,0
2020-03-16,center_san_antonio,San Antonio,959,24.2,2.6,0,0
2020-03-17,center_san_antonio,San Antonio,894,25.9,6.3,1,0
2020-03-18,center_san_antonio,San Antonio,1012,27.9,1.7,2,0
2020-03-19,center_san_antonio,San Antonio,845,28.8,12.9,3,0
2020-03-20,center_san_antonio,San Antonio,699,26.9,31.0,4,0
2020-03-21,center_san_antonio,San Antonio,594,15.1,12.8,5,0
2020-03-22,center_san_antonio,San Antonio,606,20.7,4.8,6,0
2020-03-23,center_san_antonio,San Antonio,1099,27.5,0.9,0,0
2020-03-24,center_san_antonio,San Antonio,1141,30.9,0.2,1,0
2020-03-25,center_san_antonio,San Antonio,1078,30.5,0.0,2,0
2020-03-26,center_san_antonio,San Antonio,1098,30.4,0.1,3,0
2020-03-27,center_san_antonio,San Antonio,876,31.0,0.1,4,0
2020-03-28,center_san_antonio,San Antonio,709,29.0,1.6,5,0
2020-03-29,center_san_antonio,San Antonio,564,25.6,0.4,6,0
2020-03-30,center_san_antonio,San Antonio,1043,27.5,3.0,0,0
2020-03-31,center_san_antonio,San Antonio,1139,25.4,0.1,1,0
2020-04-01,center_san_antonio,San Antonio,979,25.3,0.0,2,0
2020-04-02,center_san_antonio,San Antonio,873,24.4,6.2,3,0
2020-04-03,center_san_antonio,San Antonio,718,26.1,18.8,4,0
2020-04-04,center_san_antonio,San Antonio,522,16.5,30.8,5,0
2020-04-05,center_san_antonio,San Antonio,570,22.1,0.3,6,0
2020-04-06,center_san_antonio,San Antonio,1109,24.6,0.2,0,0
2020-04-07,center_san_antonio,San Antonio,1036,28.4,0.2,1,0
2020-04-08,center_san_antonio,San Antonio,1101,30.8,0.2,2,0
2020-04-09,center_san_antonio,San Antonio,972,30.2,7.2,3,0
2020-04-10,center_san_antonio,San Antonio,858,24.3,5.7,4,0
2020-04-11,center_san_antonio,San Antonio,753,27.2,3.4,5,0
2020-04-12,center_san_antonio,San Antonio,451,28.0,21.0,6,0
2020-04-13,center_san_antonio,San Antonio,1000,25.0,0.0,0,0
2020-04-14,center_san_antonio,San Antonio,1100,18.8,0.0,1,0
2020-04-15,center_san_antonio,San Antonio,957,19.1,0.0,2,0
2020-04-16,center_san_antonio,San Antonio,934,25.0,0.0,3,0
2020-04-17,center_san_antonio,San Antonio,926,24.0,2.8,4,0
2020-04-18,center_san_antonio,San Antonio,692,20.8,2.9,5,0
2020-04-19,center_san_antonio,San Antonio,574,32.2,2.3,6,0
2020-04-20,center_san_antonio,San Antonio,957,30.4,0.0,0,0
2020-04-21,center_san_antonio,San Antonio,1126,29.4,0.0,1,0
2020-04-22,center_san_antonio,San Antonio,989,31.0,10.3,2,0
2020-04-23,center_san_antonio,San Antonio,1107,30.6,0.0,3,0
2020-04-24,center_san_antonio,San Antonio,922,35.0,0.0,4,0
2020-04-25,center_san_antonio,San Antonio,741,33.2,0.7,5,0
2020-04-26,center_san_antonio,San Antonio,604,28.6,0.0,6,0
2020-04-27,center_san_antonio,San Antonio,941,31.6,0.0,0,0
2020-04-28,center_san_antonio,San Antonio,1076,34.0,1.0,1,0
2020-04-29,center_san_antonio,San Antonio,751,29.3,36.0,2,0
2020-04-30,center_san_antonio,San Antonio,941,30.1,0.0,3,0
2020-05-01,center_san_antonio,San Antonio,824,32.6,0.0,4,0
2020-05-02,center_san_antonio,San Antonio,691,35.0,0.0,5,0
2020-05-03,center_san_antonio,San Antonio,499,34.9,0.0,6,0
2020-05-04,center_san_antonio,San Antonio,849,36.0,0.0,0,0
2020-05-05,center_san_antonio,San Antonio,1145,33.9,1.5,1,0
2020-05-06,center_san_antonio,San Antonio,918,29.7,19.5,2,0
2020-05-07,center_san_antonio,San Antonio,1100,30.6,0.0,3,0
2020-05-08,center_san_antonio,San Antonio,951,31.1,0.5,4,0
2020-05-09,center_san_antonio,San Antonio,630,25.5,0.4,5,0
2020-05-10,center_san_antonio,San Antonio,551,28.0,0.0,6,0
2020-05-11,center_san_antonio,San Antonio,960,28.4,0.3,0,0
2020-05-12,center_san_antonio,San Antonio,760,26.0,26.3,1,0
2020-05-13,center_san_antonio,San Antonio,1127,30.7,0.9,2,0
2020-05-14,center_san_antonio,San Antonio,1076,31.8,0.5,3,0
2020-05-15,center_san_antonio,San Antonio,793,32.7,1.5,4,0
2020-05-16,center_san_antonio,San Antonio,561,29.5,38.5,5,0
2020-05-17,center_san_antonio,San Antonio,500,31.3,0.0,6,0
2020-05-18,center_san_antonio,San Antonio,956,33.5,0.0,0,0
2020-05-19,center_san_antonio,San Antonio,833,35.9,0.0,1,0
2020-05-20,center_san_antonio,San Antonio,879,36.4,0.0,2,0
2020-05-21,center_san_antonio,San Antonio,1086,33.5,1.5,3,0
2020-05-22,center_san_antonio,San Antonio,955,33.6,1.0,4,0
2020-05-23,center_san_antonio,San Antonio,486,29.0,22.5,5,0
2020-05-24,center_san_antonio,San Antonio,376,30.9,29.5,6,0
2020-05-25,center_san_antonio,San Antonio,406,29.8,47.3,0,1
2020-05-26,center_san_antonio,San Antonio,998,28.9,8.0,1,0
2020-05-27,center_san_antonio,San Antonio,1046,33.3,0.0,2,0
2020-05-28,center_san_antonio,San Antonio,1028,33.0,0.0,3,0
2020-05-29,center_san_antonio,San Antonio,904,31.9,0.2,4,0
2020-05-30,center_san_antonio,San Antonio,662,31.0,0.0,5,0
2020-05-31,center_san_antonio,San Antonio,479,29.2,6.2,6,0
2020-06-01,center_san_antonio,San Antonio,963,27.4,11.4,0,0
2020-06-02,center_san_antonio,San Antonio,997,29.4,9.7,1,0
2020-06-03,center_san_antonio,San Antonio,1077,31.0,0.9,2,0
2020-06-04,center_san_antonio,San Antonio,961,33.3,0.2,3,0
2020-06-05,center_san_antonio,San Antonio,963,33.3,0.2,4,0
2020-06-06,center_san_antonio,San Antonio,730,34.5,0.0,5,0
2020-06-07,center_san_antonio,San Antonio,581,33.8,0.3,6,0
2020-06-08,center_san_antonio,San Antonio,744,37.8,0.0,0,0
2020-06-09,center_san_antonio,San Antonio,815,37.0,1.1,1,0
2020-06-10,center_san_antonio,San Antonio,1132,35.0,0.0,2,0
2020-06-11,center_san_antonio,San Antonio,1072,35.0,0.0,3,0
2020-06-12,center_san_antonio,San Antonio,957,33.8,0.0,4,0
2020-06-13,center_san_antonio,San Antonio,734,33.5,0.0,5,0
2020-06-14,center_san_antonio,San Antonio,518,31.9,0.0,6,0
2020-06-15,center_san_antonio,San Antonio,956,31.4,1.2,0,0
2020-06-16,center_san_antonio,San Antonio,867,31.1,5.4,1,0
2020-06-17,center_san_antonio,San Antonio,1004,33.5,0.3,2,0
2020-06-18,center_san_antonio,San Antonio,1102,31.4,5.0,3,0
2020-06-19,center_san_antonio,San Antonio,871,31.8,3.8,4,0
2020-06-20,center_san_antonio,San Antonio,654,31.0,3.0,5,0
2020-06-21,center_san_antonio,San Antonio,433,35.2,0.2,6,0
2020-06-22,center_san_antonio,San Antonio,948,32.5,1.2,0,0
2020-06-23,center_san_antonio,San Antonio,922,32.2,10.5,1,0
2020-06-24,center_san_antonio,San Antonio,908,36.0,0.7,2,0
2020-06-25,center_san_antonio,San Antonio,1110,33.8,1.5,3,0
2020-06-26,center_san_antonio,San Antonio,845,30.2,8.1,4,0
2020-06-27,center_san_antonio,San Antonio,656,33.0,1.7,5,0
2020-06-28,center_san_antonio,San Antonio,509,30.0,12.8,6,0
2020-06-29,center_san_antonio,San Antonio,973,32.2,1.7,0,0
2020-06-30,center_san_antonio,San Antonio,973,34.9,0.1,1,0
2020-07-01,center_san_antonio,San Antonio,1046,35.0,1.1,2,0
2020-07-02,center_san_antonio,San Antonio,889,36.8,0.2,3,0
2020-07-03,center_san_antonio,San Antonio,380,36.2,0.0,4,1
2020-07-04,center_san_antonio,San Antonio,274,37.7,0.0,5,1
2020-07-05,center_san_antonio,San Antonio,466,38.0,0.0,6,0
2020-07-06,center_san_antonio,San Antonio,772,37.3,0.0,0,0
2020-07-07,center_san_antonio,San Antonio,931,36.2,0.2,1,0
2020-07-08,center_san_antonio,San Antonio,811,37.7,0.2,2,0
2020-07-09,center_san_antonio,San Antonio,759,38.0,0.2,3,0
2020-07-10,center_san_antonio,San Antonio,702,39.5,0.2,4,0
2020-07-11,center_san_antonio,San Antonio,546,39.2,0.0,5,0
2020-07-12,center_san_antonio,San Antonio,478,39.5,0.0,6,0
2020-07-13,center_san_antonio,San Antonio,798,41.2,0.0,0,0
2020-07-14,center_san_antonio,San Antonio,909,40.9,0.0,1,0
2020-07-15,center_san_antonio,San Antonio,781,39.1,0.0,2,0
2020-07-16,center_san_antonio,San Antonio,783,37.3,0.1,3,0
2020-07-17,center_san_antonio,San Antonio,750,37.1,0.4,4,0
2020-07-18,center_san_antonio,San Antonio,693,34.8,0.5,5,0
2020-07-19,center_san_antonio,San Antonio,434,35.7,0.1,6,0
2020-07-20,center_san_antonio,San Antonio,758,36.0,0.6,0,0
2020-07-21,center_san_antonio,San Antonio,1039,35.0,0.9,1,0
2020-07-22,center_san_antonio,San Antonio,818,35.3,1.3,2,0
2020-07-23,center_san_antonio,San Antonio,749,35.7,0.9,3,0
2020-07-24,center_san_antonio,San Antonio,660,38.0,0.8,4,0
2020-07-25,center_san_antonio,San Antonio,586,33.7,9.2,5,0
2020-07-26,center_san_antonio,San Antonio,455,31.6,10.0,6,0
2020-07-27,center_san_antonio,San Antonio,1023,33.9,1.1,0,0
2020-07-28,center_san_antonio,San Antonio,877,33.7,13.7,1,0
2020-07-29,center_san_antonio,San Antonio,1008,33.7,1.3,2,0
2020-07-30,center_san_antonio,San Antonio,1081,35.0,1.7,3,0
2020-07-31,center_san_antonio,San Antonio,949,34.6,0.9,4,0
2020-08-01,center_san_antonio,San Antonio,674,34.2,4.7,5,0
2020-08-02,center_san_antonio,San Antonio,587,33.9,0.5,6,0
2020-08-03,center_san_antonio,San Antonio,873,36.4,0.9,0,0
2020-08-04,center_san_antonio,San Antonio,1162,34.8,2.4,1,0
2020-08-05,center_san_antonio,San Antonio,922,37.0,0.0,2,0
2020-08-06,center_san_antonio,San Antonio,809,36.7,0.0,3,0
2020-08-07,center_san_antonio,San Antonio,660,35.7,1.0,4,0
2020-08-08,center_san_antonio,San Antonio,510,35.8,0.7,5,0
2020-08-09,center_san_antonio,San Antonio,401,37.2,0.1,6,0
2020-08-10,center_san_antonio,San Antonio,886,36.8,0.2,0,0
2020-08-11,center_san_antonio,San Antonio,846,37.8,0.4,1,0
2020-08-12,center_san_antonio,San Antonio,926,38.8,0.0,2,0
2020-08-13,center_san_antonio,San Antonio,732,38.8,0.0,3,0
2020-08-14,center_san_antonio,San Antonio,715,39.5,0.0,4,0
2020-08-15,center_san_antonio,San Antonio,521,39.3,0.0,5,0
2020-08-16,center_san_antonio,San Antonio,461,38.7,0.0,6,0
2020-08-17,center_san_antonio,San Antonio,876,36.7,1.0,0,0
2020-08-18,center_san_antonio,San Antonio,816,35.5,0.6,1,0
2020-08-19,center_san_antonio,San Antonio,861,37.6,0.0,2,0
2020-08-20,center_san_antonio,San Antonio,875,36.4,0.0,3,0
2020-08-21,center_san_antonio,San Antonio,732,37.5,0.0,4,0
2020-08-22,center_san_antonio,San Antonio,495,35.4,9.3,5,0
2020-08-23,center_san_antonio,San Antonio,503,34.4,0.7,6,0
2020-08-24,center_san_antonio,San Antonio,1015,34.7,0.0,0,0
2020-08-25,center_san_antonio,San Antonio,887,35.5,0.0,1,0
2020-08-26,center_san_antonio,San Antonio,1098,34.2,0.1,2,0
2020-08-27,center_san_antonio,San Antonio,991,34.4,0.0,3,0
2020-08-28,center_san_antonio,San Antonio,763,38.5,0.0,4,0
2020-08-29,center_san_antonio,San Antonio,607,37.2,0.0,5,0
2020-08-30,center_san_antonio,San Antonio,483,37.2,0.0,6,0
2020-08-31,center_san_antonio,San Antonio,790,36.8,1.3,0,0
2020-09-01,center_san_antonio,San Antonio,913,37.8,1.8,1,0
2020-09-02,center_san_antonio,San Antonio,881,32.7,6.6,2,0
2020-09-03,center_san_antonio,San Antonio,796,35.1,5.3,3,0
2020-09-04,center_san_antonio,San Antonio,680,30.0,43.2,4,0
2020-09-05,center_san_antonio,San Antonio,571,29.1,8.9,5,0
2020-09-06,center_san_antonio,San Antonio,565,30.1,1.1,6,0
2020-09-07,center_san_antonio,San Antonio,500,31.5,0.2,0,1
2020-09-08,center_san_antonio,San Antonio,1168,32.2,0.4,1,0
2020-09-09,center_san_antonio,San Antonio,870,29.8,49.3,2,0
2020-09-10,center_san_antonio,San Antonio,699,24.4,31.1,3,0
2020-09-11,center_san_antonio,San Antonio,818,27.6,3.3,4,0
2020-09-12,center_san_antonio,San Antonio,725,29.5,0.7,5,0
2020-09-13,center_san_antonio,San Antonio,588,30.9,0.9,6,0
2020-09-14,center_san_antonio,San Antonio,988,31.0,0.1,0,0
2020-09-15,center_san_antonio,San Antonio,1017,29.9,0.7,1,0
2020-09-16,center_san_antonio,San Antonio,1160,30.9,0.3,2,0
2020-09-17,center_san_antonio,San Antonio,1033,31.2,0.2,3,0
2020-09-18,center_san_antonio,San Antonio,908,30.5,0.2,4,0
2020-09-19,center_san_antonio,San Antonio,682,29.0,0.0,5,0
2020-09-20,center_san_antonio,San Antonio,597,29.4,0.0,6,0
2020-09-21,center_san_antonio,San Antonio,859,26.4,11.5,0,0
2020-09-22,center_san_antonio,San Antonio,1049,27.5,0.1,1,0
2020-09-23,center_san_antonio,San Antonio,1095,28.4,0.0,2,0
2020-09-24,center_san_antonio,San Antonio,952,29.1,0.0,3,0
2020-09-25,center_san_antonio,San Antonio,959,30.0,0.0,4,0
2020-09-26,center_san_antonio,San Antonio,673,32.2,0.3,5,0
2020-09-27,center_san_antonio,San Antonio,485,35.2,0.4,6,0
2020-09-28,center_san_antonio,San Antonio,1001,31.5,0.1,0,0
2020-09-29,center_san_antonio,San Antonio,1099,26.7,0.0,1,0
2020-09-30,center_san_antonio,San Antonio,1095,29.4,0.0,2,0
2020-10-01,center_san_antonio,San Antonio,979,30.5,0.0,3,0
2020-10-02,center_san_antonio,San Antonio,949,28.1,0.0,4,0
2020-10-03,center_san_antonio,San Antonio,642,30.1,0.0,5,0
2020-10-04,center_san_antonio,San Antonio,516,30.8,0.0,6,0
2020-10-05,center_san_antonio,San Antonio,923,30.3,0.0,0,0
2020-10-06,center_san_antonio,San Antonio,962,30.7,0.0,1,0
2020-10-07,center_san_antonio,San Antonio,1049,31.2,0.0,2,0
2020-10-08,center_san_antonio,San Antonio,994,30.5,0.0,3,0
2020-10-09,center_san_antonio,San Antonio,808,32.3,0.0,4,0
2020-10-10,center_san_antonio,San Antonio,686,35.0,0.0,5,0
2020-10-11,center_san_antonio,San Antonio,433,35.7,0.0,6,0
2020-10-12,center_san_antonio,San Antonio,512,33.2,0.0,0,1
2020-10-13,center_san_antonio,San Antonio,1065,31.0,0.0,1,0
2020-10-14,center_san_antonio,San Antonio,1005,33.4,0.0,2,0
2020-10-15,center_san_antonio,San Antonio,1108,31.0,0.3,3,0
2020-10-16,center_san_antonio,San Antonio,863,28.4,3.7,4,0
2020-10-17,center_san_antonio,San Antonio,734,29.0,0.1,5,0
2020-10-18,center_san_antonio,San Antonio,564,32.2,0.1,6,0
2020-10-19,center_san_antonio,San Antonio,1076,31.9,0.7,0,0
2020-10-20,center_san_antonio,San Antonio,1055,31.0,4.4,1,0
2020-10-21,center_san_antonio,San Antonio,1010,30.5,2.6,2,0
2020-10-22,center_san_antonio,San Antonio,1026,30.4,1.7,3,0
2020-10-23,center_san_antonio,San Antonio,937,29.6,1.5,4,0
2020-10-24,center_san_antonio,San Antonio,749,21.4,0.7,5,0
2020-10-25,center_san_antonio,San Antonio,518,27.5,0.3,6,0
2020-10-26,center_san_antonio,San Antonio,932,28.6,6.7,0,0
2020-10-27,center_san_antonio,San Antonio,1133,10.9,3.0,1,0
2020-10-28,center_san_antonio,San Antonio,1043,18.8,4.8,2,0
2020-10-29,center_san_antonio,San Antonio,944,18.2,0.0,3,0
2020-10-30,center_san_antonio,San Antonio,894,19.2,0.0,4,0
2020-10-31,center_san_antonio,San Antonio,751,22.0,0.0,5,0
2020-11-01,center_san_antonio,San Antonio,558,25.2,0.0,6,0
2020-11-02,center_san_antonio,San Antonio,1076,22.8,0.0,0,0
2020-11-03,center_san_antonio,San Antonio,1003,23.6,0.0,1,0
2020-11-04,center_san_antonio,San Antonio,1080,24.5,0.0,2,0
2020-11-05,center_san_antonio,San Antonio,949,25.5,0.1,3,0
2020-11-06,center_san_antonio,San Antonio,820,23.9,0.1,4,0
2020-11-07,center_san_antonio,San Antonio,679,25.4,0.0,5,0
2020-11-08,center_san_antonio,San Antonio,513,26.6,0.8,6,0
2020-11-09,center_san_antonio,San Antonio,1063,28.0,0.6,0,0
2020-11-10,center_san_antonio,San Antonio,1001,24.5,1.1,1,0
2020-11-11,center_san_antonio,San Antonio,530,26.5,0.0,2,1
2020-11-12,center_san_antonio,San Antonio,1062,25.9,0.4,3,0
2020-11-13,center_san_antonio,San Antonio,822,26.1,5.3,4,0
2020-11-14,center_san_antonio,San Antonio,711,29.6,1.6,5,0
2020-11-15,center_san_antonio,San Antonio,525,26.4,0.0,6,0
2020-11-16,center_san_antonio,San Antonio,1051,22.4,0.0,0,0
2020-11-17,center_san_antonio,San Antonio,1008,22.4,0.0,1,0
2020-11-18,center_san_antonio,San Antonio,1086,23.1,0.0,2,0
2020-11-19,center_san_antonio,San Antonio,917,25.0,0.0,3,0
2020-11-20,center_san_antonio,San Antonio,800,25.5,0.0,4,0
2020-11-21,center_san_antonio,San Antonio,657,24.4,1.3,5,0
2020-11-22,center_san_antonio,San Antonio,501,22.5,2.3,6,0
2020-11-23,center_san_antonio,San Antonio,1033,23.1,0.3,0,0
2020-11-24,center_san_antonio,San Antonio,1073,27.9,2.6,1,0
2020-11-25,center_san_antonio,San Antonio,1105,24.3,0.0,2,0
2020-11-26,center_san_antonio,San Antonio,546,23.8,0.0,3,1
2020-11-27,center_san_antonio,San Antonio,779,23.2,9.2,4,0
2020-11-28,center_san_antonio,San Antonio,502,18.0,51.0,5,0
2020-11-29,center_san_antonio,San Antonio,540,17.6,4.4,6,0
2020-11-30,center_san_antonio,San Antonio,914,13.2,0.0,0,0
2020-12-01,center_san_antonio,San Antonio,983,14.4,0.0,1,0
2020-12-02,center_san_antonio,San Antonio,977,19.4,0.0,2,0
2020-12-03,center_san_antonio,San Antonio,1043,13.6,0.0,3,0
2020-12-04,center_san_antonio,San Antonio,861,13.2,0.0,4,0
2020-12-05,center_san_antonio,San Antonio,713,13.6,0.8,5,0
2020-12-06,center_san_antonio,San Antonio,553,18.5,0.1,6,0
2020-12-07,center_san_antonio,San Antonio,1046,19.9,0.0,0,0
2020-12-08,center_san_antonio,San Antonio,1130,23.5,0.0,1,0
2020-12-09,center_san_antonio,San Antonio,979,24.5,0.0,2,0
2020-12-10,center_san_antonio,San Antonio,1016,22.5,0.0,3,0
2020-12-11,center_san_antonio,San Antonio,913,23.2,2.5,4,0
2020-12-12,center_san_antonio,San Antonio,677,19.5,0.0,5,0
2020-12-13,center_san_antonio,San Antonio,564,22.2,1.8,6,0
2020-12-14,center_san_antonio,San Antonio,1002,15.1,0.0,0,0
2020-12-15,center_san_antonio,San Antonio,1083,17.0,0.0,1,0
2020-12-16,center_san_antonio,San Antonio,1042,14.4,0.0,2,0
2020-12-17,center_san_antonio,San Antonio,1084,15.1,0.0,3,0
2020-12-18,center_san_antonio,San Antonio,858,16.8,0.4,4,0
2020-12-19,center_san_antonio,San Antonio,673,22.0,9.5,5,0
2020-12-20,center_san_antonio,San Antonio,568,20.4,0.0,6,0
2020-12-21,center_san_antonio,San Antonio,1094,21.0,0.0,0,0
2020-12-22,center_san_antonio,San Antonio,1090,22.2,0.0,1,0
2020-12-23,center_san_antonio,San Antonio,1109,24.7,0.0,2,0
2020-12-24,center_san_antonio,San Antonio,981,18.8,0.0,3,0
2020-12-25,center_san_antonio,San Antonio,404,19.6,0.0,4,1
2020-12-26,center_san_antonio,San Antonio,726,19.0,0.0,5,0
2020-12-27,center_san_antonio,San Antonio,511,22.9,0.0,6,0
2020-12-28,center_san_antonio,San Antonio,964,23.5,0.6,0,0
2020-12-29,center_san_antonio,San Antonio,1014,22.5,4.1,1,0
2020-12-30,center_san_antonio,San Antonio,910,22.8,14.6,2,0
2020-12-31,center_san_antonio,San Antonio,742,9.9,19.5,3,0
2021-01-01,center_san_antonio,San Antonio,427,12.6,0.1,4,1
2021-01-02,center_san_antonio,San Antonio,640,15.7,0.0,5,0
2021-01-03,center_san_antonio,San Antonio,603,18.4,0.0,6,0
2021-01-04,center_san_antonio,San Antonio,1082,22.5,0.0,0,0
2021-01-05,center_san_antonio,San Antonio,1102,17.8,0.4,1,0
2021-01-06,center_san_antonio,San Antonio,972,19.3,7.0,2,0
2021-01-07,center_san_antonio,San Antonio,1061,17.0,0.0,3,0
2021-01-08,center_san_antonio,San Antonio,883,14.0,0.0,4,0
2021-01-09,center_san_antonio,San Antonio,637,11.5,0.0,5,0
2021-01-10,center_san_antonio,San Antonio,547,10.2,19.7,6,0
2021-01-11,center_san_antonio,San Antonio,864,8.8,0.0,0,0
2021-01-12,center_san_antonio,San Antonio,848,9.4,1.5,1,0
2021-01-13,center_san_antonio,San Antonio,1042,15.8,0.2,2,0
2021-01-14,center_san_antonio,San Antonio,920,20.2,0.0,3,0
2021-01-15,center_san_antonio,San Antonio,889,15.2,0.0,4,0
2021-01-16,center_san_antonio,San Antonio,665,16.6,0.0,5,0
2021-01-17,center_san_antonio,San Antonio,536,19.1,0.0,6,0
2021-01-18,center_san_antonio,San Antonio,537,22.1,0.0,0,1
2021-01-19,center_san_antonio,San Antonio,1033,20.6,7.0,1,0
2021-01-20,center_san_antonio,San Antonio,1005,15.0,6.2,2,0
2021-01-21,center_san_antonio,San Antonio,1061,18.2,0.6,3,0
2021-01-22,center_san_antonio,San Antonio,863,24.8,0.6,4,0
2021-01-23,center_san_antonio,San Antonio,733,20.5,0.5,5,0
2021-01-24,center_san_antonio,San Antonio,455,24.2,7.9,6,0
2021-01-25,center_san_antonio,San Antonio,1039,23.0,2.0,0,0
2021-01-26,center_san_antonio,San Antonio,1003,22.4,0.0,1,0
2021-01-27,center_san_antonio,San Antonio,992,18.2,0.0,2,0
2021-01-28,center_san_antonio,San Antonio,916,14.4,0.0,3,0
2021-01-29,center_san_antonio,San Antonio,947,19.5,0.0,4,0
2021-01-30,center_san_antonio,San Antonio,749,23.9,0.5,5,0
2021-01-31,center_san_antonio,San Antonio,606,21.0,0.0,6,0
2021-02-01,center_san_antonio,San Antonio,1011,18.9,0.0,0,0
2021-02-02,center_san_antonio,San Antonio,1092,18.8,0.0,1,0
2021-02-03,center_san_antonio,San Antonio,1071,23.5,0.0,2,0
2021-02-04,center_san_antonio,San Antonio,1072,29.4,0.0,3,0
2021-02-05,center_san_antonio,San Antonio,930,23.4,0.3,4,0
2021-02-06,center_san_antonio,San Antonio,693,24.1,0.3,5,0
2021-02-07,center_san_antonio,San Antonio,582,20.6,0.0,6,0
2021-02-08,center_san_antonio,San Antonio,1104,23.6,0.0,0,0
2021-02-09,center_san_antonio,San Antonio,1155,24.6,2.0,1,0
2021-02-10,center_san_antonio,San Antonio,995,19.9,2.5,2,0
2021-02-11,center_san_antonio,San Antonio,912,10.0,14.1,3,0
2021-02-12,center_san_antonio,San Antonio,753,7.4,4.7,4,0
2021-02-13,center_san_antonio,San Antonio,592,3.2,1.1,5,0
2021-02-14,center_san_antonio,San Antonio,386,-0.2,1.2,6,0
2021-02-15,center_san_antonio,San Antonio,295,-2.2,8.7,0,1
2021-02-16,center_san_antonio,San Antonio,838,1.1,0.0,1,0
2021-02-17,center_san_antonio,San Antonio,843,6.8,1.5,2,0
2021-02-18,center_san_antonio,San Antonio,758,2.0,6.8,3,0
2021-02-19,center_san_antonio,San Antonio,814,4.1,0.2,4,0
2021-02-20,center_san_antonio,San Antonio,669,13.6,0.0,5,0
2021-02-21,center_san_antonio,San Antonio,503,21.1,0.0,6,0
2021-02-22,center_san_antonio,San Antonio,1043,21.4,0.0,0,0
2021-02-23,center_san_antonio,San Antonio,1134,23.9,0.0,1,0
2021-02-24,center_san_antonio,San Antonio,972,25.1,0.1,2,0
2021-02-25,center_san_antonio,San Antonio,1091,23.1,1.4,3,0
2021-02-26,center_san_antonio,San Antonio,891,19.3,4.3,4,0
2021-02-27,center_san_antonio,San Antonio,690,24.0,2.9,5,0
2021-02-28,center_san_antonio,San Antonio,578,24.4,2.2,6,0
2021-03-01,center_san_antonio,San Antonio,904,23.0,10.3,0,0
2021-03-02,center_san_antonio,San Antonio,1165,18.1,0.0,1,0
2021-03-03,center_san_antonio,San Antonio,1158,20.5,0.0,2,0
2021-03-04,center_san_antonio,San Antonio,1023,23.6,0.0,3,0
2021-03-05,center_san_antonio,San Antonio,829,26.2,0.1,4,0
2021-03-06,center_san_antonio,San Antonio,673,22.6,0.0,5,0
2021-03-07,center_san_antonio,San Antonio,505,19.7,0.0,6,0
2021-03-08,center_san_antonio,San Antonio,970,20.6,0.2,0,0
2021-03-09,center_san_antonio,San Antonio,1079,24.4,0.4,1,0
2021-03-10,center_san_antonio,San Antonio,1070,28.0,0.1,2,0
2021-03-11,center_san_antonio,San Antonio,984,26.4,2.1,3,0
2021-03-12,center_san_antonio,San Antonio,922,26.4,2.7,4,0
2021-03-13,center_san_antonio,San Antonio,635,26.1,1.9,5,0
2021-03-14,center_san_antonio,San Antonio,521,25.0,4.9,6,0
2021-03-15,center_san_antonio,San Antonio,1055,28.4,0.0,0,0
2021-03-16,center_san_antonio,San Antonio,1029,25.6,1.3,1,0
2021-03-17,center_san_antonio,San Antonio,884,25.6,9.9,2,0
2021-03-18,center_san_antonio,San Antonio,916,22.9,0.0,3,0
2021-03-19,center_san_antonio,San Antonio,917,21.2,0.0,4,0
2021-03-20,center_san_antonio,San Antonio,704,21.0,0.0,5,0
2021-03-21,center_san_antonio,San Antonio,585,23.8,0.0,6,0
2021-03-22,center_san_antonio,San Antonio,1015,23.8,0.2,0,0
2021-03-23,center_san_antonio,San Antonio,1030,27.6,9.8,1,0
2021-03-24,center_san_antonio,San Antonio,1157,25.8,2.2,2,0
2021-03-25,center_san_antonio,San Antonio,955,24.7,5.8,3,0
2021-03-26,center_san_antonio,San Antonio,868,29.8,0.0,4,0
2021-03-27,center_san_antonio,San Antonio,663,30.5,0.8,5,0
2021-03-28,center_san_antonio,San Antonio,549,29.2,1.3,6,0
2021-03-29,center_san_antonio,San Antonio,1049,24.2,0.0,0,0
2021-03-30,center_san_antonio,San Antonio,1004,28.4,0.5,1,0
2021-03-31,center_san_antonio,San Antonio,999,26.5,0.3,2,0
2021-04-01,center_san_antonio,San Antonio,1091,21.8,0.0,3,0
2021-04-02,center_san_antonio,San Antonio,960,21.8,0.0,4,0
2021-04-03,center_san_antonio,San Antonio,678,20.7,7.8,5,0
2021-04-04,center_san_antonio,San Antonio,545,22.7,8.9,6,0
2021-04-05,center_san_antonio,San Antonio,1039,25.0,0.3,0,0
2021-04-06,center_san_antonio,San Antonio,1158,30.4,0.7,1,0
2021-04-07,center_san_antonio,San Antonio,1075,32.0,0.2,2,0
2021-04-08,center_san_antonio,San Antonio,1032,33.8,0.1,3,0
2021-04-09,center_san_antonio,San Antonio,643,36.5,0.0,4,0
2021-04-10,center_san_antonio,San Antonio,651,34.8,0.0,5,0
2021-04-11,center_san_antonio,San Antonio,524,31.2,0.0,6,0
2021-04-12,center_san_antonio,San Antonio,943,32.8,0.2,0,0
2021-04-13,center_san_antonio,San Antonio,1092,30.0,0.9,1,0
2021-04-14,center_san_antonio,San Antonio,1082,30.1,3.7,2,0
2021-04-15,center_san_antonio,San Antonio,1083,25.8,0.9,3,0
2021-04-16,center_san_antonio,San Antonio,784,28.9,5.1,4,0
2021-04-17,center_san_antonio,San Antonio,676,22.7,0.6,5,0
2021-04-18,center_san_antonio,San Antonio,531,19.9,0.0,6,0
2021-04-19,center_san_antonio,San Antonio,963,22.4,0.0,0,0
2021-04-20,center_san_antonio,San Antonio,1070,27.6,0.0,1,0
2021-04-21,center_san_antonio,San Antonio,1076,22.8,0.0,2,0
2021-04-22,center_san_antonio,San Antonio,962,19.8,2.5,3,0
2021-04-23,center_san_antonio,San Antonio,771,25.0,18.8,4,0
2021-04-24,center_san_antonio,San Antonio,682,29.7,0.0,5,0
2021-04-25,center_san_antonio,San Antonio,514,30.5,0.0,6,0
2021-04-26,center_san_antonio,San Antonio,1089,30.6,0.0,0,0
2021-04-27,center_san_antonio,San Antonio,966,28.0,4.2,1,0
2021-04-28,center_san_antonio,San Antonio,1061,32.8,3.3,2,0
2021-04-29,center_san_antonio,San Antonio,884,29.3,5.5,3,0
2021-04-30,center_san_antonio,San Antonio,759,25.4,14.0,4,0
2021-05-01,center_san_antonio,San Antonio,492,24.0,49.9,5,0
2021-05-02,center_san_antonio,San Antonio,601,30.5,0.5,6,0
2021-05-03,center_san_antonio,San Antonio,929,32.0,0.0,0,0
2021-05-04,center_san_antonio,San Antonio,921,29.4,16.4,1,0
2021-05-05,center_san_antonio,San Antonio,1126,27.0,0.0,2,0
2021-05-06,center_san_antonio,San Antonio,967,28.6,0.0,3,0
2021-05-07,center_san_antonio,San Antonio,910,29.2,0.0,4,0
2021-05-08,center_san_antonio,San Antonio,706,32.5,0.3,5,0
2021-05-09,center_san_antonio,San Antonio,608,34.2,0.0,6,0
2021-05-10,center_san_antonio,San Antonio,1006,32.5,0.4,0,0
2021-05-11,center_san_antonio,San Antonio,721,30.1,31.4,1,0
2021-05-12,center_san_antonio,San Antonio,989,25.0,11.2,2,0
2021-05-13,center_san_antonio,San Antonio,1061,24.5,0.0,3,0
2021-05-14,center_san_antonio,San Antonio,939,26.8,0.0,4,0
2021-05-15,center_san_antonio,San Antonio,664,26.1,14.8,5,0
2021-05-16,center_san_antonio,San Antonio,460,28.0,8.3,6,0
2021-05-17,center_san_antonio,San Antonio,970,26.9,9.3,0,0
2021-05-18,center_san_antonio,San Antonio,1034,28.1,8.9,1,0
2021-05-19,center_san_antonio,San Antonio,960,23.0,5.9,2,0
2021-05-20,center_san_antonio,San Antonio,1045,28.0,0.0,3,0
2021-05-21,center_san_antonio,San Antonio,868,28.2,0.6,4,0
2021-05-22,center_san_antonio,San Antonio,566,27.5,9.5,5,0
2021-05-23,center_san_antonio,San Antonio,487,26.0,10.9,6,0
2021-05-24,center_san_antonio,San Antonio,899,26.5,14.6,0,0
2021-05-25,center_san_antonio,San Antonio,979,27.6,8.1,1,0
2021-05-26,center_san_antonio,San Antonio,887,28.9,6.4,2,0
2021-05-27,center_san_antonio,San Antonio,1052,31.6,0.7,3,0
2021-05-28,center_san_antonio,San Antonio,770,29.2,6.3,4,0
2021-05-29,center_san_antonio,San Antonio,573,28.1,19.0,5,0
2021-05-30,center_san_antonio,San Antonio,515,27.7,2.1,6,0
2021-05-31,center_san_antonio,San Antonio,443,27.9,7.8,0,1
2021-06-01,center_san_antonio,San Antonio,1131,29.2,3.0,1,0
2021-06-02,center_san_antonio,San Antonio,947,27.2,7.5,2,0
2021-06-03,center_san_antonio,San Antonio,809,27.5,29.7,3,0
2021-06-04,center_san_antonio,San Antonio,824,25.4,8.4,4,0
2021-06-05,center_san_antonio,San Antonio,758,27.5,3.1,5,0
2021-06-06,center_san_antonio,San Antonio,590,31.1,0.0,6,0
2021-06-07,center_san_antonio,San Antonio,927,32.7,0.7,0,0
2021-06-08,center_san_antonio,San Antonio,1167,32.0,0.4,1,0
2021-06-09,center_san_antonio,San Antonio,1149,32.4,1.2,2,0
2021-06-10,center_san_antonio,San Antonio,1086,32.5,0.2,3,0
2021-06-11,center_san_antonio,San Antonio,877,32.8,0.2,4,0
2021-06-12,center_san_antonio,San Antonio,732,33.5,0.0,5,0
2021-06-13,center_san_antonio,San Antonio,565,33.3,0.0,6,0
2021-06-14,center_san_antonio,San Antonio,936,33.7,0.0,0,0
2021-06-15,center_san_antonio,San Antonio,1147,33.1,0.6,1,0
2021-06-16,center_san_antonio,San Antonio,1040,33.5,0.2,2,0
2021-06-17,center_san_antonio,San Antonio,986,32.8,0.3,3,0
2021-06-18,center_san_antonio,San Antonio,479,32.5,0.3,4,1
2021-06-19,center_san_antonio,San Antonio,323,34.3,0.0,5,1
2021-06-20,center_san_antonio,San Antonio,542,33.8,0.8,6,0
2021-06-21,center_san_antonio,San Antonio,997,34.3,0.3,0,0
2021-06-22,center_san_antonio,San Antonio,1008,31.5,17.9,1,0
2021-06-23,center_san_antonio,San Antonio,1081,33.8,2.0,2,0
2021-06-24,center_san_antonio,San Antonio,1110,33.8,1.4,3,0
2021-06-25,center_san_antonio,San Antonio,931,34.5,0.2,4,0
2021-06-26,center_san_antonio,San Antonio,577,35.2,0.7,5,0
2021-06-27,center_san_antonio,San Antonio,547,31.9,4.7,6,0
2021-06-28,center_san_antonio,San Antonio,972,29.6,1.7,0,0
2021-06-29,center_san_antonio,San Antonio,930,28.6,12.0,1,0
2021-06-30,center_san_antonio,San Antonio,954,29.9,7.4,2,0
2021-07-01,center_san_antonio,San Antonio,1110,30.8,1.8,3,0
2021-07-02,center_san_antonio,San Antonio,914,33.0,0.0,4,0
2021-07-03,center_san_antonio,San Antonio,746,32.3,0.0,5,0
2021-07-04,center_san_antonio,San Antonio,252,29.8,15.7,6,1
2021-07-05,center_san_antonio,San Antonio,380,29.0,50.3,0,1
2021-07-06,center_san_antonio,San Antonio,785,25.6,77.4,1,0
2021-07-07,center_san_antonio,San Antonio,939,28.0,5.2,2,0
2021-07-08,center_san_antonio,San Antonio,856,28.1,9.0,3,0
2021-07-09,center_san_antonio,San Antonio,715,27.0,31.1,4,0
2021-07-10,center_san_antonio,San Antonio,595,28.4,15.3,5,0
2021-07-11,center_san_antonio,San Antonio,504,30.5,4.3,6,0
2021-07-12,center_san_antonio,San Antonio,1054,31.6,1.0,0,0
2021-07-13,center_san_antonio,San Antonio,994,27.8,2.5,1,0
2021-07-14,center_san_antonio,San Antonio,1046,29.0,9.0,2,0
2021-07-15,center_san_antonio,San Antonio,1002,30.5,1.1,3,0
2021-07-16,center_san_antonio,San Antonio,935,31.4,0.4,4,0
2021-07-17,center_san_antonio,San Antonio,638,31.9,0.5,5,0
2021-07-18,center_san_antonio,San Antonio,553,30.9,0.5,6,0
2021-07-19,center_san_antonio,San Antonio,959,32.8,0.0,0,0
2021-07-20,center_san_antonio,San Antonio,874,30.2,5.3,1,0
2021-07-21,center_san_antonio,San Antonio,961,30.0,15.8,2,0
2021-07-22,center_san_antonio,San Antonio,862,30.2,6.6,3,0
2021-07-23,center_san_antonio,San Antonio,794,32.3,0.6,4,0
2021-07-24,center_san_antonio,San Antonio,716,33.5,0.0,5,0
2021-07-25,center_san_antonio,San Antonio,505,34.0,0.0,6,0
2021-07-26,center_san_antonio,San Antonio,1053,34.2,0.0,0,0
2021-07-27,center_san_antonio,San Antonio,1079,33.8,0.0,1,0
2021-07-28,center_san_antonio,San Antonio,1148,33.2,0.0,2,0
2021-07-29,center_san_antonio,San Antonio,1078,32.7,1.7,3,0
2021-07-30,center_san_antonio,San Antonio,906,33.7,0.4,4,0
2021-07-31,center_san_antonio,San Antonio,704,34.4,0.2,5,0
2021-08-01,center_san_antonio,San Antonio,403,35.5,0.0,6,0
2021-08-02,center_san_antonio,San Antonio,860,33.0,12.6,0,0
2021-08-03,center_san_antonio,San Antonio,867,29.8,15.7,1,0
2021-08-04,center_san_antonio,San Antonio,1022,31.0,0.5,2,0
2021-08-05,center_san_antonio,San Antonio,936,30.1,14.6,3,0
2021-08-06,center_san_antonio,San Antonio,845,30.3,18.1,4,0
2021-08-07,center_san_antonio,San Antonio,637,32.0,0.3,5,0
2021-08-08,center_san_antonio,San Antonio,562,33.2,0.0,6,0
2021-08-09,center_san_antonio,San Antonio,1085,33.3,0.1,0,0
2021-08-10,center_san_antonio,San Antonio,1070,34.2,0.2,1,0
2021-08-11,center_san_antonio,San Antonio,976,34.5,0.1,2,0
2021-08-12,center_san_antonio,San Antonio,923,33.8,0.4,3,0
2021-08-13,center_san_antonio,San Antonio,952,34.2,0.1,4,0
2021-08-14,center_san_antonio,San Antonio,639,33.4,0.7,5,0
2021-08-15,center_san_antonio,San Antonio,504,33.4,1.2,6,0
2021-08-16,center_san_antonio,San Antonio,976,33.3,1.6,0,0
2021-08-17,center_san_antonio,San Antonio,903,30.4,7.6,1,0
2021-08-18,center_san_antonio,San Antonio,901,31.2,17.5,2,0
2021-08-19,center_san_antonio,San Antonio,762,35.5,6.0,3,0
2021-08-20,center_san_antonio,San Antonio,899,34.2,0.1,4,0
2021-08-21,center_san_antonio,San Antonio,697,33.7,1.1,5,0
2021-08-22,center_san_antonio,San Antonio,589,34.5,0.5,6,0
2021-08-23,center_san_antonio,San Antonio,801,35.3,0.0,0,0
2021-08-24,center_san_antonio,San Antonio,805,35.2,0.0,1,0
2021-08-25,center_san_antonio,San Antonio,801,35.5,0.8,2,0
2021-08-26,center_san_antonio,San Antonio,1020,34.2,0.1,3,0
2021-08-27,center_san_antonio,San Antonio,906,33.9,3.8,4,0
2021-08-28,center_san_antonio,San Antonio,745,31.3,2.8,5,0
2021-08-29,center_san_antonio,San Antonio,466,32.7,16.9,6,0
2021-08-30,center_san_antonio,San Antonio,983,34.0,0.9,0,0
2021-08-31,center_san_antonio,San Antonio,1153,34.8,0.1,1,0
2021-09-01,center_san_antonio,San Antonio,921,36.2,0.2,2,0
2021-09-02,center_san_antonio,San Antonio,742,35.2,0.2,3,0
2021-09-03,center_san_antonio,San Antonio,917,34.6,1.0,4,0
2021-09-04,center_san_antonio,San Antonio,571,36.5,0.1,5,0
2021-09-05,center_san_antonio,San Antonio,468,36.5,0.0,6,0
2021-09-06,center_san_antonio,San Antonio,477,35.0,0.4,0,1
2021-09-07,center_san_antonio,San Antonio,1074,34.5,1.7,1,0
2021-09-08,center_san_antonio,San Antonio,927,36.4,0.1,2,0
2021-09-09,center_san_antonio,San Antonio,763,35.2,0.0,3,0
2021-09-10,center_san_antonio,San Antonio,816,33.4,0.0,4,0
2021-09-11,center_san_antonio,San Antonio,679,32.2,0.0,5,0
2021-09-12,center_san_antonio,San Antonio,556,31.6,3.0,6,0
2021-09-13,center_san_antonio,San Antonio,961,30.4,6.1,0,0
2021-09-14,center_san_antonio,San Antonio,1116,31.3,0.3,1,0
2021-09-15,center_san_antonio,San Antonio,1123,31.0,0.0,2,0
2021-09-16,center_san_antonio,San Antonio,1027,31.1,0.0,3,0
2021-09-17,center_san_antonio,San Antonio,854,34.2,0.0,4,0
2021-09-18,center_san_antonio,San Antonio,713,33.5,0.2,5,0
2021-09-19,center_san_antonio,San Antonio,594,33.8,0.7,6,0
2021-09-20,center_san_antonio,San Antonio,767,36.2,0.0,0,0
2021-09-21,center_san_antonio,San Antonio,1140,34.7,2.4,1,0
2021-09-22,center_san_antonio,San Antonio,1124,29.2,0.0,2,0
2021-09-23,center_san_antonio,San Antonio,956,29.2,0.0,3,0
2021-09-24,center_san_antonio,San Antonio,866,30.1,0.0,4,0
2021-09-25,center_san_antonio,San Antonio,627,30.3,0.0,5,0
2021-09-26,center_san_antonio,San Antonio,552,30.5,0.0,6,0
2021-09-27,center_san_antonio,San Antonio,1085,31.9,0.0,0,0
2021-09-28,center_san_antonio,San Antonio,989,31.0,8.2,1,0
2021-09-29,center_san_antonio,San Antonio,971,30.4,15.2,2,0
2021-09-30,center_san_antonio,San Antonio,1017,31.0,0.3,3,0
2021-10-01,center_san_antonio,San Antonio,784,28.6,10.6,4,0
2021-10-02,center_san_antonio,San Antonio,695,29.5,0.3,5,0
2021-10-03,center_san_antonio,San Antonio,508,29.0,0.9,6,0
2021-10-04,center_san_antonio,San Antonio,1009,31.0,0.0,0,0
2021-10-05,center_san_antonio,San Antonio,984,31.0,0.0,1,0
2021-10-06,center_san_antonio,San Antonio,1088,30.1,0.0,2,0
2021-10-07,center_san_antonio,San Antonio,1026,31.5,0.0,3,0
2021-10-08,center_san_antonio,San Antonio,825,31.3,0.0,4,0
2021-10-09,center_san_antonio,San Antonio,738,31.0,0.0,5,0
2021-10-10,center_san_antonio,San Antonio,506,33.8,0.7,6,0
2021-10-11,center_san_antonio,San Antonio,484,30.0,15.1,0,1
2021-10-12,center_san_antonio,San Antonio,839,26.8,34.5,1,0
2021-10-13,center_san_antonio,San Antonio,1039,31.7,2.3,2,0
2021-10-14,center_san_antonio,San Antonio,751,30.2,27.5,3,0
2021-10-15,center_san_antonio,San Antonio,934,28.1,3.5,4,0
2021-10-16,center_san_antonio,San Antonio,761,23.8,0.0,5,0
2021-10-17,center_san_antonio,San Antonio,595,20.7,0.0,6,0
2021-10-18,center_san_antonio,San Antonio,991,23.2,0.0,0,0
2021-10-19,center_san_antonio,San Antonio,1103,27.2,0.0,1,0
2021-10-20,center_san_antonio,San Antonio,1009,27.2,0.1,2,0
2021-10-21,center_san_antonio,San Antonio,1101,27.9,0.0,3,0
2021-10-22,center_san_antonio,San Antonio,952,28.3,0.1,4,0
2021-10-23,center_san_antonio,San Antonio,721,28.1,0.7,5,0
2021-10-24,center_san_antonio,San Antonio,523,29.7,0.4,6,0
2021-10-25,center_san_antonio,San Antonio,1117,30.8,0.3,0,0
2021-10-26,center_san_antonio,San Antonio,1081,30.5,0.4,1,0
2021-10-27,center_san_antonio,San Antonio,922,26.0,7.9,2,0
2021-10-28,center_san_antonio,San Antonio,1029,25.2,0.0,3,0
2021-10-29,center_san_antonio,San Antonio,807,22.8,0.0,4,0
2021-10-30,center_san_antonio,San Antonio,725,25.0,0.0,5,0
2021-10-31,center_san_antonio,San Antonio,518,27.5,0.0,6,0
2021-11-01,center_san_antonio,San Antonio,1005,25.0,0.0,0,0
2021-11-02,center_san_antonio,San Antonio,1133,26.5,0.0,1,0
2021-11-03,center_san_antonio,San Antonio,805,23.4,33.5,2,0
2021-11-04,center_san_antonio,San Antonio,1001,16.2,11.8,3,0
2021-11-05,center_san_antonio,San Antonio,892,16.5,0.0,4,0
2021-11-06,center_san_antonio,San Antonio,754,18.8,0.0,5,0
2021-11-07,center_san_antonio,San Antonio,519,21.3,0.0,6,0
2021-11-08,center_san_antonio,San Antonio,995,24.2,0.0,0,0
2021-11-09,center_san_antonio,San Antonio,985,24.0,0.0,1,0
2021-11-10,center_san_antonio,San Antonio,998,26.5,0.6,2,0
2021-11-11,center_san_antonio,San Antonio,509,23.6,0.0,3,1
2021-11-12,center_san_antonio,San Antonio,851,24.5,0.0,4,0
2021-11-13,center_san_antonio,San Antonio,748,20.9,0.0,5,0
2021-11-14,center_san_antonio,San Antonio,521,24.6,0.0,6,0
2021-11-15,center_san_antonio,San Antonio,1111,26.5,0.0,0,0
2021-11-16,center_san_antonio,San Antonio,1137,27.4,0.0,1,0
2021-11-17,center_san_antonio,San Antonio,1031,27.3,0.0,2,0
2021-11-18,center_san_antonio,San Antonio,1115,22.3,2.5,3,0
2021-11-19,center_san_antonio,San Antonio,912,18.1,0.0,4,0
2021-11-20,center_san_antonio,San Antonio,757,21.9,0.3,5,0
2021-11-21,center_san_antonio,San Antonio,539,25.0,0.6,6,0
2021-11-22,center_san_antonio,San Antonio,1039,22.1,0.0,0,0
2021-11-23,center_san_antonio,San Antonio,1085,20.2,0.0,1,0
2021-11-24,center_san_antonio,San Antonio,1142,25.0,0.0,2,0
2021-11-25,center_san_antonio,San Antonio,370,20.3,58.0,3,1
2021-11-26,center_san_antonio,San Antonio,863,15.0,0.0,4,0
2021-11-27,center_san_antonio,San Antonio,658,12.6,8.5,5,0
2021-11-28,center_san_antonio,San Antonio,596,20.3,0.3,6,0
2021-11-29,center_san_antonio,San Antonio,1026,20.5,0.0,0,0
2021-11-30,center_san_antonio,San Antonio,963,21.5,0.0,1,0
2021-12-01,center_san_antonio,San Antonio,958,23.5,0.0,2,0
2021-12-02,center_san_antonio,San Antonio,958,24.9,0.0,3,0
2021-12-03,center_san_antonio,San Antonio,844,24.8,0.7,4,0
2021-12-04,center_san_antonio,San Antonio,645,23.8,0.3,5,0
2021-12-05,center_san_antonio,San Antonio,551,25.3,0.5,6,0
2021-12-06,center_san_antonio,San Antonio,1003,21.6,2.4,0,0
2021-12-07,center_san_antonio,San Antonio,1087,19.2,0.4,1,0
2021-12-08,center_san_antonio,San Antonio,961,24.4,0.0,2,0
2021-12-09,center_san_antonio,San Antonio,989,26.7,0.6,3,0
2021-12-10,center_san_antonio,San Antonio,851,28.2,0.7,4,0
2021-12-11,center_san_antonio,San Antonio,640,25.7,0.0,5,0
2021-12-12,center_san_antonio,San Antonio,564,14.9,0.0,6,0
2021-12-13,center_san_antonio,San Antonio,1006,17.4,0.0,0,0
2021-12-14,center_san_antonio,San Antonio,1159,25.5,0.5,1,0
2021-12-15,center_san_antonio,San Antonio,971,26.6,2.7,2,0
2021-12-16,center_san_antonio,San Antonio,984,27.0,0.9,3,0
2021-12-17,center_san_antonio,San Antonio,840,25.0,2.2,4,0
2021-12-18,center_san_antonio,San Antonio,502,23.6,47.2,5,0
2021-12-19,center_san_antonio,San Antonio,502,13.6,1.4,6,0
2021-12-20,center_san_antonio,San Antonio,950,14.9,1.4,0,0
2021-12-21,center_san_antonio,San Antonio,999,18.0,0.0,1,0
2021-12-22,center_san_antonio,San Antonio,1003,21.4,0.0,2,0
2021-12-23,center_san_antonio,San Antonio,1094,22.4,0.4,3,0
2021-12-24,center_san_antonio,San Antonio,421,24.9,0.2,4,1
2021-12-25,center_san_antonio,San Antonio,317,26.0,0.0,5,1
2021-12-26,center_san_antonio,San Antonio,514,25.5,0.5,6,0
2021-12-27,center_san_antonio,San Antonio,1054,25.8,0.3,0,0
2021-12-28,center_san_antonio,San Antonio,987,23.5,0.8,1,0
2021-12-29,center_san_antonio,San Antonio,1156,27.4,0.2,2,0
2021-12-30,center_san_antonio,San Antonio,1074,26.7,0.0,3,0
2021-12-31,center_san_antonio,San Antonio,402,27.6,0.5,4,1
2022-01-01,center_san_antonio,San Antonio,362,28.1,0.1,5,1
2022-01-02,center_san_antonio,San Antonio,608,22.2,1.3,6,0
2022-01-03,center_san_antonio,San Antonio,1035,12.1,0.0,0,0
2022-01-04,center_san_antonio,San Antonio,1131,17.5,0.0,1,0
2022-01-05,center_san_antonio,San Antonio,1077,23.1,0.0,2,0
2022-01-06,center_san_antonio,San Antonio,995,19.5,0.0,3,0
2022-01-07,center_san_antonio,San Antonio,922,11.6,0.0,4,0
2022-01-08,center_san_antonio,San Antonio,695,18.0,3.3,5,0
2022-01-09,center_san_antonio,San Antonio,515,19.6,0.0,6,0
2022-01-10,center_san_antonio,San Antonio,1017,13.9,0.0,0,0
2022-01-11,center_san_antonio,San Antonio,1109,11.8,0.6,1,0
2022-01-12,center_san_antonio,San Antonio,1089,17.0,0.0,2,0
2022-01-13,center_san_antonio,San Antonio,1097,23.0,0.0,3,0
2022-01-14,center_san_antonio,San Antonio,873,23.2,0.0,4,0
2022-01-15,center_san_antonio,San Antonio,623,19.4,0.0,5,0
2022-01-16,center_san_antonio,San Antonio,560,17.4,0.0,6,0
2022-01-17,center_san_antonio,San Antonio,528,20.0,0.0,0,1
2022-01-18,center_san_antonio,San Antonio,956,22.7,0.0,1,0
2022-01-19,center_san_antonio,San Antonio,994,23.1,0.2,2,0
2022-01-20,center_san_antonio,San Antonio,998,21.5,5.4,3,0
2022-01-21,center_san_antonio,San Antonio,854,11.3,0.1,4,0
2022-01-22,center_san_antonio,San Antonio,729,11.6,0.0,5,0
2022-01-23,center_san_antonio,San Antonio,517,11.2,0.0,6,0
2022-01-24,center_san_antonio,San Antonio,921,14.9,6.9,0,0
2022-01-25,center_san_antonio,San Antonio,957,16.9,0.0,1,0
2022-01-26,center_san_antonio,San Antonio,1118,13.9,0.0,2,0
2022-01-27,center_san_antonio,San Antonio,934,15.0,0.3,3,0
2022-01-28,center_san_antonio,San Antonio,842,14.6,1.7,4,0
2022-01-29,center_san_antonio,San Antonio,627,17.1,0.0,5,0
2022-01-30,center_san_antonio,San Antonio,592,19.4,0.0,6,0
2022-01-31,center_san_antonio,San Antonio,812,17.5,41.2,0,0
2022-02-01,center_san_antonio,San Antonio,1121,20.5,1.8,1,0
2022-02-02,center_san_antonio,San Antonio,901,19.6,5.7,2,0
2022-02-03,center_san_antonio,San Antonio,811,9.6,18.3,3,0
2022-02-04,center_san_antonio,San Antonio,791,6.8,0.0,4,0
2022-02-05,center_san_antonio,San Antonio,576,8.4,0.0,5,0
2022-02-06,center_san_antonio,San Antonio,598,13.4,0.0,6,0
2022-02-07,center_san_antonio,San Antonio,1018,15.5,0.0,0,0
2022-02-08,center_san_antonio,San Antonio,1089,17.0,0.0,1,0
2022-02-09,center_san_antonio,San Antonio,997,20.1,0.0,2,0
2022-02-10,center_san_antonio,San Antonio,1109,20.6,0.0,3,0
2022-02-11,center_san_antonio,San Antonio,856,23.3,0.0,4,0
2022-02-12,center_san_antonio,San Antonio,687,19.2,0.0,5,0
2022-02-13,center_san_antonio,San Antonio,521,16.6,0.0,6,0
2022-02-14,center_san_antonio,San Antonio,1016,19.1,0.0,0,0
2022-02-15,center_san_antonio,San Antonio,978,22.4,0.0,1,0
2022-02-16,center_san_antonio,San Antonio,1035,27.0,0.6,2,0
2022-02-17,center_san_antonio,San Antonio,1047,24.0,0.3,3,0
2022-02-18,center_san_antonio,San Antonio,812,15.9,0.0,4,0
2022-02-19,center_san_antonio,San Antonio,708,17.5,0.0,5,0
2022-02-20,center_san_antonio,San Antonio,591,23.5,0.0,6,0
2022-02-21,center_san_antonio,San Antonio,545,29.0,0.9,0,1
2022-02-22,center_san_antonio,San Antonio,1023,29.2,0.0,1,0
2022-02-23,center_san_antonio,San Antonio,1061,26.4,1.0,2,0
2022-02-24,center_san_antonio,San Antonio,994,11.4,1.7,3,0
2022-02-25,center_san_antonio,San Antonio,815,6.9,0.0,4,0
2022-02-26,center_san_antonio,San Antonio,589,7.4,4.0,5,0
2022-02-27,center_san_antonio,San Antonio,578,15.6,0.1,6,0
2022-02-28,center_san_antonio,San Antonio,946,17.2,0.0,0,0
2022-03-01,center_san_antonio,San Antonio,1025,20.6,0.0,1,0
2022-03-02,center_san_antonio,San Antonio,968,21.7,0.0,2,0
2022-03-03,center_san_antonio,San Antonio,917,25.1,0.0,3,0
2022-03-04,center_san_antonio,San Antonio,800,26.0,1.4,4,0
2022-03-05,center_san_antonio,San Antonio,721,28.1,0.4,5,0
2022-03-06,center_san_antonio,San Antonio,532,30.5,1.7,6,0
2022-03-07,center_san_antonio,San Antonio,994,26.2,2.0,0,0
2022-03-08,center_san_antonio,San Antonio,1042,14.1,1.6,1,0
2022-03-09,center_san_antonio,San Antonio,1064,17.2,0.0,2,0
2022-03-10,center_san_antonio,San Antonio,1056,22.5,0.0,3,0
2022-03-11,center_san_antonio,San Antonio,885,21.9,3.6,4,0
2022-03-12,center_san_antonio,San Antonio,684,12.9,0.0,5,0
2022-03-13,center_san_antonio,San Antonio,608,21.9,0.0,6,0
2022-03-14,center_san_antonio,San Antonio,1022,27.1,0.0,0,0
2022-03-15,center_san_antonio,San Antonio,972,26.4,0.0,1,0
2022-03-16,center_san_antonio,San Antonio,963,27.9,0.0,2,0
2022-03-17,center_san_antonio,San Antonio,969,27.5,0.6,3,0
2022-03-18,center_san_antonio,San Antonio,799,25.5,0.0,4,0
2022-03-19,center_san_antonio,San Antonio,669,25.5,0.0,5,0
2022-03-20,center_san_antonio,San Antonio,568,25.6,0.0,6,0
2022-03-21,center_san_antonio,San Antonio,935,31.5,8.6,0,0
2022-03-22,center_san_antonio,San Antonio,1106,29.6,2.6,1,0
2022-03-23,center_san_antonio,San Antonio,977,21.4,0.0,2,0
2022-03-24,center_san_antonio,San Antonio,940,26.0,0.0,3,0
2022-03-25,center_san_antonio,San Antonio,816,30.0,0.0,4,0
2022-03-26,center_san_antonio,San Antonio,669,32.5,0.0,5,0
2022-03-27,center_san_antonio,San Antonio,535,31.0,0.0,6,0
2022-03-28,center_san_antonio,San Antonio,928,30.9,0.0,0,0
2022-03-29,center_san_antonio,San Antonio,971,31.1,0.4,1,0
2022-03-30,center_san_antonio,San Antonio,1010,28.0,3.7,2,0
2022-03-31,center_san_antonio,San Antonio,1102,26.8,0.0,3,0
2022-04-01,center_san_antonio,San Antonio,875,28.9,0.0,4,0
2022-04-02,center_san_antonio,San Antonio,727,31.9,0.0,5,0
2022-04-03,center_san_antonio,San Antonio,571,30.5,0.0,6,0
2022-04-04,center_san_antonio,San Antonio,1116,29.4,1.2,0,0
2022-04-05,center_san_antonio,San Antonio,1102,34.8,1.4,1,0
2022-04-06,center_san_antonio,San Antonio,1091,27.9,0.0,2,0
2022-04-07,center_san_antonio,San Antonio,1115,25.2,0.0,3,0
2022-04-08,center_san_antonio,San Antonio,833,26.5,0.0,4,0
2022-04-09,center_san_antonio,San Antonio,754,29.8,0.0,5,0
2022-04-10,center_san_antonio,San Antonio,586,32.6,0.1,6,0
2022-04-11,center_san_antonio,San Antonio,837,32.5,17.7,0,0
2022-04-12,center_san_antonio,San Antonio,999,32.3,2.3,1,0
2022-04-13,center_san_antonio,San Antonio,1167,34.9,0.6,2,0
2022-04-14,center_san_antonio,San Antonio,998,32.2,0.0,3,0
2022-04-15,center_san_antonio,San Antonio,957,29.5,0.4,4,0
2022-04-16,center_san_antonio,San Antonio,628,32.2,0.2,5,0
2022-04-17,center_san_antonio,San Antonio,566,31.1,0.3,6,0
2022-04-18,center_san_antonio,San Antonio,1024,29.6,0.0,0,0
2022-04-19,center_san_antonio,San Antonio,958,25.0,2.0,1,0
2022-04-20,center_san_antonio,San Antonio,990,29.4,10.3,2,0
2022-04-21,center_san_antonio,San Antonio,1028,29.3,2.6,3,0
2022-04-22,center_san_antonio,San Antonio,905,31.2,1.9,4,0
2022-04-23,center_san_antonio,San Antonio,695,29.6,2.4,5,0
2022-04-24,center_san_antonio,San Antonio,556,31.2,1.4,6,0
2022-04-25,center_san_antonio,San Antonio,999,27.7,10.0,0,0
2022-04-26,center_san_antonio,San Antonio,1138,22.6,1.2,1,0
2022-04-27,center_san_antonio,San Antonio,1071,25.5,0.4,2,0
2022-04-28,center_san_antonio,San Antonio,992,29.1,2.0,3,0
2022-04-29,center_san_antonio,San Antonio,838,30.1,1.3,4,0
2022-04-30,center_san_antonio,San Antonio,684,30.0,2.1,5,0
2022-05-01,center_san_antonio,San Antonio,501,29.2,3.9,6,0
2022-05-02,center_san_antonio,San Antonio,977,29.2,3.7,0,0
2022-05-03,center_san_antonio,San Antonio,975,31.8,1.9,1,0
2022-05-04,center_san_antonio,San Antonio,1146,31.4,2.5,2,0
2022-05-05,center_san_antonio,San Antonio,1003,28.0,13.3,3,0
2022-05-06,center_san_antonio,San Antonio,733,34.5,10.1,4,0
2022-05-07,center_san_antonio,San Antonio,592,37.7,0.0,5,0
2022-05-08,center_san_antonio,San Antonio,450,37.5,0.0,6,0
2022-05-09,center_san_antonio,San Antonio,784,37.7,0.0,0,0
2022-05-10,center_san_antonio,San Antonio,778,35.5,0.5,1,0
2022-05-11,center_san_antonio,San Antonio,1022,34.9,0.1,2,0
2022-05-12,center_san_antonio,San Antonio,831,35.5,0.0,3,0
2022-05-13,center_san_antonio,San Antonio,961,35.0,0.0,4,0
2022-05-14,center_san_antonio,San Antonio,712,34.7,0.1,5,0
2022-05-15,center_san_antonio,San Antonio,419,35.8,0.0,6,0
2022-05-16,center_san_antonio,San Antonio,812,36.3,0.0,0,0
2022-05-17,center_san_antonio,San Antonio,832,37.5,0.0,1,0
2022-05-18,center_san_antonio,San Antonio,893,37.7,0.0,2,0
2022-05-19,center_san_antonio,San Antonio,835,36.7,0.0,3,0
2022-05-20,center_san_antonio,San Antonio,695,37.0,4.1,4,0
2022-05-21,center_san_antonio,San Antonio,521,36.0,0.3,5,0
2022-05-22,center_san_antonio,San Antonio,573,29.9,0.4,6,0
2022-05-23,center_san_antonio,San Antonio,930,30.0,1.2,0,0
2022-05-24,center_san_antonio,San Antonio,1015,29.5,9.8,1,0
2022-05-25,center_san_antonio,San Antonio,757,28.5,39.2,2,0
2022-05-26,center_san_antonio,San Antonio,927,32.6,0.0,3,0
2022-05-27,center_san_antonio,San Antonio,921,33.5,0.0,4,0
2022-05-28,center_san_antonio,San Antonio,638,34.7,0.0,5,0
2022-05-29,center_san_antonio,San Antonio,424,35.2,0.1,6,0
2022-05-30,center_san_antonio,San Antonio,517,34.8,1.6,0,1
2022-05-31,center_san_antonio,San Antonio,824,35.5,1.2,1,0
2022-06-01,center_san_antonio,San Antonio,989,33.8,3.0,2,0
2022-06-02,center_san_antonio,San Antonio,985,31.5,1.9,3,0
2022-06-03,center_san_antonio,San Antonio,790,34.4,7.8,4,0
2022-06-04,center_san_antonio,San Antonio,590,35.3,0.2,5,0
2022-06-05,center_san_antonio,San Antonio,467,36.6,1.1,6,0
2022-06-06,center_san_antonio,San Antonio,844,37.8,0.0,0,0
2022-06-07,center_san_antonio,San Antonio,861,38.2,0.0,1,0
2022-06-08,center_san_antonio,San Antonio,822,37.2,0.0,2,0
2022-06-09,center_san_antonio,San Antonio,795,35.8,0.4,3,0
2022-06-10,center_san_antonio,San Antonio,734,36.5,0.0,4,0
2022-06-11,center_san_antonio,San Antonio,520,38.7,0.0,5,0
2022-06-12,center_san_antonio,San Antonio,427,39.3,0.0,6,0
2022-06-13,center_san_antonio,San Antonio,782,37.8,0.0,0,0
2022-06-14,center_san_antonio,San Antonio,824,36.5,0.1,1,0
2022-06-15,center_san_antonio,San Antonio,821,35.8,1.4,2,0
2022-06-16,center_san_antonio,San Antonio,870,37.5,0.0,3,0
2022-06-17,center_san_antonio,San Antonio,667,36.0,0.0,4,0
2022-06-18,center_san_antonio,San Antonio,519,36.0,0.0,5,0
2022-06-19,center_san_antonio,San Antonio,211,35.6,0.0,6,1
2022-06-20,center_san_antonio,San Antonio,412,36.5,0.0,0,1
2022-06-21,center_san_antonio,San Antonio,832,36.5,0.0,1,0
2022-06-22,center_san_antonio,San Antonio,842,35.8,0.6,2,0
2022-06-23,center_san_antonio,San Antonio,861,37.0,0.1,3,0
2022-06-24,center_san_antonio,San Antonio,766,37.5,0.0,4,0
2022-06-25,center_san_antonio,San Antonio,579,37.1,0.0,5,0
2022-06-26,center_san_antonio,San Antonio,465,37.0,0.0,6,0
2022-06-27,center_san_antonio,San Antonio,748,36.5,2.4,0,0
2022-06-28,center_san_antonio,San Antonio,1162,33.8,4.6,1,0
2022-06-29,center_san_antonio,San Antonio,833,36.5,1.8,2,0
2022-06-30,center_san_antonio,San Antonio,757,35.7,0.2,3,0
2022-07-01,center_san_antonio,San Antonio,705,36.2,0.0,4,0
2022-07-02,center_san_antonio,San Antonio,515,36.2,2.8,5,0
2022-07-03,center_san_antonio,San Antonio,449,35.9,0.0,6,0
2022-07-04,center_san_antonio,San Antonio,384,36.5,0.4,0,1
2022-07-05,center_san_antonio,San Antonio,849,36.5,0.2,1,0
2022-07-06,center_san_antonio,San Antonio,766,37.2,0.0,2,0
2022-07-07,center_san_antonio,San Antonio,842,36.7,0.0,3,0
2022-07-08,center_san_antonio,San Antonio,687,36.9,0.0,4,0
2022-07-09,center_san_antonio,San Antonio,608,37.4,0.0,5,0
2022-07-10,center_san_antonio,San Antonio,480,38.8,0.1,6,0
2022-07-11,center_san_antonio,San Antonio,885,39.0,0.0,0,0
2022-07-12,center_san_antonio,San Antonio,783,38.8,0.0,1,0
2022-07-13,center_san_antonio,San Antonio,912,38.0,0.1,2,0
2022-07-14,center_san_antonio,San Antonio,753,36.8,0.0,3,0
2022-07-15,center_san_antonio,San Antonio,871,34.5,2.0,4,0
2022-07-16,center_san_antonio,San Antonio,547,36.2,0.7,5,0
2022-07-17,center_san_antonio,San Antonio,444,37.6,0.0,6,0
2022-07-18,center_san_antonio,San Antonio,832,37.2,0.0,0,0
2022-07-19,center_san_antonio,San Antonio,915,38.5,0.0,1,0
2022-07-20,center_san_antonio,San Antonio,911,38.3,0.0,2,0
2022-07-21,center_san_antonio,San Antonio,742,37.1,0.2,3,0
2022-07-22,center_san_antonio,San Antonio,741,36.6,0.2,4,0
2022-07-23,center_san_antonio,San Antonio,599,36.0,0.2,5,0
2022-07-24,center_san_antonio,San Antonio,442,37.3,0.5,6,0
2022-07-25,center_san_antonio,San Antonio,887,37.2,0.0,0,0
2022-07-26,center_san_antonio,San Antonio,879,37.1,0.0,1,0
2022-07-27,center_san_antonio,San Antonio,931,36.7,0.0,2,0
2022-07-28,center_san_antonio,San Antonio,772,36.2,0.0,3,0
2022-07-29,center_san_antonio,San Antonio,638,36.7,0.2,4,0
2022-07-30,center_san_antonio,San Antonio,551,37.3,0.0,5,0
2022-07-31,center_san_antonio,San Antonio,422,37.2,0.0,6,0
2022-08-01,center_san_antonio,San Antonio,832,36.5,0.0,0,0
2022-08-02,center_san_antonio,San Antonio,806,37.6,0.1,1,0
2022-08-03,center_san_antonio,San Antonio,831,38.5,0.0,2,0
2022-08-04,center_san_antonio,San Antonio,865,38.6,0.0,3,0
2022-08-05,center_san_antonio,San Antonio,654,37.7,0.0,4,0
2022-08-06,center_san_antonio,San Antonio,505,35.8,6.8,5,0
2022-08-07,center_san_antonio,San Antonio,432,35.6,0.7,6,0
2022-08-08,center_san_antonio,San Antonio,743,36.3,0.8,0,0
2022-08-09,center_san_antonio,San Antonio,775,35.6,0.1,1,0
2022-08-10,center_san_antonio,San Antonio,832,38.0,0.0,2,0
2022-08-11,center_san_antonio,San Antonio,835,36.2,1.2,3,0
2022-08-12,center_san_antonio,San Antonio,864,33.7,5.8,4,0
2022-08-13,center_san_antonio,San Antonio,514,36.0,4.5,5,0
2022-08-14,center_san_antonio,San Antonio,454,35.3,1.9,6,0
2022-08-15,center_san_antonio,San Antonio,1004,30.0,15.0,0,0
2022-08-16,center_san_antonio,San Antonio,1135,33.2,3.3,1,0
2022-08-17,center_san_antonio,San Antonio,1144,34.4,0.0,2,0
2022-08-18,center_san_antonio,San Antonio,741,35.6,0.2,3,0
2022-08-19,center_san_antonio,San Antonio,807,34.5,0.5,4,0
2022-08-20,center_san_antonio,San Antonio,633,35.0,0.5,5,0
2022-08-21,center_san_antonio,San Antonio,593,33.5,3.5,6,0
2022-08-22,center_san_antonio,San Antonio,798,35.5,4.3,0,0
2022-08-23,center_san_antonio,San Antonio,864,28.0,33.4,1,0
2022-08-24,center_san_antonio,San Antonio,884,32.5,6.0,2,0
2022-08-25,center_san_antonio,San Antonio,1102,32.5,0.3,3,0
2022-08-26,center_san_antonio,San Antonio,855,33.2,1.8,4,0
2022-08-27,center_san_antonio,San Antonio,728,33.2,0.9,5,0
2022-08-28,center_san_antonio,San Antonio,411,34.8,24.9,6,0
2022-08-29,center_san_antonio,San Antonio,1115,34.8,1.7,0,0
2022-08-30,center_san_antonio,San Antonio,956,32.0,7.5,1,0
2022-08-31,center_san_antonio,San Antonio,835,30.2,22.1,2,0
2022-09-01,center_san_antonio,San Antonio,933,31.0,0.7,3,0
2022-09-02,center_san_antonio,San Antonio,830,32.8,0.9,4,0
2022-09-03,center_san_antonio,San Antonio,615,32.2,10.3,5,0
2022-09-04,center_san_antonio,San Antonio,539,29.8,10.1,6,0
2022-09-05,center_san_antonio,San Antonio,546,32.9,0.7,0,1
2022-09-06,center_san_antonio,San Antonio,1032,33.8,0.1,1,0
2022-09-07,center_san_antonio,San Antonio,1157,34.5,0.1,2,0
2022-09-08,center_san_antonio,San Antonio,1056,33.0,0.1,3,0
2022-09-09,center_san_antonio,San Antonio,892,32.5,1.0,4,0
2022-09-10,center_san_antonio,San Antonio,690,34.0,0.3,5,0
2022-09-11,center_san_antonio,San Antonio,570,33.0,1.0,6,0
2022-09-12,center_san_antonio,San Antonio,1032,33.5,0.0,0,0
2022-09-13,center_san_antonio,San Antonio,1070,33.4,2.1,1,0
2022-09-14,center_san_antonio,San Antonio,943,33.5,8.0,2,0
2022-09-15,center_san_antonio,San Antonio,1001,33.8,0.6,3,0
2022-09-16,center_san_antonio,San Antonio,925,33.4,1.8,4,0
2022-09-17,center_san_antonio,San Antonio,687,33.5,0.8,5,0
2022-09-18,center_san_antonio,San Antonio,426,35.1,0.8,6,0
2022-09-19,center_san_antonio,San Antonio,1045,34.8,0.9,0,0
2022-09-20,center_san_antonio,San Antonio,1145,34.7,0.5,1,0
2022-09-21,center_san_antonio,San Antonio,989,34.2,0.0,2,0
2022-09-22,center_san_antonio,San Antonio,875,35.8,0.0,3,0
2022-09-23,center_san_antonio,San Antonio,854,35.0,0.0,4,0
2022-09-24,center_san_antonio,San Antonio,748,33.0,1.5,5,0
2022-09-25,center_san_antonio,San Antonio,499,33.5,0.2,6,0
2022-09-26,center_san_antonio,San Antonio,935,33.4,0.0,0,0
2022-09-27,center_san_antonio,San Antonio,993,31.5,0.0,1,0
2022-09-28,center_san_antonio,San Antonio,1023,31.0,0.0,2,0
2022-09-29,center_san_antonio,San Antonio,938,32.0,0.0,3,0
2022-09-30,center_san_antonio,San Antonio,937,30.6,0.0,4,0
2022-10-01,center_san_antonio,San Antonio,737,29.9,0.0,5,0
2022-10-02,center_san_antonio,San Antonio,604,28.5,0.0,6,0
2022-10-03,center_san_antonio,San Antonio,1030,29.4,0.0,0,0
2022-10-04,center_san_antonio,San Antonio,1127,30.3,0.0,1,0
2022-10-05,center_san_antonio,San Antonio,1076,30.6,0.0,2,0
2022-10-06,center_san_antonio,San Antonio,1036,31.0,0.0,3,0
2022-10-07,center_san_antonio,San Antonio,914,28.6,0.0,4,0
2022-10-08,center_san_antonio,San Antonio,672,30.8,0.0,5,0
2022-10-09,center_san_antonio,San Antonio,581,30.5,0.3,6,0
2022-10-10,center_san_antonio,San Antonio,498,30.8,0.0,0,1
2022-10-11,center_san_antonio,San Antonio,1152,29.8,0.2,1,0
2022-10-12,center_san_antonio,San Antonio,1073,33.1,0.2,2,0
2022-10-13,center_san_antonio,San Antonio,992,32.3,0.0,3,0
2022-10-14,center_san_antonio,San Antonio,885,30.2,0.2,4,0
2022-10-15,center_san_antonio,San Antonio,707,32.5,0.7,5,0
2022-10-16,center_san_antonio,San Antonio,592,32.1,0.4,6,0
2022-10-17,center_san_antonio,San Antonio,717,29.4,21.2,0,0
2022-10-18,center_san_antonio,San Antonio,1035,21.5,0.0,1,0
2022-10-19,center_san_antonio,San Antonio,1025,22.1,0.0,2,0
2022-10-20,center_san_antonio,San Antonio,1117,26.4,0.0,3,0
2022-10-21,center_san_antonio,San Antonio,887,28.2,0.0,4,0
2022-10-22,center_san_antonio,San Antonio,742,29.7,0.0,5,0
2022-10-23,center_san_antonio,San Antonio,543,30.0,0.2,6,0
2022-10-24,center_san_antonio,San Antonio,1111,33.2,2.5,0,0
2022-10-25,center_san_antonio,San Antonio,951,27.4,12.8,1,0
2022-10-26,center_san_antonio,San Antonio,1017,23.9,0.0,2,0
2022-10-27,center_san_antonio,San Antonio,1034,25.6,0.0,3,0
2022-10-28,center_san_antonio,San Antonio,670,23.6,37.1,4,0
2022-10-29,center_san_antonio,San Antonio,684,22.5,0.0,5,0
2022-10-30,center_san_antonio,San Antonio,597,24.6,0.0,6,0
2022-10-31,center_san_antonio,San Antonio,957,24.8,0.0,0,0
2022-11-01,center_san_antonio,San Antonio,1028,25.0,6.1,1,0
2022-11-02,center_san_antonio,San Antonio,982,22.0,0.0,2,0
2022-11-03,center_san_antonio,San Antonio,922,27.5,0.9,3,0
2022-11-04,center_san_antonio,San Antonio,826,30.1,4.6,4,0
2022-11-05,center_san_antonio,San Antonio,639,26.9,0.0,5,0
2022-11-06,center_san_antonio,San Antonio,569,28.0,0.0,6,0
2022-11-07,center_san_antonio,San Antonio,986,27.1,4.5,0,0
2022-11-08,center_san_antonio,San Antonio,1086,26.2,0.9,1,0
2022-11-09,center_san_antonio,San Antonio,995,27.5,1.4,2,0
2022-11-10,center_san_antonio,San Antonio,925,26.8,0.3,3,0
2022-11-11,center_san_antonio,San Antonio,357,24.5,9.5,4,1
2022-11-12,center_san_antonio,San Antonio,689,14.6,0.2,5,0
2022-11-13,center_san_antonio,San Antonio,591,13.6,0.0,6,0
2022-11-14,center_san_antonio,San Antonio,1077,19.8,3.0,0,0
2022-11-15,center_san_antonio,San Antonio,1092,14.2,0.0,1,0
2022-11-16,center_san_antonio,San Antonio,1115,13.6,0.0,2,0
2022-11-17,center_san_antonio,San Antonio,955,12.3,0.1,3,0
2022-11-18,center_san_antonio,San Antonio,920,12.4,0.1,4,0
2022-11-19,center_san_antonio,San Antonio,556,9.8,10.5,5,0
2022-11-20,center_san_antonio,San Antonio,483,9.9,0.2,6,0
2022-11-21,center_san_antonio,San Antonio,894,8.7,4.8,0,0
2022-11-22,center_san_antonio,San Antonio,1091,13.1,4.2,1,0
2022-11-23,center_san_antonio,San Antonio,1071,15.2,1.4,2,0
2022-11-24,center_san_antonio,San Antonio,491,20.1,9.5,3,1
2022-11-25,center_san_antonio,San Antonio,849,18.0,11.3,4,0
2022-11-26,center_san_antonio,San Antonio,507,16.3,31.2,5,0
2022-11-27,center_san_antonio,San Antonio,585,22.6,0.0,6,0
2022-11-28,center_san_antonio,San Antonio,957,21.2,0.0,0,0
2022-11-29,center_san_antonio,San Antonio,1094,24.9,2.3,1,0
2022-11-30,center_san_antonio,San Antonio,1164,19.9,0.0,2,0
2022-12-01,center_san_antonio,San Antonio,1080,11.3,0.1,3,0
2022-12-02,center_san_antonio,San Antonio,911,20.0,1.7,4,0
2022-12-03,center_san_antonio,San Antonio,665,18.5,0.5,5,0
2022-12-04,center_san_antonio,San Antonio,507,17.4,1.1,6,0
2022-12-05,center_san_antonio,San Antonio,916,23.0,3.4,0,0
2022-12-06,center_san_antonio,San Antonio,977,23.7,0.1,1,0
2022-12-07,center_san_antonio,San Antonio,1052,25.9,3.2,2,0
2022-12-08,center_san_antonio,San Antonio,942,25.5,1.6,3,0
2022-12-09,center_san_antonio,San Antonio,829,25.1,0.5,4,0
2022-12-10,center_san_antonio,San Antonio,733,24.0,1.0,5,0
2022-12-11,center_san_antonio,San Antonio,531,22.0,6.2,6,0
2022-12-12,center_san_antonio,San Antonio,938,23.2,1.9,0,0
2022-12-13,center_san_antonio,San Antonio,980,25.0,3.7,1,0
2022-12-14,center_san_antonio,San Antonio,1030,19.5,2.3,2,0
2022-12-15,center_san_antonio,San Antonio,1036,16.5,0.0,3,0
2022-12-16,center_san_antonio,San Antonio,920,20.0,0.4,4,0
2022-12-17,center_san_antonio,San Antonio,745,13.2,0.0,5,0
2022-12-18,center_san_antonio,San Antonio,513,10.2,0.0,6,0
2022-12-19,center_san_antonio,San Antonio,1016,12.1,3.7,0,0
2022-12-20,center_san_antonio,San Antonio,1030,12.6,0.0,1,0
2022-12-21,center_san_antonio,San Antonio,1149,11.4,0.0,2,0
2022-12-22,center_san_antonio,San Antonio,1035,15.6,0.0,3,0
2022-12-23,center_san_antonio,San Antonio,683,0.2,0.0,4,0
2022-12-24,center_san_antonio,San Antonio,580,2.8,0.0,5,0
2022-12-25,center_san_antonio,San Antonio,216,8.2,0.0,6,1
2022-12-26,center_san_antonio,San Antonio,551,15.4,0.0,0,1
2022-12-27,center_san_antonio,San Antonio,959,14.6,0.0,1,0
2022-12-28,center_san_antonio,San Antonio,1142,20.6,0.0,2,0
2022-12-29,center_san_antonio,San Antonio,1040,21.4,0.3,3,0
2022-12-30,center_san_antonio,San Antonio,929,18.8,0.0,4,0
2022-12-31,center_san_antonio,San Antonio,729,23.2,0.1,5,0
2023-01-01,center_san_antonio,San Antonio,267,22.8,0.0,6,1
2023-01-02,center_san_antonio,San Antonio,504,27.2,2.4,0,1
2023-01-03,center_san_antonio,San Antonio,977,24.0,0.0,1,0
2023-01-04,center_san_antonio,San Antonio,1078,22.5,0.0,2,0
2023-01-05,center_san_antonio,San Antonio,962,21.9,0.0,3,0
2023-01-06,center_san_antonio,San Antonio,897,25.3,0.0,4,0
2023-01-07,center_san_antonio,San Antonio,704,22.8,2.3,5,0
2023-01-08,center_san_antonio,San Antonio,560,20.8,0.6,6,0
2023-01-09,center_san_antonio,San Antonio,938,21.8,0.1,0,0
2023-01-10,center_san_antonio,San Antonio,1130,25.2,0.0,1,0
2023-01-11,center_san_antonio,San Antonio,1041,28.5,0.0,2,0
2023-01-12,center_san_antonio,San Antonio,1026,22.3,0.0,3,0
2023-01-13,center_san_antonio,San Antonio,799,18.0,0.0,4,0
2023-01-14,center_san_antonio,San Antonio,668,18.0,0.0,5,0
2023-01-15,center_san_antonio,San Antonio,599,22.9,0.0,6,0
2023-01-16,center_san_antonio,San Antonio,474,24.3,0.1,0,1
2023-01-17,center_san_antonio,San Antonio,1090,26.2,0.0,1,0
2023-01-18,center_san_antonio,San Antonio,1002,24.6,2.5,2,0
2023-01-19,center_san_antonio,San Antonio,987,21.2,0.0,3,0
2023-01-20,center_san_antonio,San Antonio,883,17.1,0.0,4,0
2023-01-21,center_san_antonio,San Antonio,751,18.4,1.0,5,0
2023-01-22,center_san_antonio,San Antonio,500,17.9,0.0,6,0
2023-01-23,center_san_antonio,San Antonio,1086,13.3,0.0,0,0
2023-01-24,center_san_antonio,San Antonio,873,19.1,22.0,1,0
2023-01-25,center_san_antonio,San Antonio,1047,15.1,0.0,2,0
2023-01-26,center_san_antonio,San Antonio,1025,13.9,0.0,3,0
2023-01-27,center_san_antonio,San Antonio,928,13.4,0.0,4,0
2023-01-28,center_san_antonio,San Antonio,680,16.9,1.8,5,0
2023-01-29,center_san_antonio,San Antonio,522,23.9,1.7,6,0
2023-01-30,center_san_antonio,San Antonio,1051,21.2,4.8,0,0
2023-01-31,center_san_antonio,San Antonio,952,3.7,4.7,1,0
2023-02-01,center_san_antonio,San Antonio,789,4.7,5.2,2,0
2023-02-02,center_san_antonio,San Antonio,1108,11.7,1.3,3,0
2023-02-03,center_san_antonio,San Antonio,940,13.9,0.0,4,0
2023-02-04,center_san_antonio,San Antonio,668,16.0,0.0,5,0
2023-02-05,center_san_antonio,San Antonio,501,21.2,0.0,6,0
2023-02-06,center_san_antonio,San Antonio,960,23.1,0.4,0,0
2023-02-07,center_san_antonio,San Antonio,993,21.9,4.8,1,0
2023-02-08,center_san_antonio,San Antonio,1031,20.1,17.4,2,0
2023-02-09,center_san_antonio,San Antonio,1067,20.5,0.0,3,0
2023-02-10,center_san_antonio,San Antonio,920,16.2,0.0,4,0
2023-02-11,center_san_antonio,San Antonio,715,15.2,0.0,5,0
2023-02-12,center_san_antonio,San Antonio,570,16.1,0.0,6,0
2023-02-13,center_san_antonio,San Antonio,1066,22.0,0.0,0,0
2023-02-14,center_san_antonio,San Antonio,1094,23.9,1.4,1,0
2023-02-15,center_san_antonio,San Antonio,1160,26.1,0.1,2,0
2023-02-16,center_san_antonio,San Antonio,989,24.9,0.9,3,0
2023-02-17,center_san_antonio,San Antonio,957,12.0,0.0,4,0
2023-02-18,center_san_antonio,San Antonio,623,12.4,0.0,5,0
2023-02-19,center_san_antonio,San Antonio,502,22.1,0.0,6,0
2023-02-20,center_san_antonio,San Antonio,487,26.0,0.0,0,1
2023-02-21,center_san_antonio,San Antonio,967,28.2,0.0,1,0
2023-02-22,center_san_antonio,San Antonio,972,31.1,1.1,2,0
2023-02-23,center_san_antonio,San Antonio,1004,28.0,0.0,3,0
2023-02-24,center_san_antonio,San Antonio,865,23.3,0.4,4,0
2023-02-25,center_san_antonio,San Antonio,689,22.9,2.5,5,0
2023-02-26,center_san_antonio,San Antonio,519,28.1,2.5,6,0
2023-02-27,center_san_antonio,San Antonio,988,28.5,0.0,0,0
2023-02-28,center_san_antonio,San Antonio,1156,28.1,0.0,1,0
2023-03-01,center_san_antonio,San Antonio,981,32.0,2.2,2,0
2023-03-02,center_san_antonio,San Antonio,873,30.2,6.9,3,0
2023-03-03,center_san_antonio,San Antonio,906,26.8,0.2,4,0
2023-03-04,center_san_antonio,San Antonio,662,25.8,0.0,5,0
2023-03-05,center_san_antonio,San Antonio,582,26.5,0.0,6,0
2023-03-06,center_san_antonio,San Antonio,1104,27.6,0.7,0,0
2023-03-07,center_san_antonio,San Antonio,1165,27.8,2.8,1,0
2023-03-08,center_san_antonio,San Antonio,1004,29.1,0.7,2,0
2023-03-09,center_san_antonio,San Antonio,925,30.5,0.6,3,0
2023-03-10,center_san_antonio,San Antonio,865,27.4,0.9,4,0
2023-03-11,center_san_antonio,San Antonio,667,32.8,0.0,5,0
2023-03-12,center_san_antonio,San Antonio,544,31.4,0.0,6,0
2023-03-13,center_san_antonio,San Antonio,978,24.9,0.0,0,0
2023-03-14,center_san_antonio,San Antonio,1148,20.4,1.0,1,0
2023-03-15,center_san_antonio,San Antonio,1071,22.3,0.1,2,0
2023-03-16,center_san_antonio,San Antonio,1069,29.1,5.0,3,0
2023-03-17,center_san_antonio,San Antonio,819,27.7,11.3,4,0
2023-03-18,center_san_antonio,San Antonio,600,14.1,14.7,5,0
2023-03-19,center_san_antonio,San Antonio,598,14.4,0.1,6,0
2023-03-20,center_san_antonio,San Antonio,969,14.3,0.1,0,0
2023-03-21,center_san_antonio,San Antonio,996,23.1,6.0,1,0
2023-03-22,center_san_antonio,San Antonio,985,27.2,1.2,2,0
2023-03-23,center_san_antonio,San Antonio,974,29.5,1.0,3,0
2023-03-24,center_san_antonio,San Antonio,951,29.4,2.9,4,0
2023-03-25,center_san_antonio,San Antonio,736,27.0,0.0,5,0
2023-03-26,center_san_antonio,San Antonio,593,28.2,0.0,6,0
2023-03-27,center_san_antonio,San Antonio,1019,27.6,0.1,0,0
2023-03-28,center_san_antonio,San Antonio,1058,24.9,1.2,1,0
2023-03-29,center_san_antonio,San Antonio,1067,19.0,3.7,2,0
2023-03-30,center_san_antonio,San Antonio,996,26.6,3.4,3,0
2023-03-31,center_san_antonio,San Antonio,806,32.0,1.7,4,0
2023-04-01,center_san_antonio,San Antonio,735,30.1,0.0,5,0
2023-04-02,center_san_antonio,San Antonio,594,31.9,0.8,6,0
2023-04-03,center_san_antonio,San Antonio,942,33.6,0.0,0,0
2023-04-04,center_san_antonio,San Antonio,1058,34.8,0.0,1,0
2023-04-05,center_san_antonio,San Antonio,914,29.5,10.0,2,0
2023-04-06,center_san_antonio,San Antonio,811,21.5,25.2,3,0
2023-04-07,center_san_antonio,San Antonio,766,15.8,18.6,4,0
2023-04-08,center_san_antonio,San Antonio,745,23.0,0.2,5,0
2023-04-09,center_san_antonio,San Antonio,595,23.4,0.0,6,0
2023-04-10,center_san_antonio,San Antonio,932,21.2,4.5,0,0
2023-04-11,center_san_antonio,San Antonio,1093,23.7,0.2,1,0
2023-04-12,center_san_antonio,San Antonio,1166,24.4,0.0,2,0
2023-04-13,center_san_antonio,San Antonio,1084,24.9,0.0,3,0
2023-04-14,center_san_antonio,San Antonio,829,28.4,0.7,4,0
2023-04-15,center_san_antonio,San Antonio,628,32.9,0.1,5,0
2023-04-16,center_san_antonio,San Antonio,527,28.2,0.0,6,0
2023-04-17,center_san_antonio,San Antonio,1010,25.2,0.0,0,0
2023-04-18,center_san_antonio,San Antonio,1062,24.0,3.4,1,0
2023-04-19,center_san_antonio,San Antonio,985,27.0,4.2,2,0
2023-04-20,center_san_antonio,San Antonio,1092,29.6,2.9,3,0
2023-04-21,center_san_antonio,San Antonio,767,27.9,17.4,4,0
2023-04-22,center_san_antonio,San Antonio,700,26.5,0.0,5,0
2023-04-23,center_san_antonio,San Antonio,383,24.7,21.1,6,0
2023-04-24,center_san_antonio,San Antonio,940,20.5,1.0,0,0
2023-04-25,center_san_antonio,San Antonio,909,24.9,7.4,1,0
2023-04-26,center_san_antonio,San Antonio,1004,28.9,7.7,2,0
2023-04-27,center_san_antonio,San Antonio,1069,26.6,4.3,3,0
2023-04-28,center_san_antonio,San Antonio,749,30.2,7.1,4,0
2023-04-29,center_san_antonio,San Antonio,667,24.0,0.9,5,0
2023-04-30,center_san_antonio,San Antonio,600,29.3,0.0,6,0
2023-05-01,center_san_antonio,San Antonio,939,28.4,0.0,0,0
2023-05-02,center_san_antonio,San Antonio,1075,27.7,0.6,1,0
2023-05-03,center_san_antonio,San Antonio,1000,28.4,0.0,2,0
2023-05-04,center_san_antonio,San Antonio,945,28.4,1.1,3,0
2023-05-05,center_san_antonio,San Antonio,843,33.6,2.9,4,0
2023-05-06,center_san_antonio,San Antonio,653,32.1,0.1,5,0
2023-05-07,center_san_antonio,San Antonio,565,30.1,0.5,6,0
2023-05-08,center_san_antonio,San Antonio,943,30.6,13.7,0,0
2023-05-09,center_san_antonio,San Antonio,922,23.5,11.4,1,0
2023-05-10,center_san_antonio,San Antonio,921,28.7,7.3,2,0
2023-05-11,center_san_antonio,San Antonio,886,30.1,7.3,3,0
2023-05-12,center_san_antonio,San Antonio,919,30.1,4.6,4,0
2023-05-13,center_san_antonio,San Antonio,522,26.3,72.2,5,0
2023-05-14,center_san_antonio,San Antonio,581,28.9,0.5,6,0
2023-05-15,center_san_antonio,San Antonio,1001,28.5,8.4,0,0
2023-05-16,center_san_antonio,San Antonio,873,28.5,13.1,1,0
2023-05-17,center_san_antonio,San Antonio,1139,29.2,1.6,2,0
2023-05-18,center_san_antonio,San Antonio,1039,30.2,0.0,3,0
2023-05-19,center_san_antonio,San Antonio,944,30.7,0.7,4,0
2023-05-20,center_san_antonio,San Antonio,655,30.2,18.1,5,0
2023-05-21,center_san_antonio,San Antonio,478,26.5,6.3,6,0
2023-05-22,center_san_antonio,San Antonio,914,27.4,0.2,0,0
2023-05-23,center_san_antonio,San Antonio,1116,29.1,1.4,1,0
2023-05-24,center_san_antonio,San Antonio,1045,29.8,2.6,2,0
2023-05-25,center_san_antonio,San Antonio,1092,29.8,0.5,3,0
2023-05-26,center_san_antonio,San Antonio,811,29.3,0.1,4,0
2023-05-27,center_san_antonio,San Antonio,699,30.0,0.3,5,0
2023-05-28,center_san_antonio,San Antonio,585,27.8,1.0,6,0
2023-05-29,center_san_antonio,San Antonio,491,28.2,1.9,0,1
2023-05-30,center_san_antonio,San Antonio,1067,30.1,0.4,1,0
2023-05-31,center_san_antonio,San Antonio,1070,30.6,0.1,2,0
2023-06-01,center_san_antonio,San Antonio,1103,31.5,2.1,3,0
2023-06-02,center_san_antonio,San Antonio,798,32.0,0.9,4,0
2023-06-03,center_san_antonio,San Antonio,623,32.6,0.0,5,0
2023-06-04,center_san_antonio,San Antonio,437,32.4,26.6,6,0
2023-06-05,center_san_antonio,San Antonio,970,30.8,13.1,0,0
2023-06-06,center_san_antonio,San Antonio,970,30.4,1.6,1,0
2023-06-07,center_san_antonio,San Antonio,967,29.3,1.1,2,0
2023-06-08,center_san_antonio,San Antonio,995,33.3,0.5,3,0
2023-06-09,center_san_antonio,San Antonio,735,35.7,0.0,4,0
2023-06-10,center_san_antonio,San Antonio,573,36.8,0.4,5,0
2023-06-11,center_san_antonio,San Antonio,409,37.3,0.2,6,0
2023-06-12,center_san_antonio,San Antonio,874,36.8,0.0,0,0
2023-06-13,center_san_antonio,San Antonio,805,37.7,0.2,1,0
2023-06-14,center_san_antonio,San Antonio,926,36.5,0.0,2,0
2023-06-15,center_san_antonio,San Antonio,865,38.5,0.2,3,0
2023-06-16,center_san_antonio,San Antonio,761,38.3,0.0,4,0
2023-06-17,center_san_antonio,San Antonio,522,36.8,0.0,5,0
2023-06-18,center_san_antonio,San Antonio,470,39.8,0.0,6,0
2023-06-19,center_san_antonio,San Antonio,367,39.8,0.0,0,1
2023-06-20,center_san_antonio,San Antonio,812,40.2,0.0,1,0
2023-06-21,center_san_antonio,San Antonio,885,40.0,0.9,2,0
2023-06-22,center_san_antonio,San Antonio,753,36.5,0.1,3,0
2023-06-23,center_san_antonio,San Antonio,673,38.2,0.0,4,0
2023-06-24,center_san_antonio,San Antonio,572,38.3,0.0,5,0
2023-06-25,center_san_antonio,San Antonio,469,38.5,0.0,6,0
2023-06-26,center_san_antonio,San Antonio,780,39.2,0.0,0,0
2023-06-27,center_san_antonio,San Antonio,867,40.0,0.0,1,0
2023-06-28,center_san_antonio,San Antonio,790,38.7,0.0,2,0
2023-06-29,center_san_antonio,San Antonio,791,37.1,0.1,3,0
2023-06-30,center_san_antonio,San Antonio,670,37.5,0.6,4,0
2023-07-01,center_san_antonio,San Antonio,526,38.0,0.1,5,0
2023-07-02,center_san_antonio,San Antonio,414,37.4,0.2,6,0
2023-07-03,center_san_antonio,San Antonio,749,36.8,0.0,0,0
2023-07-04,center_san_antonio,San Antonio,432,36.2,0.2,1,1
2023-07-05,center_san_antonio,San Antonio,810,35.5,2.3,2,0
2023-07-06,center_san_antonio,San Antonio,925,32.2,2.9,3,0
2023-07-07,center_san_antonio,San Antonio,944,32.7,4.3,4,0
2023-07-08,center_san_antonio,San Antonio,502,35.8,1.4,5,0
2023-07-09,center_san_antonio,San Antonio,439,37.5,0.0,6,0
2023-07-10,center_san_antonio,San Antonio,753,38.8,0.1,0,0
2023-07-11,center_san_antonio,San Antonio,870,39.5,0.0,1,0
2023-07-12,center_san_antonio,San Antonio,823,40.7,0.1,2,0
2023-07-13,center_san_antonio,San Antonio,773,40.7,0.0,3,0
2023-07-14,center_san_antonio,San Antonio,711,40.2,0.0,4,0
2023-07-15,center_san_antonio,San Antonio,517,40.0,0.0,5,0
2023-07-16,center_san_antonio,San Antonio,440,39.4,0.0,6,0
2023-07-17,center_san_antonio,San Antonio,868,39.6,0.0,0,0
2023-07-18,center_san_antonio,San Antonio,833,40.0,0.0,1,0
2023-07-19,center_san_antonio,San Antonio,849,39.8,0.0,2,0
2023-07-20,center_san_antonio,San Antonio,798,39.5,0.0,3,0
2023-07-21,center_san_antonio,San Antonio,765,38.9,0.0,4,0
2023-07-22,center_san_antonio,San Antonio,511,39.8,0.0,5,0
2023-07-23,center_san_antonio,San Antonio,439,38.1,5.5,6,0
2023-07-24,center_san_antonio,San Antonio,877,37.0,0.0,0,0
2023-07-25,center_san_antonio,San Antonio,783,37.2,0.0,1,0
2023-07-26,center_san_antonio,San Antonio,787,37.6,0.0,2,0
2023-07-27,center_san_antonio,San Antonio,752,37.1,0.0,3,0
2023-07-28,center_san_antonio,San Antonio,719,37.3,0.0,4,0
2023-07-29,center_san_antonio,San Antonio,537,37.2,0.0,5,0
2023-07-30,center_san_antonio,San Antonio,420,37.5,0.0,6,0
2023-07-31,center_san_antonio,San Antonio,835,38.7,0.0,0,0
2023-08-01,center_san_antonio,San Antonio,830,38.7,0.0,1,0
2023-08-02,center_san_antonio,San Antonio,915,38.8,0.0,2,0
2023-08-03,center_san_antonio,San Antonio,741,38.7,0.0,3,0
2023-08-04,center_san_antonio,San Antonio,639,40.1,0.0,4,0
2023-08-05,center_san_antonio,San Antonio,608,40.4,0.0,5,0
2023-08-06,center_san_antonio,San Antonio,471,40.7,0.0,6,0
2023-08-07,center_san_antonio,San Antonio,883,40.5,0.0,0,0
2023-08-08,center_san_antonio,San Antonio,845,40.3,0.0,1,0
2023-08-09,center_san_antonio,San Antonio,869,41.4,0.0,2,0
2023-08-10,center_san_antonio,San Antonio,823,41.3,0.0,3,0
2023-08-11,center_san_antonio,San Antonio,689,41.0,0.0,4,0
2023-08-12,center_san_antonio,San Antonio,546,40.3,0.0,5,0
2023-08-13,center_san_antonio,San Antonio,403,40.0,0.0,6,0
2023-08-14,center_san_antonio,San Antonio,785,39.5,0.0,0,0
2023-08-15,center_san_antonio,San Antonio,818,39.5,0.0,1,0
2023-08-16,center_san_antonio,San Antonio,854,39.7,0.0,2,0
2023-08-17,center_san_antonio,San Antonio,772,41.1,0.0,3,0
2023-08-18,center_san_antonio,San Antonio,756,39.8,0.0,4,0
2023-08-19,center_san_antonio,San Antonio,558,39.8,0.0,5,0
2023-08-20,center_san_antonio,San Antonio,466,38.5,0.6,6,0
2023-08-21,center_san_antonio,San Antonio,882,40.8,0.0,0,0
2023-08-22,center_san_antonio,San Antonio,807,36.4,2.2,1,0
2023-08-23,center_san_antonio,San Antonio,800,35.5,2.8,2,0
2023-08-24,center_san_antonio,San Antonio,793,37.0,0.0,3,0
2023-08-25,center_san_antonio,San Antonio,659,39.2,0.0,4,0
2023-08-26,center_san_antonio,San Antonio,609,39.5,0.1,5,0
2023-08-27,center_san_antonio,San Antonio,456,40.7,0.0,6,0
2023-08-28,center_san_antonio,San Antonio,766,38.7,1.3,0,0
2023-08-29,center_san_antonio,San Antonio,913,35.8,0.0,1,0
2023-08-30,center_san_antonio,San Antonio,828,36.2,0.0,2,0
2023-08-31,center_san_antonio,San Antonio,832,37.2,0.0,3,0
2023-09-01,center_san_antonio,San Antonio,718,36.5,0.0,4,0
2023-09-02,center_san_antonio,San Antonio,590,36.8,0.0,5,0
2023-09-03,center_san_antonio,San Antonio,480,36.3,0.0,6,0
2023-09-04,center_san_antonio,San Antonio,394,37.7,0.0,0,1
2023-09-05,center_san_antonio,San Antonio,787,38.4,0.0,1,0
2023-09-06,center_san_antonio,San Antonio,906,37.2,0.1,2,0
2023-09-07,center_san_antonio,San Antonio,844,37.9,0.0,3,0
2023-09-08,center_san_antonio,San Antonio,683,38.6,0.0,4,0
2023-09-09,center_san_antonio,San Antonio,553,38.0,0.0,5,0
2023-09-10,center_san_antonio,San Antonio,460,36.9,0.4,6,0
2023-09-11,center_san_antonio,San Antonio,820,36.2,0.2,0,0
2023-09-12,center_san_antonio,San Antonio,1111,34.8,0.0,1,0
2023-09-13,center_san_antonio,San Antonio,1166,33.5,0.7,2,0
2023-09-14,center_san_antonio,San Antonio,796,36.0,6.4,3,0
2023-09-15,center_san_antonio,San Antonio,799,33.9,15.7,4,0
2023-09-16,center_san_antonio,San Antonio,471,29.5,23.9,5,0
2023-09-17,center_san_antonio,San Antonio,547,31.8,0.1,6,0
2023-09-18,center_san_antonio,San Antonio,976,32.2,0.6,0,0
2023-09-19,center_san_antonio,San Antonio,1149,34.2,0.0,1,0
2023-09-20,center_san_antonio,San Antonio,777,35.8,0.0,2,0
2023-09-21,center_san_antonio,San Antonio,860,35.5,0.1,3,0
2023-09-22,center_san_antonio,San Antonio,740,37.0,0.0,4,0
2023-09-23,center_san_antonio,San Antonio,525,37.2,0.0,5,0
2023-09-24,center_san_antonio,San Antonio,485,37.8,0.0,6,0
2023-09-25,center_san_antonio,San Antonio,789,36.3,2.4,0,0
2023-09-26,center_san_antonio,San Antonio,1069,33.7,1.6,1,0
2023-09-27,center_san_antonio,San Antonio,966,34.2,0.0,2,0
2023-09-28,center_san_antonio,San Antonio,951,33.8,0.0,3,0
2023-09-29,center_san_antonio,San Antonio,906,34.5,0.0,4,0
2023-09-30,center_san_antonio,San Antonio,751,34.0,0.2,5,0
2023-10-01,center_san_antonio,San Antonio,514,33.8,5.5,6,0
2023-10-02,center_san_antonio,San Antonio,1098,31.5,2.4,0,0
2023-10-03,center_san_antonio,San Antonio,1002,33.8,0.0,1,0
2023-10-04,center_san_antonio,San Antonio,1109,32.8,2.3,2,0
2023-10-05,center_san_antonio,San Antonio,760,29.5,44.1,3,0
2023-10-06,center_san_antonio,San Antonio,883,29.1,0.2,4,0
2023-10-07,center_san_antonio,San Antonio,743,25.8,0.0,5,0
2023-10-08,center_san_antonio,San Antonio,583,24.0,0.0,6,0
2023-10-09,center_san_antonio,San Antonio,460,27.0,0.0,0,1
2023-10-10,center_san_antonio,San Antonio,963,25.9,0.0,1,0
2023-10-11,center_san_antonio,San Antonio,1058,25.3,2.7,2,0
2023-10-12,center_san_antonio,San Antonio,1019,28.2,0.5,3,0
2023-10-13,center_san_antonio,San Antonio,921,31.1,0.7,4,0
2023-10-14,center_san_antonio,San Antonio,675,27.4,0.3,5,0
2023-10-15,center_san_antonio,San Antonio,598,23.6,0.0,6,0
2023-10-16,center_san_antonio,San Antonio,1085,22.7,0.0,0,0
2023-10-17,center_san_antonio,San Antonio,1074,22.7,0.0,1,0
2023-10-18,center_san_antonio,San Antonio,1077,26.0,0.0,2,0
2023-10-19,center_san_antonio,San Antonio,953,30.6,0.0,3,0
2023-10-20,center_san_antonio,San Antonio,830,32.2,0.0,4,0
2023-10-21,center_san_antonio,San Antonio,750,31.2,0.0,5,0
2023-10-22,center_san_antonio,San Antonio,605,29.5,0.2,6,0
2023-10-23,center_san_antonio,San Antonio,1045,28.9,3.3,0,0
2023-10-24,center_san_antonio,San Antonio,971,27.9,18.7,1,0
2023-10-25,center_san_antonio,San Antonio,832,29.6,28.6,2,0
2023-10-26,center_san_antonio,San Antonio,751,27.4,44.0,3,0
2023-10-27,center_san_antonio,San Antonio,731,28.1,18.2,4,0
2023-10-28,center_san_antonio,San Antonio,566,28.6,11.7,5,0
2023-10-29,center_san_antonio,San Antonio,556,28.1,3.2,6,0
2023-10-30,center_san_antonio,San Antonio,865,15.1,7.1,0,0
2023-10-31,center_san_antonio,San Antonio,1157,14.4,1.9,1,0
2023-11-01,center_san_antonio,San Antonio,1067,14.9,0.0,2,0
2023-11-02,center_san_antonio,San Antonio,1065,17.0,0.0,3,0
2023-11-03,center_san_antonio,San Antonio,873,22.8,0.2,4,0
2023-11-04,center_san_antonio,San Antonio,628,24.4,0.0,5,0
2023-11-05,center_san_antonio,San Antonio,560,25.1,0.0,6,0
2023-11-06,center_san_antonio,San Antonio,1100,25.5,0.0,0,0
2023-11-07,center_san_antonio,San Antonio,1021,27.5,0.0,1,0
2023-11-08,center_san_antonio,San Antonio,1149,28.0,0.2,2,0
2023-11-09,center_san_antonio,San Antonio,1030,24.8,4.1,3,0
2023-11-10,center_san_antonio,San Antonio,397,18.6,7.3,4,1
2023-11-11,center_san_antonio,San Antonio,337,18.1,1.6,5,1
2023-11-12,center_san_antonio,San Antonio,505,17.2,7.7,6,0
2023-11-13,center_san_antonio,San Antonio,989,15.4,10.1,0,0
2023-11-14,center_san_antonio,San Antonio,991,21.2,0.5,1,0
2023-11-15,center_san_antonio,San Antonio,1079,22.4,0.0,2,0
2023-11-16,center_san_antonio,San Antonio,917,20.6,0.0,3,0
2023-11-17,center_san_antonio,San Antonio,860,23.8,0.0,4,0
2023-11-18,center_san_antonio,San Antonio,659,20.1,0.0,5,0
2023-11-19,center_san_antonio,San Antonio,556,20.2,2.0,6,0
2023-11-20,center_san_antonio,San Antonio,1014,25.9,1.6,0,0
2023-11-21,center_san_antonio,San Antonio,1068,19.1,0.0,1,0
2023-11-22,center_san_antonio,San Antonio,1059,17.5,0.0,2,0
2023-11-23,center_san_antonio,San Antonio,554,14.6,0.1,3,1
2023-11-24,center_san_antonio,San Antonio,955,17.6,0.0,4,0
2023-11-25,center_san_antonio,San Antonio,759,14.9,3.1,5,0
2023-11-26,center_san_antonio,San Antonio,519,14.8,3.1,6,0
2023-11-27,center_san_antonio,San Antonio,964,13.1,0.0,0,0
2023-11-28,center_san_antonio,San Antonio,1136,14.6,0.0,1,0
2023-11-29,center_san_antonio,San Antonio,1029,15.7,0.0,2,0
2023-11-30,center_san_antonio,San Antonio,887,22.0,5.8,3,0
2023-12-01,center_san_antonio,San Antonio,906,22.7,0.0,4,0
2023-12-02,center_san_antonio,San Antonio,659,22.3,0.0,5,0
2023-12-03,center_san_antonio,San Antonio,586,21.1,0.0,6,0
2023-12-04,center_san_antonio,San Antonio,1036,19.6,0.0,0,0
2023-12-05,center_san_antonio,San Antonio,987,20.9,0.0,1,0
2023-12-06,center_san_antonio,San Antonio,1052,19.8,0.0,2,0
2023-12-07,center_san_antonio,San Antonio,949,21.5,0.0,3,0
2023-12-08,center_san_antonio,San Antonio,794,24.2,0.2,4,0
2023-12-09,center_san_antonio,San Antonio,625,24.6,0.4,5,0
2023-12-10,center_san_antonio,San Antonio,570,18.3,0.0,6,0
2023-12-11,center_san_antonio,San Antonio,939,16.7,0.0,0,0
2023-12-12,center_san_antonio,San Antonio,1154,19.5,0.0,1,0
2023-12-13,center_san_antonio,San Antonio,936,17.9,7.2,2,0
2023-12-14,center_san_antonio,San Antonio,996,17.9,6.5,3,0
2023-12-15,center_san_antonio,San Antonio,791,18.4,4.1,4,0
2023-12-16,center_san_antonio,San Antonio,746,18.4,1.7,5,0
2023-12-17,center_san_antonio,San Antonio,537,19.4,0.0,6,0
2023-12-18,center_san_antonio,San Antonio,921,21.0,0.0,0,0
2023-12-19,center_san_antonio,San Antonio,1026,19.0,0.0,1,0
2023-12-20,center_san_antonio,San Antonio,1076,22.2,0.3,2,0
2023-12-21,center_san_antonio,San Antonio,1036,19.7,2.1,3,0
2023-12-22,center_san_antonio,San Antonio,800,21.9,1.6,4,0
2023-12-23,center_san_antonio,San Antonio,732,21.4,2.0,5,0
2023-12-24,center_san_antonio,San Antonio,466,23.6,16.8,6,0
2023-12-25,center_san_antonio,San Antonio,535,17.8,0.0,0,1
2023-12-26,center_san_antonio,San Antonio,1000,15.0,0.0,1,0
2023-12-27,center_san_antonio,San Antonio,1097,19.0,0.0,2,0
2023-12-28,center_san_antonio,San Antonio,1002,16.4,0.0,3,0
2023-12-29,center_san_antonio,San Antonio,914,15.9,0.0,4,0
2023-12-30,center_san_antonio,San Antonio,653,19.4,0.0,5,0
2023-12-31,center_san_antonio,San Antonio,563,20.9,0.0,6,0
2020-01-01,center_san_diego,San Diego,456,16.6,0.0,2,1
2020-01-02,center_san_diego,San Diego,904,17.2,0.0,3,0
2020-01-03,center_san_diego,San Diego,823,18.9,0.0,4,0
2020-01-04,center_san_diego,San Diego,661,17.5,0.0,5,0
2020-01-05,center_san_diego,San Diego,469,17.1,0.0,6,0
2020-01-06,center_san_diego,San Diego,1006,22.5,0.0,0,0
2020-01-07,center_san_diego,San Diego,986,20.5,0.0,1,0
2020-01-08,center_san_diego,San Diego,1051,14.9,0.0,2,0
2020-01-09,center_san_diego,San Diego,1026,14.6,0.4,3,0
2020-01-10,center_san_diego,San Diego,825,15.7,2.6,4,0
2020-01-11,center_san_diego,San Diego,584,14.8,0.0,5,0
2020-01-12,center_san_diego,San Diego,545,16.0,0.0,6,0
2020-01-13,center_san_diego,San Diego,1005,15.8,0.0,0,0
2020-01-14,center_san_diego,San Diego,1001,15.6,0.0,1,0
2020-01-15,center_san_diego,San Diego,947,16.2,0.0,2,0
2020-01-16,center_san_diego,San Diego,938,14.6,0.0,3,0
2020-01-17,center_san_diego,San Diego,894,13.9,4.8,4,0
2020-01-18,center_san_diego,San Diego,647,17.9,0.0,5,0
2020-01-19,center_san_diego,San Diego,519,19.0,0.0,6,0
2020-01-20,center_san_diego,San Diego,441,16.1,0.0,0,1
2020-01-21,center_san_diego,San Diego,964,14.9,3.5,1,0
2020-01-22,center_san_diego,San Diego,901,16.2,0.2,2,0
2020-01-23,center_san_diego,San Diego,949,18.2,0.0,3,0
2020-01-24,center_san_diego,San Diego,743,18.4,0.0,4,0
2020-01-25,center_san_diego,San Diego,620,17.6,0.0,5,0
2020-01-26,center_san_diego,San Diego,507,14.8,0.0,6,0
2020-01-27,center_san_diego,San Diego,898,17.5,0.0,0,0
2020-01-28,center_san_diego,San Diego,1062,19.6,0.0,1,0
2020-01-29,center_san_diego,San Diego,1060,18.4,0.0,2,0
2020-01-30,center_san_diego,San Diego,994,21.3,0.0,3,0
2020-01-31,center_san_diego,San Diego,771,23.8,0.0,4,0
2020-02-01,center_san_diego,San Diego,643,25.6,0.0,5,0
2020-02-02,center_san_diego,San Diego,504,23.0,0.0,6,0
2020-02-03,center_san_diego,San Diego,878,15.7,0.4,0,0
2020-02-04,center_san_diego,San Diego,1029,14.6,0.0,1,0
2020-02-05,center_san_diego,San Diego,1015,15.5,0.0,2,0
2020-02-06,center_san_diego,San Diego,922,16.5,0.0,3,0
2020-02-07,center_san_diego,San Diego,846,17.2,0.0,4,0
2020-02-08,center_san_diego,San Diego,631,18.5,0.0,5,0
2020-02-09,center_san_diego,San Diego,500,15.9,1.9,6,0
2020-02-10,center_san_diego,San Diego,906,13.4,9.3,0,0
2020-02-11,center_san_diego,San Diego,904,18.0,0.0,1,0
2020-02-12,center_san_diego,San Diego,1074,15.8,0.0,2,0
2020-02-13,center_san_diego,San Diego,990,16.7,0.0,3,0
2020-02-14,center_san_diego,San Diego,863,16.5,0.0,4,0
2020-02-15,center_san_diego,San Diego,594,17.4,0.0,5,0
2020-02-16,center_san_diego,San Diego,556,17.3,0.0,6,0
2020-02-17,center_san_diego,San Diego,425,17.7,0.0,0,1
2020-02-18,center_san_diego,San Diego,1058,16.5,0.0,1,0
2020-02-19,center_san_diego,San Diego,909,17.5,0.0,2,0
2020-02-20,center_san_diego,San Diego,922,20.8,0.0,3,0
2020-02-21,center_san_diego,San Diego,754,19.4,0.0,4,0
2020-02-22,center_san_diego,San Diego,559,17.5,6.4,5,0
2020-02-23,center_san_diego,San Diego,477,15.8,2.0,6,0
2020-02-24,center_san_diego,San Diego,990,17.0,0.0,0,0
2020-02-25,center_san_diego,San Diego,1004,26.6,0.0,1,0
2020-02-26,center_san_diego,San Diego,977,24.8,0.0,2,0
2020-02-27,center_san_diego,San Diego,948,26.8,0.0,3,0
2020-02-28,center_san_diego,San Diego,850,26.4,0.0,4,0
2020-02-29,center_san_diego,San Diego,583,21.1,0.0,5,0
2020-03-01,center_san_diego,San Diego,510,15.6,1.7,6,0
2020-03-02,center_san_diego,San Diego,906,14.6,9.4,0,0
2020-03-03,center_san_diego,San Diego,1010,20.8,0.2,1,0
2020-03-04,center_san_diego,San Diego,1024,19.2,0.0,2,0
2020-03-05,center_san_diego,San Diego,856,20.0,0.0,3,0
2020-03-06,center_san_diego,San Diego,857,18.7,0.0,4,0
2020-03-07,center_san_diego,San Diego,626,16.8,0.6,5,0
2020-03-08,center_san_diego,San Diego,467,16.5,0.9,6,0
2020-03-09,center_san_diego,San Diego,1006,21.6,0.0,0,0
2020-03-10,center_san_diego,San Diego,814,19.5,19.9,1,0
2020-03-11,center_san_diego,San Diego,1026,18.0,4.2,2,0
2020-03-12,center_san_diego,San Diego,915,17.5,16.3,3,0
2020-03-13,center_san_diego,San Diego,735,14.9,8.6,4,0
2020-03-14,center_san_diego,San Diego,682,15.6,2.7,5,0
2020-03-15,center_san_diego,San Diego,507,15.8,3.6,6,0
2020-03-16,center_san_diego,San Diego,882,15.6,2.6,0,0
2020-03-17,center_san_diego,San Diego,1043,14.9,4.7,1,0
2020-03-18,center_san_diego,San Diego,968,13.9,9.0,2,0
2020-03-19,center_san_diego,San Diego,953,14.9,1.8,3,0
2020-03-20,center_san_diego,San Diego,890,15.0,1.7,4,0
2020-03-21,center_san_diego,San Diego,596,15.9,0.7,5,0
2020-03-22,center_san_diego,San Diego,467,18.1,0.0,6,0
2020-03-23,center_san_diego,San Diego,765,16.4,7.7,0,0
2020-03-24,center_san_diego,San Diego,968,15.7,0.8,1,0
2020-03-25,center_san_diego,San Diego,1026,15.2,0.3,2,0
2020-03-26,center_san_diego,San Diego,929,14.6,0.5,3,0
2020-03-27,center_san_diego,San Diego,813,14.4,4.3,4,0
2020-03-28,center_san_diego,San Diego,627,15.6,0.0,5,0
2020-03-29,center_san_diego,San Diego,504,16.1,0.0,6,0
2020-03-30,center_san_diego,San Diego,906,17.9,0.0,0,0
2020-03-31,center_san_diego,San Diego,922,18.4,0.0,1,0
2020-04-01,center_san_diego,San Diego,973,17.9,0.0,2,0
2020-04-02,center_san_diego,San Diego,854,16.7,0.2,3,0
2020-04-03,center_san_diego,San Diego,815,17.0,0.0,4,0
2020-04-04,center_san_diego,San Diego,696,16.0,0.0,5,0
2020-04-05,center_san_diego,San Diego,522,15.9,0.5,6,0
2020-04-06,center_san_diego,San Diego,889,15.6,13.9,0,0
2020-04-07,center_san_diego,San Diego,672,16.8,29.1,1,0
2020-04-08,center_san_diego,San Diego,899,14.9,9.7,2,0
2020-04-09,center_san_diego,San Diego,970,14.6,4.9,3,0
2020-04-10,center_san_diego,San Diego,651,14.0,45.7,4,0
2020-04-11,center_san_diego,San Diego,556,16.1,11.2,5,0
2020-04-12,center_san_diego,San Diego,466,15.4,0.5,6,0
2020-04-13,center_san_diego,San Diego,913,15.9,1.6,0,0
2020-04-14,center_san_diego,San Diego,962,18.5,0.0,1,0
2020-04-15,center_san_diego,San Diego,1027,20.8,0.0,2,0
2020-04-16,center_san_diego,San Diego,1002,19.4,0.0,3,0
2020-04-17,center_san_diego,San Diego,853,17.9,0.1,4,0
2020-04-18,center_san_diego,San Diego,600,16.8,1.4,5,0
2020-04-19,center_san_diego,San Diego,545,16.5,0.3,6,0
2020-04-20,center_san_diego,San Diego,1023,16.7,0.6,0,0
2020-04-21,center_san_diego,San Diego,1071,18.2,0.1,1,0
2020-04-22,center_san_diego,San Diego,948,22.0,0.0,2,0
2020-04-23,center_san_diego,San Diego,997,22.8,0.0,3,0
2020-04-24,center_san_diego,San Diego,855,26.3,0.0,4,0
2020-04-25,center_san_diego,San Diego,588,24.9,0.0,5,0
2020-04-26,center_san_diego,San Diego,515,26.0,0.0,6,0
2020-04-27,center_san_diego,San Diego,878,22.2,0.0,0,0
2020-04-28,center_san_diego,San Diego,903,21.5,0.0,1,0
2020-04-29,center_san_diego,San Diego,962,21.4,0.0,2,0
2020-04-30,center_san_diego,San Diego,922,21.6,0.0,3,0
2020-05-01,center_san_diego,San Diego,848,22.1,0.0,4,0
2020-05-02,center_san_diego,San Diego,704,23.4,0.0,5,0
2020-05-03,center_san_diego,San Diego,479,22.0,0.0,6,0
2020-05-04,center_san_diego,San Diego,994,23.2,0.0,0,0
2020-05-05,center_san_diego,San Diego,1026,26.0,0.0,1,0
2020-05-06,center_san_diego,San Diego,916,28.0,0.0,2,0
2020-05-07,center_san_diego,San Diego,958,26.5,0.0,3,0
2020-05-08,center_san_diego,San Diego,837,22.9,0.0,4,0
2020-05-09,center_san_diego,San Diego,653,22.0,0.2,5,0
2020-05-10,center_san_diego,San Diego,564,21.4,0.0,6,0
2020-05-11,center_san_diego,San Diego,1003,20.6,0.4,0,0
2020-05-12,center_san_diego,San Diego,941,20.5,0.0,1,0
2020-05-13,center_san_diego,San Diego,918,19.5,0.1,2,0
2020-05-14,center_san_diego,San Diego,864,21.8,0.0,3,0
2020-05-15,center_san_diego,San Diego,870,22.4,0.0,4,0
2020-05-16,center_san_diego,San Diego,630,23.0,0.0,5,0
2020-05-17,center_san_diego,San Diego,537,22.0,0.0,6,0
2020-05-18,center_san_diego,San Diego,986,21.5,0.2,0,0
2020-05-19,center_san_diego,San Diego,1038,20.4,0.0,1,0
2020-05-20,center_san_diego,San Diego,933,21.3,0.0,2,0
2020-05-21,center_san_diego,San Diego,924,22.8,0.0,3,0
2020-05-22,center_san_diego,San Diego,883,21.0,0.0,4,0
2020-05-23,center_san_diego,San Diego,590,19.6,0.3,5,0
2020-05-24,center_san_diego,San Diego,551,21.4,0.0,6,0
2020-05-25,center_san_diego,San Diego,494,22.9,0.0,0,1
2020-05-26,center_san_diego,San Diego,901,24.4,0.0,1,0
2020-05-27,center_san_diego,San Diego,939,23.7,0.0,2,0
2020-05-28,center_san_diego,San Diego,939,21.8,0.0,3,0
2020-05-29,center_san_diego,San Diego,744,20.5,0.0,4,0
2020-05-30,center_san_diego,San Diego,585,21.9,0.0,5,0
2020-05-31,center_san_diego,San Diego,506,22.1,0.0,6,0
2020-06-01,center_san_diego,San Diego,862,23.9,0.0,0,0
2020-06-02,center_san_diego,San Diego,1071,23.3,0.0,1,0
2020-06-03,center_san_diego,San Diego,975,26.7,0.0,2,0
2020-06-04,center_san_diego,San Diego,916,22.2,0.0,3,0
2020-06-05,center_san_diego,San Diego,824,21.0,0.9,4,0
2020-06-06,center_san_diego,San Diego,614,19.9,1.2,5,0
2020-06-07,center_san_diego,San Diego,525,21.9,0.2,6,0
2020-06-08,center_san_diego,San Diego,901,26.8,0.0,0,0
2020-06-09,center_san_diego,San Diego,895,31.5,0.0,1,0
2020-06-10,center_san_diego,San Diego,1043,30.0,0.0,2,0
2020-06-11,center_san_diego,San Diego,882,26.8,0.0,3,0
2020-06-12,center_san_diego,San Diego,824,23.2,0.0,4,0
2020-06-13,center_san_diego,San Diego,608,22.4,0.0,5,0
2020-06-14,center_san_diego,San Diego,550,22.2,0.0,6,0
2020-06-15,center_san_diego,San Diego,1033,21.9,0.0,0,0
2020-06-16,center_san_diego,San Diego,892,21.4,0.0,1,0
2020-06-17,center_san_diego,San Diego,897,21.2,0.0,2,0
2020-06-18,center_san_diego,San Diego,868,21.2,0.0,3,0
2020-06-19,center_san_diego,San Diego,838,21.5,0.0,4,0
2020-06-20,center_san_diego,San Diego,657,21.2,0.1,5,0
2020-06-21,center_san_diego,San Diego,481,22.1,0.0,6,0
2020-06-22,center_san_diego,San Diego,928,22.0,0.0,0,0
2020-06-23,center_san_diego,San Diego,1008,22.8,0.0,1,0
2020-06-24,center_san_diego,San Diego,909,22.3,0.0,2,0
2020-06-25,center_san_diego,San Diego,864,21.5,0.0,3,0
2020-06-26,center_san_diego,San Diego,834,22.9,0.0,4,0
2020-06-27,center_san_diego,San Diego,667,22.4,0.0,5,0
2020-06-28,center_san_diego,San Diego,547,20.7,0.2,6,0
2020-06-29,center_san_diego,San Diego,923,19.7,2.2,0,0
2020-06-30,center_san_diego,San Diego,896,22.2,0.0,1,0
2020-07-01,center_san_diego,San Diego,1069,21.4,0.1,2,0
2020-07-02,center_san_diego,San Diego,936,22.5,0.0,3,0
2020-07-03,center_san_diego,San Diego,409,24.1,0.0,4,1
2020-07-04,center_san_diego,San Diego,335,25.0,0.0,5,1
2020-07-05,center_san_diego,San Diego,550,28.5,0.0,6,0
2020-07-06,center_san_diego,San Diego,1016,26.2,0.0,0,0
2020-07-07,center_san_diego,San Diego,1063,25.2,0.0,1,0
2020-07-08,center_san_diego,San Diego,1020,23.3,0.0,2,0
2020-07-09,center_san_diego,San Diego,904,23.9,0.0,3,0
2020-07-10,center_san_diego,San Diego,790,25.6,0.0,4,0
2020-07-11,center_san_diego,San Diego,644,28.3,0.0,5,0
2020-07-12,center_san_diego,San Diego,560,27.9,0.0,6,0
2020-07-13,center_san_diego,San Diego,954,25.8,0.0,0,0
2020-07-14,center_san_diego,San Diego,931,24.0,0.0,1,0
2020-07-15,center_san_diego,San Diego,988,23.8,0.0,2,0
2020-07-16,center_san_diego,San Diego,1000,24.1,0.0,3,0
2020-07-17,center_san_diego,San Diego,781,25.0,0.0,4,0
2020-07-18,center_san_diego,San Diego,584,25.2,0.0,5,0
2020-07-19,center_san_diego,San Diego,478,25.0,0.0,6,0
2020-07-20,center_san_diego,San Diego,949,23.5,0.0,0,0
2020-07-21,center_san_diego,San Diego,1071,23.7,0.0,1,0
2020-07-22,center_san_diego,San Diego,998,22.8,0.0,2,0
2020-07-23,center_san_diego,San Diego,932,22.4,0.0,3,0
2020-07-24,center_san_diego,San Diego,734,22.9,0.0,4,0
2020-07-25,center_san_diego,San Diego,607,24.0,0.0,5,0
2020-07-26,center_san_diego,San Diego,545,24.8,0.0,6,0
2020-07-27,center_san_diego,San Diego,1027,24.2,0.0,0,0
2020-07-28,center_san_diego,San Diego,936,23.4,0.0,1,0
2020-07-29,center_san_diego,San Diego,930,24.2,0.0,2,0
2020-07-30,center_san_diego,San Diego,1037,24.8,0.0,3,0
2020-07-31,center_san_diego,San Diego,780,26.5,0.0,4,0
2020-08-01,center_san_diego,San Diego,656,25.1,0.0,5,0
2020-08-02,center_san_diego,San Diego,469,25.0,0.0,6,0
2020-08-03,center_san_diego,San Diego,916,24.5,0.0,0,0
2020-08-04,center_san_diego,San Diego,935,23.6,0.0,1,0
2020-08-05,center_san_diego,San Diego,966,22.9,0.0,2,0
2020-08-06,center_san_diego,San Diego,980,22.1,0.0,3,0
2020-08-07,center_san_diego,San Diego,845,23.7,0.0,4,0
2020-08-08,center_san_diego,San Diego,676,24.5,0.0,5,0
2020-08-09,center_san_diego,San Diego,564,24.4,0.0,6,0
2020-08-10,center_san_diego,San Diego,859,23.9,0.0,0,0
2020-08-11,center_san_diego,San Diego,1020,24.2,0.0,1,0
2020-08-12,center_san_diego,San Diego,971,26.0,0.0,2,0
2020-08-13,center_san_diego,San Diego,970,31.3,0.0,3,0
2020-08-14,center_san_diego,San Diego,778,29.5,0.0,4,0
2020-08-15,center_san_diego,San Diego,630,28.5,0.0,5,0
2020-08-16,center_san_diego,San Diego,536,26.9,0.0,6,0
2020-08-17,center_san_diego,San Diego,924,29.0,0.0,0,0
2020-08-18,center_san_diego,San Diego,1031,30.7,0.0,1,0
2020-08-19,center_san_diego,San Diego,1077,29.1,0.0,2,0
2020-08-20,center_san_diego,San Diego,956,29.0,0.0,3,0
2020-08-21,center_san_diego,San Diego,748,28.1,0.0,4,0
2020-08-22,center_san_diego,San Diego,604,29.8,0.0,5,0
2020-08-23,center_san_diego,San Diego,504,28.1,0.0,6,0
2020-08-24,center_san_diego,San Diego,899,28.0,0.0,0,0
2020-08-25,center_san_diego,San Diego,1077,27.9,0.0,1,0
2020-08-26,center_san_diego,San Diego,1006,28.4,0.0,2,0
2020-08-27,center_san_diego,San Diego,850,29.7,0.0,3,0
2020-08-28,center_san_diego,San Diego,828,26.1,0.0,4,0
2020-08-29,center_san_diego,San Diego,648,24.8,0.0,5,0
2020-08-30,center_san_diego,San Diego,531,24.4,0.0,6,0
2020-08-31,center_san_diego,San Diego,940,23.5,0.0,0,0
2020-09-01,center_san_diego,San Diego,1082,24.2,0.0,1,0
2020-09-02,center_san_diego,San Diego,1041,24.2,0.0,2,0
2020-09-03,center_san_diego,San Diego,1023,25.2,0.0,3,0
2020-09-04,center_san_diego,San Diego,800,27.0,0.0,4,0
2020-09-05,center_san_diego,San Diego,629,32.9,0.0,5,0
2020-09-06,center_san_diego,San Diego,499,32.9,0.0,6,0
2020-09-07,center_san_diego,San Diego,444,29.8,0.0,0,1
2020-09-08,center_san_diego,San Diego,1066,25.4,0.0,1,0
2020-09-09,center_san_diego,San Diego,964,27.7,0.0,2,0
2020-09-10,center_san_diego,San Diego,849,29.6,0.0,3,0
2020-09-11,center_san_diego,San Diego,790,28.4,0.0,4,0
2020-09-12,center_san_diego,San Diego,697,26.4,0.0,5,0
2020-09-13,center_san_diego,San Diego,537,25.8,0.0,6,0
2020-09-14,center_san_diego,San Diego,857,27.4,0.0,0,0
2020-09-15,center_san_diego,San Diego,892,29.1,0.0,1,0
2020-09-16,center_san_diego,San Diego,1039,31.5,0.0,2,0
2020-09-17,center_san_diego,San Diego,888,30.8,0.0,3,0
2020-09-18,center_san_diego,San Diego,853,30.0,0.0,4,0
2020-09-19,center_san_diego,San Diego,645,28.3,0.0,5,0
2020-09-20,center_san_diego,San Diego,551,24.5,0.0,6,0
2020-09-21,center_san_diego,San Diego,967,23.9,0.0,0,0
2020-09-22,center_san_diego,San Diego,904,25.2,0.0,1,0
2020-09-23,center_san_diego,San Diego,948,27.3,0.0,2,0
2020-09-24,center_san_diego,San Diego,863,26.3,0.0,3,0
2020-09-25,center_san_diego,San Diego,822,23.5,0.0,4,0
2020-09-26,center_san_diego,San Diego,609,23.8,0.0,5,0
2020-09-27,center_san_diego,San Diego,552,22.9,0.0,6,0
2020-09-28,center_san_diego,San Diego,1022,26.1,0.0,0,0
2020-09-29,center_san_diego,San Diego,1057,29.5,0.0,1,0
2020-09-30,center_san_diego,San Diego,848,36.2,0.0,2,0
2020-10-01,center_san_diego,San Diego,889,32.8,0.0,3,0
2020-10-02,center_san_diego,San Diego,855,29.9,0.0,4,0
2020-10-03,center_san_diego,San Diego,651,29.2,0.0,5,0
2020-10-04,center_san_diego,San Diego,479,30.7,0.0,6,0
2020-10-05,center_san_diego,San Diego,1030,30.6,0.0,0,0
2020-10-06,center_san_diego,San Diego,911,26.6,0.0,1,0
2020-10-07,center_san_diego,San Diego,1018,24.6,0.0,2,0
2020-10-08,center_san_diego,San Diego,1011,22.0,0.0,3,0
2020-10-09,center_san_diego,San Diego,835,22.6,0.0,4,0
2020-10-10,center_san_diego,San Diego,600,22.1,0.0,5,0
2020-10-11,center_san_diego,San Diego,483,23.9,0.0,6,0
2020-10-12,center_san_diego,San Diego,425,29.0,0.0,0,1
2020-10-13,center_san_diego,San Diego,985,31.8,0.0,1,0
2020-10-14,center_san_diego,San Diego,965,29.0,0.0,2,0
2020-10-15,center_san_diego,San Diego,948,29.1,0.0,3,0
2020-10-16,center_san_diego,San Diego,854,29.0,0.0,4,0
2020-10-17,center_san_diego,San Diego,601,26.5,0.0,5,0
2020-10-18,center_san_diego,San Diego,475,26.0,0.0,6,0
2020-10-19,center_san_diego,San Diego,1023,23.5,0.0,0,0
2020-10-20,center_san_diego,San Diego,899,23.1,0.0,1,0
2020-10-21,center_san_diego,San Diego,1042,22.2,0.0,2,0
2020-10-22,center_san_diego,San Diego,851,21.6,0.0,3,0
2020-10-23,center_san_diego,San Diego,858,22.0,0.0,4,0
2020-10-24,center_san_diego,San Diego,620,21.4,0.0,5,0
2020-10-25,center_san_diego,San Diego,566,19.5,1.3,6,0
2020-10-26,center_san_diego,San Diego,904,22.6,1.6,0,0
2020-10-27,center_san_diego,San Diego,1080,22.0,0.0,1,0
2020-10-28,center_san_diego,San Diego,922,22.7,0.0,2,0
2020-10-29,center_san_diego,San Diego,973,24.9,0.0,3,0
2020-10-30,center_san_diego,San Diego,855,24.7,0.0,4,0
2020-10-31,center_san_diego,San Diego,707,24.2,0.0,5,0
2020-11-01,center_san_diego,San Diego,476,24.5,0.0,6,0
2020-11-02,center_san_diego,San Diego,883,23.8,0.0,0,0
2020-11-03,center_san_diego,San Diego,947,22.3,0.0,1,0
2020-11-04,center_san_diego,San Diego,1025,24.4,0.0,2,0
2020-11-05,center_san_diego,San Diego,1037,29.0,0.0,3,0
2020-11-06,center_san_diego,San Diego,815,24.6,0.0,4,0
2020-11-07,center_san_diego,San Diego,695,18.0,1.7,5,0
2020-11-08,center_san_diego,San Diego,549,16.6,2.6,6,0
2020-11-09,center_san_diego,San Diego,1036,16.2,1.5,0,0
2020-11-10,center_san_diego,San Diego,1021,18.3,0.0,1,0
2020-11-11,center_san_diego,San Diego,478,19.0,0.0,2,1
2020-11-12,center_san_diego,San Diego,873,20.0,0.0,3,0
2020-11-13,center_san_diego,San Diego,780,17.9,0.0,4,0
2020-11-14,center_san_diego,San Diego,604,20.2,0.0,5,0
2020-11-15,center_san_diego,San Diego,540,26.0,0.0,6,0
2020-11-16,center_san_diego,San Diego,872,28.4,0.0,0,0
2020-11-17,center_san_diego,San Diego,1074,25.5,0.0,1,0
2020-11-18,center_san_diego,San Diego,1078,21.0,0.0,2,0
2020-11-19,center_san_diego,San Diego,990,20.1,0.0,3,0
2020-11-20,center_san_diego,San Diego,864,20.9,0.0,4,0
2020-11-21,center_san_diego,San Diego,677,21.0,0.0,5,0
2020-11-22,center_san_diego,San Diego,513,19.6,0.0,6,0
2020-11-23,center_san_diego,San Diego,876,17.1,0.0,0,0
2020-11-24,center_san_diego,San Diego,961,17.6,0.0,1,0
2020-11-25,center_san_diego,San Diego,930,18.0,0.0,2,0
2020-11-26,center_san_diego,San Diego,451,17.2,0.0,3,1
2020-11-27,center_san_diego,San Diego,817,21.2,0.0,4,0
2020-11-28,center_san_diego,San Diego,650,20.4,0.0,5,0
2020-11-29,center_san_diego,San Diego,463,21.6,0.0,6,0
2020-11-30,center_san_diego,San Diego,888,23.5,0.0,0,0
2020-12-01,center_san_diego,San Diego,1053,21.0,0.0,1,0
2020-12-02,center_san_diego,San Diego,989,23.3,0.0,2,0
2020-12-03,center_san_diego,San Diego,957,21.8,0.0,3,0
2020-12-04,center_san_diego,San Diego,858,21.0,0.0,4,0
2020-12-05,center_san_diego,San Diego,584,20.2,0.0,5,0
2020-12-06,center_san_diego,San Diego,539,20.5,0.0,6,0
2020-12-07,center_san_diego,San Diego,926,19.2,0.0,0,0
2020-12-08,center_san_diego,San Diego,893,24.4,0.0,1,0
2020-12-09,center_san_diego,San Diego,1013,21.9,0.0,2,0
2020-12-10,center_san_diego,San Diego,951,17.7,0.1,3,0
2020-12-11,center_san_diego,San Diego,816,16.3,0.0,4,0
2020-12-12,center_san_diego,San Diego,681,15.1,1.6,5,0
2020-12-13,center_san_diego,San Diego,553,18.1,0.1,6,0
2020-12-14,center_san_diego,San Diego,872,16.3,0.5,0,0
2020-12-15,center_san_diego,San Diego,936,18.1,0.0,1,0
2020-12-16,center_san_diego,San Diego,1022,19.3,0.0,2,0
2020-12-17,center_san_diego,San Diego,964,17.6,0.0,3,0
2020-12-18,center_san_diego,San Diego,843,17.3,0.3,4,0
2020-12-19,center_san_diego,San Diego,634,20.3,0.0,5,0
2020-12-20,center_san_diego,San Diego,463,22.0,0.0,6,0
2020-12-21,center_san_diego,San Diego,965,21.9,0.0,0,0
2020-12-22,center_san_diego,San Diego,1082,19.0,0.0,1,0
2020-12-23,center_san_diego,San Diego,1027,18.7,0.0,2,0
2020-12-24,center_san_diego,San Diego,923,19.2,0.2,3,0
2020-12-25,center_san_diego,San Diego,395,20.5,0.0,4,1
2020-12-26,center_san_diego,San Diego,698,17.5,0.0,5,0
2020-12-27,center_san_diego,San Diego,476,15.4,0.0,6,0
2020-12-28,center_san_diego,San Diego,856,13.9,6.1,0,0
2020-12-29,center_san_diego,San Diego,852,14.9,11.3,1,0
2020-12-30,center_san_diego,San Diego,1046,15.6,0.0,2,0
2020-12-31,center_san_diego,San Diego,862,15.6,0.0,3,0
2021-01-01,center_san_diego,San Diego,391,17.5,0.0,4,1
2021-01-02,center_san_diego,San Diego,585,16.4,0.0,5,0
2021-01-03,center_san_diego,San Diego,486,16.1,0.0,6,0
2021-01-04,center_san_diego,San Diego,851,16.4,0.0,0,0
2021-01-05,center_san_diego,San Diego,1003,15.8,0.0,1,0
2021-01-06,center_san_diego,San Diego,1036,17.8,0.0,2,0
2021-01-07,center_san_diego,San Diego,955,20.5,0.0,3,0
2021-01-08,center_san_diego,San Diego,848,19.0,0.0,4,0
2021-01-09,center_san_diego,San Diego,640,19.6,0.0,5,0
2021-01-10,center_san_diego,San Diego,535,19.0,0.0,6,0
2021-01-11,center_san_diego,San Diego,906,21.1,0.0,0,0
2021-01-12,center_san_diego,San Diego,1051,19.8,0.0,1,0
2021-01-13,center_san_diego,San Diego,1071,21.2,0.0,2,0
2021-01-14,center_san_diego,San Diego,938,25.1,0.0,3,0
2021-01-15,center_san_diego,San Diego,763,29.7,0.0,4,0
2021-01-16,center_san_diego,San Diego,589,23.6,0.0,5,0
2021-01-17,center_san_diego,San Diego,468,25.8,0.0,6,0
2021-01-18,center_san_diego,San Diego,500,22.2,0.0,0,1
2021-01-19,center_san_diego,San Diego,918,20.4,0.0,1,0
2021-01-20,center_san_diego,San Diego,980,21.8,0.4,2,0
2021-01-21,center_san_diego,San Diego,1005,19.6,0.9,3,0
2021-01-22,center_san_diego,San Diego,874,16.9,0.9,4,0
2021-01-23,center_san_diego,San Diego,642,13.9,4.4,5,0
2021-01-24,center_san_diego,San Diego,477,13.4,0.6,6,0
2021-01-25,center_san_diego,San Diego,864,12.4,10.1,0,0
2021-01-26,center_san_diego,San Diego,992,12.2,3.4,1,0
2021-01-27,center_san_diego,San Diego,1075,13.9,0.0,2,0
2021-01-28,center_san_diego,San Diego,906,15.4,0.0,3,0
2021-01-29,center_san_diego,San Diego,608,14.5,25.0,4,0
2021-01-30,center_san_diego,San Diego,683,14.8,0.4,5,0
2021-01-31,center_san_diego,San Diego,471,17.6,0.0,6,0
2021-02-01,center_san_diego,San Diego,883,17.2,0.0,0,0
2021-02-02,center_san_diego,San Diego,1061,17.9,0.0,1,0
2021-02-03,center_san_diego,San Diego,1006,17.6,0.0,2,0
2021-02-04,center_san_diego,San Diego,1025,15.6,0.0,3,0
2021-02-05,center_san_diego,San Diego,750,16.8,0.0,4,0
2021-02-06,center_san_diego,San Diego,692,20.1,0.0,5,0
2021-02-07,center_san_diego,San Diego,511,18.7,0.0,6,0
2021-02-08,center_san_diego,San Diego,940,15.9,0.0,0,0
2021-02-09,center_san_diego,San Diego,970,13.3,0.0,1,0
2021-02-10,center_san_diego,San Diego,1023,15.9,0.0,2,0
2021-02-11,center_san_diego,San Diego,1031,17.5,0.0,3,0
2021-02-12,center_san_diego,San Diego,741,16.1,1.6,4,0
2021-02-13,center_san_diego,San Diego,684,15.4,0.0,5,0
2021-02-14,center_san_diego,San Diego,490,16.7,0.0,6,0
2021-02-15,center_san_diego,San Diego,489,15.2,0.0,0,1
2021-02-16,center_san_diego,San Diego,1050,15.8,0.6,1,0
2021-02-17,center_san_diego,San Diego,1007,16.4,0.0,2,0
2021-02-18,center_san_diego,San Diego,995,20.1,0.0,3,0
2021-02-19,center_san_diego,San Diego,867,18.8,0.0,4,0
2021-02-20,center_san_diego,San Diego,698,16.8,0.0,5,0
2021-02-21,center_san_diego,San Diego,516,24.5,0.0,6,0
2021-02-22,center_san_diego,San Diego,1023,22.4,0.0,0,0
2021-02-23,center_san_diego,San Diego,917,21.2,0.0,1,0
2021-02-24,center_san_diego,San Diego,978,19.0,0.0,2,0
2021-02-25,center_san_diego,San Diego,995,19.8,0.0,3,0
2021-02-26,center_san_diego,San Diego,860,20.4,0.0,4,0
2021-02-27,center_san_diego,San Diego,699,17.8,0.0,5,0
2021-02-28,center_san_diego,San Diego,472,22.3,0.0,6,0
2021-03-01,center_san_diego,San Diego,859,23.7,0.0,0,0
2021-03-02,center_san_diego,San Diego,933,19.8,0.0,1,0
2021-03-03,center_san_diego,San Diego,882,17.5,11.0,2,0
2021-03-04,center_san_diego,San Diego,921,16.6,4.6,3,0
2021-03-05,center_san_diego,San Diego,840,19.0,0.0,4,0
2021-03-06,center_san_diego,San Diego,688,16.9,0.0,5,0
2021-03-07,center_san_diego,San Diego,516,15.9,0.0,6,0
2021-03-08,center_san_diego,San Diego,974,15.2,0.0,0,0
2021-03-09,center_san_diego,San Diego,968,15.2,0.1,1,0
2021-03-10,center_san_diego,San Diego,1066,14.4,4.1,2,0
2021-03-11,center_san_diego,San Diego,875,12.6,6.6,3,0
2021-03-12,center_san_diego,San Diego,739,12.8,2.0,4,0
2021-03-13,center_san_diego,San Diego,683,15.0,0.5,5,0
2021-03-14,center_san_diego,San Diego,530,14.3,0.3,6,0
2021-03-15,center_san_diego,San Diego,894,13.2,2.6,0,0
2021-03-16,center_san_diego,San Diego,961,13.6,0.0,1,0
2021-03-17,center_san_diego,San Diego,1013,14.7,0.0,2,0
2021-03-18,center_san_diego,San Diego,986,16.3,0.0,3,0
2021-03-19,center_san_diego,San Diego,890,18.3,0.0,4,0
2021-03-20,center_san_diego,San Diego,698,16.8,0.1,5,0
2021-03-21,center_san_diego,San Diego,491,16.2,0.0,6,0
2021-03-22,center_san_diego,San Diego,947,17.1,0.0,0,0
2021-03-23,center_san_diego,San Diego,1064,16.0,0.9,1,0
2021-03-24,center_san_diego,San Diego,963,17.5,0.0,2,0
2021-03-25,center_san_diego,San Diego,940,16.5,1.5,3,0
2021-03-26,center_san_diego,San Diego,827,15.2,2.4,4,0
2021-03-27,center_san_diego,San Diego,643,20.2,0.0,5,0
2021-03-28,center_san_diego,San Diego,558,26.3,0.0,6,0
2021-03-29,center_san_diego,San Diego,939,22.3,0.0,0,0
2021-03-30,center_san_diego,San Diego,982,18.1,0.0,1,0
2021-03-31,center_san_diego,San Diego,1059,27.1,0.0,2,0
2021-04-01,center_san_diego,San Diego,1018,28.9,0.0,3,0
2021-04-02,center_san_diego,San Diego,836,24.9,0.0,4,0
2021-04-03,center_san_diego,San Diego,679,19.2,0.0,5,0
2021-04-04,center_san_diego,San Diego,552,20.4,0.0,6,0
2021-04-05,center_san_diego,San Diego,881,18.5,0.0,0,0
2021-04-06,center_san_diego,San Diego,1013,18.9,0.0,1,0
2021-04-07,center_san_diego,San Diego,1054,21.9,0.0,2,0
2021-04-08,center_san_diego,San Diego,995,19.5,0.0,3,0
2021-04-09,center_san_diego,San Diego,758,20.5,0.0,4,0
2021-04-10,center_san_diego,San Diego,642,19.9,0.0,5,0
2021-04-11,center_san_diego,San Diego,541,19.1,0.0,6,0
2021-04-12,center_san_diego,San Diego,975,18.5,0.0,0,0
2021-04-13,center_san_diego,San Diego,921,15.8,0.0,1,0
2021-04-14,center_san_diego,San Diego,1042,15.4,0.4,2,0
2021-04-15,center_san_diego,San Diego,914,17.7,0.0,3,0
2021-04-16,center_san_diego,San Diego,836,19.0,0.0,4,0
2021-04-17,center_san_diego,San Diego,589,18.8,0.0,5,0
2021-04-18,center_san_diego,San Diego,555,27.9,0.0,6,0
2021-04-19,center_san_diego,San Diego,1025,25.8,0.0,0,0
2021-04-20,center_san_diego,San Diego,949,20.8,0.0,1,0
2021-04-21,center_san_diego,San Diego,1020,16.0,1.2,2,0
2021-04-22,center_san_diego,San Diego,1023,16.2,1.6,3,0
2021-04-23,center_san_diego,San Diego,754,16.0,0.2,4,0
2021-04-24,center_san_diego,San Diego,677,17.2,0.0,5,0
2021-04-25,center_san_diego,San Diego,519,17.8,0.0,6,0
2021-04-26,center_san_diego,San Diego,869,16.5,2.4,0,0
2021-04-27,center_san_diego,San Diego,989,16.6,0.8,1,0
2021-04-28,center_san_diego,San Diego,908,21.1,0.0,2,0
2021-04-29,center_san_diego,San Diego,993,26.2,0.0,3,0
2021-04-30,center_san_diego,San Diego,884,25.5,0.0,4,0
2021-05-01,center_san_diego,San Diego,635,23.6,0.0,5,0
2021-05-02,center_san_diego,San Diego,546,17.5,0.2,6,0
2021-05-03,center_san_diego,San Diego,859,20.6,0.0,0,0
2021-05-04,center_san_diego,San Diego,1033,21.8,0.0,1,0
2021-05-05,center_san_diego,San Diego,904,21.0,0.0,2,0
2021-05-06,center_san_diego,San Diego,960,18.4,0.0,3,0
2021-05-07,center_san_diego,San Diego,859,18.9,0.0,4,0
2021-05-08,center_san_diego,San Diego,679,19.0,0.0,5,0
2021-05-09,center_san_diego,San Diego,506,18.9,0.0,6,0
2021-05-10,center_san_diego,San Diego,963,18.4,0.0,0,0
2021-05-11,center_san_diego,San Diego,1053,19.4,0.0,1,0
2021-05-12,center_san_diego,San Diego,911,20.0,0.0,2,0
2021-05-13,center_san_diego,San Diego,919,20.1,0.0,3,0
2021-05-14,center_san_diego,San Diego,777,19.5,0.2,4,0
2021-05-15,center_san_diego,San Diego,645,18.3,0.0,5,0
2021-05-16,center_san_diego,San Diego,463,17.1,1.5,6,0
2021-05-17,center_san_diego,San Diego,872,20.2,0.7,0,0
2021-05-18,center_san_diego,San Diego,975,20.6,0.0,1,0
2021-05-19,center_san_diego,San Diego,893,20.0,0.0,2,0
2021-05-20,center_san_diego,San Diego,1038,18.4,0.0,3,0
2021-05-21,center_san_diego,San Diego,878,18.7,0.3,4,0
2021-05-22,center_san_diego,San Diego,691,17.6,0.1,5,0
2021-05-23,center_san_diego,San Diego,514,20.4,0.0,6,0
2021-05-24,center_san_diego,San Diego,911,23.4,0.0,0,0
2021-05-25,center_san_diego,San Diego,1018,24.1,0.0,1,0
2021-05-26,center_san_diego,San Diego,1064,21.4,0.0,2,0
2021-05-27,center_san_diego,San Diego,1000,19.2,0.0,3,0
2021-05-28,center_san_diego,San Diego,793,19.6,0.0,4,0
2021-05-29,center_san_diego,San Diego,663,18.2,0.0,5,0
2021-05-30,center_san_diego,San Diego,553,19.8,0.0,6,0
2021-05-31,center_san_diego,San Diego,518,20.0,0.0,0,1
2021-06-01,center_san_diego,San Diego,908,20.9,0.0,1,0
2021-06-02,center_san_diego,San Diego,1070,21.6,0.0,2,0
2021-06-03,center_san_diego,San Diego,907,20.5,0.0,3,0
2021-06-04,center_san_diego,San Diego,852,20.6,0.0,4,0
2021-06-05,center_san_diego,San Diego,614,20.5,0.0,5,0
2021-06-06,center_san_diego,San Diego,512,19.5,0.0,6,0
2021-06-07,center_san_diego,San Diego,1008,17.9,0.0,0,0
2021-06-08,center_san_diego,San Diego,1004,20.4,0.0,1,0
2021-06-09,center_san_diego,San Diego,1002,21.1,0.0,2,0
2021-06-10,center_san_diego,San Diego,855,22.5,0.0,3,0
2021-06-11,center_san_diego,San Diego,851,22.9,0.0,4,0
2021-06-12,center_san_diego,San Diego,664,23.5,0.0,5,0
2021-06-13,center_san_diego,San Diego,542,22.8,0.0,6,0
2021-06-14,center_san_diego,San Diego,872,24.4,0.0,0,0
2021-06-15,center_san_diego,San Diego,1058,28.2,0.0,1,0
2021-06-16,center_san_diego,San Diego,1070,28.8,0.0,2,0
2021-06-17,center_san_diego,San Diego,1000,23.8,0.0,3,0
2021-06-18,center_san_diego,San Diego,375,22.0,0.0,4,1
2021-06-19,center_san_diego,San Diego,307,23.0,0.0,5,1
2021-06-20,center_san_diego,San Diego,527,23.0,0.0,6,0
2021-06-21,center_san_diego,San Diego,860,22.9,0.0,0,0
2021-06-22,center_san_diego,San Diego,910,22.9,0.0,1,0
2021-06-23,center_san_diego,San Diego,1066,22.5,0.4,2,0
2021-06-24,center_san_diego,San Diego,916,22.3,0.0,3,0
2021-06-25,center_san_diego,San Diego,827,22.4,0.0,4,0
2021-06-26,center_san_diego,San Diego,595,23.2,0.0,5,0
2021-06-27,center_san_diego,San Diego,527,23.1,0.0,6,0
2021-06-28,center_san_diego,San Diego,942,22.7,0.0,0,0
2021-06-29,center_san_diego,San Diego,935,22.0,0.0,1,0
2021-06-30,center_san_diego,San Diego,915,22.8,0.0,2,0
2021-07-01,center_san_diego,San Diego,1012,23.9,0.0,3,0
2021-07-02,center_san_diego,San Diego,788,22.9,0.0,4,0
2021-07-03,center_san_diego,San Diego,669,23.1,0.0,5,0
2021-07-04,center_san_diego,San Diego,266,23.0,0.0,6,1
2021-07-05,center_san_diego,San Diego,450,23.2,0.0,0,1
2021-07-06,center_san_diego,San Diego,1017,22.5,0.0,1,0
2021-07-07,center_san_diego,San Diego,1036,23.4,0.0,2,0
2021-07-08,center_san_diego,San Diego,979,23.6,0.0,3,0
2021-07-09,center_san_diego,San Diego,826,24.9,0.0,4,0
2021-07-10,center_san_diego,San Diego,704,25.1,0.0,5,0
2021-07-11,center_san_diego,San Diego,528,23.8,0.0,6,0
2021-07-12,center_san_diego,San Diego,925,24.5,0.0,0,0
2021-07-13,center_san_diego,San Diego,973,24.5,0.0,1,0
2021-07-14,center_san_diego,San Diego,1046,24.1,0.0,2,0
2021-07-15,center_san_diego,San Diego,898,24.2,0.0,3,0
2021-07-16,center_san_diego,San Diego,811,24.1,0.0,4,0
2021-07-17,center_san_diego,San Diego,606,24.4,0.0,5,0
2021-07-18,center_san_diego,San Diego,495,25.5,2.5,6,0
2021-07-19,center_san_diego,San Diego,951,27.0,0.0,0,0
2021-07-20,center_san_diego,San Diego,1011,26.5,0.0,1,0
2021-07-21,center_san_diego,San Diego,930,26.0,0.0,2,0
2021-07-22,center_san_diego,San Diego,1007,24.5,0.0,3,0
2021-07-23,center_san_diego,San Diego,891,24.2,0.0,4,0
2021-07-24,center_san_diego,San Diego,681,24.0,0.0,5,0
2021-07-25,center_san_diego,San Diego,541,22.1,0.0,6,0
2021-07-26,center_san_diego,San Diego,861,22.9,0.2,0,0
2021-07-27,center_san_diego,San Diego,1057,25.1,0.0,1,0
2021-07-28,center_san_diego,San Diego,1022,26.0,0.0,2,0
2021-07-29,center_san_diego,San Diego,966,25.5,0.0,3,0
2021-07-30,center_san_diego,San Diego,870,25.2,0.0,4,0
2021-07-31,center_san_diego,San Diego,699,24.8,0.0,5,0
2021-08-01,center_san_diego,San Diego,535,26.5,0.0,6,0
2021-08-02,center_san_diego,San Diego,975,27.0,0.0,0,0
2021-08-03,center_san_diego,San Diego,986,26.1,0.0,1,0
2021-08-04,center_san_diego,San Diego,913,24.0,0.0,2,0
2021-08-05,center_san_diego,San Diego,966,24.5,0.0,3,0
2021-08-06,center_san_diego,San Diego,833,22.5,0.0,4,0
2021-08-07,center_san_diego,San Diego,584,22.6,0.0,5,0
2021-08-08,center_san_diego,San Diego,488,23.1,0.0,6,0
2021-08-09,center_san_diego,San Diego,915,23.9,0.0,0,0
2021-08-10,center_san_diego,San Diego,897,25.5,0.0,1,0
2021-08-11,center_san_diego,San Diego,996,26.9,0.2,2,0
2021-08-12,center_san_diego,San Diego,954,27.5,0.0,3,0
2021-08-13,center_san_diego,San Diego,763,27.0,0.0,4,0
2021-08-14,center_san_diego,San Diego,608,26.7,0.0,5,0
2021-08-15,center_san_diego,San Diego,509,25.5,0.0,6,0
2021-08-16,center_san_diego,San Diego,855,26.2,0.0,0,0
2021-08-17,center_san_diego,San Diego,1068,24.9,0.0,1,0
2021-08-18,center_san_diego,San Diego,1081,23.0,0.4,2,0
2021-08-19,center_san_diego,San Diego,1008,24.0,0.5,3,0
2021-08-20,center_san_diego,San Diego,740,22.0,0.1,4,0
2021-08-21,center_san_diego,San Diego,597,21.4,0.6,5,0
2021-08-22,center_san_diego,San Diego,537,22.6,0.2,6,0
2021-08-23,center_san_diego,San Diego,973,24.0,0.1,0,0
2021-08-24,center_san_diego,San Diego,1049,24.9,0.0,1,0
2021-08-25,center_san_diego,San Diego,932,25.9,0.0,2,0
2021-08-26,center_san_diego,San Diego,1035,28.9,0.0,3,0
2021-08-27,center_san_diego,San Diego,769,27.5,0.0,4,0
2021-08-28,center_san_diego,San Diego,688,26.3,0.0,5,0
2021-08-29,center_san_diego,San Diego,481,27.0,0.0,6,0
2021-08-30,center_san_diego,San Diego,1028,24.4,0.0,0,0
2021-08-31,center_san_diego,San Diego,1034,23.3,0.7,1,0
2021-09-01,center_san_diego,San Diego,916,22.5,0.0,2,0
2021-09-02,center_san_diego,San Diego,927,24.0,0.0,3,0
2021-09-03,center_san_diego,San Diego,796,24.5,0.0,4,0
2021-09-04,center_san_diego,San Diego,653,27.7,0.0,5,0
2021-09-05,center_san_diego,San Diego,506,27.4,0.0,6,0
2021-09-06,center_san_diego,San Diego,441,24.1,0.0,0,1
2021-09-07,center_san_diego,San Diego,1017,25.5,0.0,1,0
2021-09-08,center_san_diego,San Diego,1003,27.1,0.0,2,0
2021-09-09,center_san_diego,San Diego,878,27.5,0.0,3,0
2021-09-10,center_san_diego,San Diego,856,27.4,0.0,4,0
2021-09-11,center_san_diego,San Diego,626,29.1,0.0,5,0
2021-09-12,center_san_diego,San Diego,485,27.1,0.0,6,0
2021-09-13,center_san_diego,San Diego,856,25.6,0.0,0,0
2021-09-14,center_san_diego,San Diego,1042,23.5,0.0,1,0
2021-09-15,center_san_diego,San Diego,898,22.9,0.0,2,0
2021-09-16,center_san_diego,San Diego,964,22.1,0.0,3,0
2021-09-17,center_san_diego,San Diego,808,22.2,0.0,4,0
2021-09-18,center_san_diego,San Diego,653,23.0,0.0,5,0
2021-09-19,center_san_diego,San Diego,468,22.7,0.0,6,0
2021-09-20,center_san_diego,San Diego,992,22.9,0.0,0,0
2021-09-21,center_san_diego,San Diego,968,28.0,0.0,1,0
2021-09-22,center_san_diego,San Diego,977,28.0,0.0,2,0
2021-09-23,center_san_diego,San Diego,947,25.8,0.0,3,0
2021-09-24,center_san_diego,San Diego,891,24.1,0.0,4,0
2021-09-25,center_san_diego,San Diego,602,23.5,0.0,5,0
2021-09-26,center_san_diego,San Diego,486,21.6,0.0,6,0
2021-09-27,center_san_diego,San Diego,879,21.0,0.0,0,0
2021-09-28,center_san_diego,San Diego,1005,21.4,0.0,1,0
2021-09-29,center_san_diego,San Diego,931,21.7,0.0,2,0
2021-09-30,center_san_diego,San Diego,956,25.3,0.0,3,0
2021-10-01,center_san_diego,San Diego,755,29.2,0.0,4,0
2021-10-02,center_san_diego,San Diego,633,30.4,0.0,5,0
2021-10-03,center_san_diego,San Diego,468,28.8,0.0,6,0
2021-10-04,center_san_diego,San Diego,988,27.9,0.0,0,0
2021-10-05,center_san_diego,San Diego,949,24.1,1.5,1,0
2021-10-06,center_san_diego,San Diego,1037,21.1,0.5,2,0
2021-10-07,center_san_diego,San Diego,967,19.9,0.0,3,0
2021-10-08,center_san_diego,San Diego,733,19.4,8.4,4,0
2021-10-09,center_san_diego,San Diego,622,19.9,0.0,5,0
2021-10-10,center_san_diego,San Diego,514,22.9,0.0,6,0
2021-10-11,center_san_diego,San Diego,465,21.2,0.0,0,1
2021-10-12,center_san_diego,San Diego,918,19.5,0.0,1,0
2021-10-13,center_san_diego,San Diego,933,21.6,0.0,2,0
2021-10-14,center_san_diego,San Diego,1024,21.4,0.0,3,0
2021-10-15,center_san_diego,San Diego,800,28.3,0.0,4,0
2021-10-16,center_san_diego,San Diego,614,28.0,0.0,5,0
2021-10-17,center_san_diego,San Diego,473,24.2,0.0,6,0
2021-10-18,center_san_diego,San Diego,896,18.9,2.5,0,0
2021-10-19,center_san_diego,San Diego,940,19.5,0.0,1,0
2021-10-20,center_san_diego,San Diego,1071,20.4,0.0,2,0
2021-10-21,center_san_diego,San Diego,933,21.4,0.0,3,0
2021-10-22,center_san_diego,San Diego,796,19.9,0.0,4,0
2021-10-23,center_san_diego,San Diego,647,18.8,0.0,5,0
2021-10-24,center_san_diego,San Diego,478,20.2,0.0,6,0
2021-10-25,center_san_diego,San Diego,945,18.5,1.4,0,0
2021-10-26,center_san_diego,San Diego,1052,19.1,3.2,1,0
2021-10-27,center_san_diego,San Diego,1070,23.9,0.0,2,0
2021-10-28,center_san_diego,San Diego,910,27.8,0.0,3,0
2021-10-29,center_san_diego,San Diego,840,24.4,0.0,4,0
2021-10-30,center_san_diego,San Diego,690,20.6,0.0,5,0
2021-10-31,center_san_diego,San Diego,543,19.6,0.0,6,0
2021-11-01,center_san_diego,San Diego,1016,21.0,0.0,0,0
2021-11-02,center_san_diego,San Diego,1028,20.0,0.0,1,0
2021-11-03,center_san_diego,San Diego,1037,20.1,0.0,2,0
2021-11-04,center_san_diego,San Diego,856,22.0,0.0,3,0
2021-11-05,center_san_diego,San Diego,833,21.2,0.0,4,0
2021-11-06,center_san_diego,San Diego,626,19.4,0.0,5,0
2021-11-07,center_san_diego,San Diego,494,20.5,0.0,6,0
2021-11-08,center_san_diego,San Diego,1026,19.3,0.0,0,0
2021-11-09,center_san_diego,San Diego,977,19.0,0.0,1,0
2021-11-10,center_san_diego,San Diego,992,20.5,0.2,2,0
2021-11-11,center_san_diego,San Diego,498,30.1,0.0,3,1
2021-11-12,center_san_diego,San Diego,811,31.5,0.0,4,0
2021-11-13,center_san_diego,San Diego,668,27.0,0.0,5,0
2021-11-14,center_san_diego,San Diego,515,26.8,0.0,6,0
2021-11-15,center_san_diego,San Diego,883,24.2,0.0,0,0
2021-11-16,center_san_diego,San Diego,946,20.8,0.0,1,0
2021-11-17,center_san_diego,San Diego,986,19.1,0.0,2,0
2021-11-18,center_san_diego,San Diego,915,18.4,0.0,3,0
2021-11-19,center_san_diego,San Diego,754,18.7,0.0,4,0
2021-11-20,center_san_diego,San Diego,682,17.6,0.0,5,0
2021-11-21,center_san_diego,San Diego,534,27.1,0.0,6,0
2021-11-22,center_san_diego,San Diego,927,27.1,0.0,0,0
2021-11-23,center_san_diego,San Diego,1013,23.3,0.0,1,0
2021-11-24,center_san_diego,San Diego,1039,19.6,0.0,2,0
2021-11-25,center_san_diego,San Diego,447,24.8,0.0,3,1
2021-11-26,center_san_diego,San Diego,888,24.2,0.0,4,0
2021-11-27,center_san_diego,San Diego,704,21.4,0.0,5,0
2021-11-28,center_san_diego,San Diego,547,24.0,0.0,6,0
2021-11-29,center_san_diego,San Diego,961,22.1,0.0,0,0
2021-11-30,center_san_diego,San Diego,895,21.0,0.0,1,0
2021-12-01,center_san_diego,San Diego,986,22.2,0.0,2,0
2021-12-02,center_san_diego,San Diego,925,18.5,0.0,3,0
2021-12-03,center_san_diego,San Diego,808,17.6,0.0,4,0
2021-12-04,center_san_diego,San Diego,652,16.9,0.0,5,0
2021-12-05,center_san_diego,San Diego,548,18.0,0.0,6,0
2021-12-06,center_san_diego,San Diego,891,18.1,0.0,0,0
2021-12-07,center_san_diego,San Diego,1057,15.9,2.0,1,0
2021-12-08,center_san_diego,San Diego,891,18.6,0.0,2,0
2021-12-09,center_san_diego,San Diego,947,17.0,3.7,3,0
2021-12-10,center_san_diego,San Diego,739,15.8,0.6,4,0
2021-12-11,center_san_diego,San Diego,609,16.6,0.0,5,0
2021-12-12,center_san_diego,San Diego,493,17.0,0.0,6,0
2021-12-13,center_san_diego,San Diego,961,15.1,0.3,0,0
2021-12-14,center_san_diego,San Diego,777,15.1,22.2,1,0
2021-12-15,center_san_diego,San Diego,894,13.3,0.6,2,0
2021-12-16,center_san_diego,San Diego,901,13.8,0.0,3,0
2021-12-17,center_san_diego,San Diego,792,16.6,3.0,4,0
2021-12-18,center_san_diego,San Diego,608,17.0,0.0,5,0
2021-12-19,center_san_diego,San Diego,528,16.0,0.0,6,0
2021-12-20,center_san_diego,San Diego,864,16.9,0.0,0,0
2021-12-21,center_san_diego,San Diego,1042,16.8,0.0,1,0
2021-12-22,center_san_diego,San Diego,961,16.6,0.0,2,0
2021-12-23,center_san_diego,San Diego,999,17.1,0.0,3,0
2021-12-24,center_san_diego,San Diego,323,15.1,34.4,4,1
2021-12-25,center_san_diego,San Diego,307,14.5,1.6,5,1
2021-12-26,center_san_diego,San Diego,533,13.7,1.8,6,0
2021-12-27,center_san_diego,San Diego,1006,12.9,0.0,0,0
2021-12-28,center_san_diego,San Diego,978,12.2,4.6,1,0
2021-12-29,center_san_diego,San Diego,956,13.5,2.0,2,0
2021-12-30,center_san_diego,San Diego,879,15.0,1.5,3,0
2021-12-31,center_san_diego,San Diego,413,15.2,1.1,4,1
2022-01-01,center_san_diego,San Diego,301,15.9,0.0,5,1
2022-01-02,center_san_diego,San Diego,502,16.5,0.0,6,0
2022-01-03,center_san_diego,San Diego,906,14.9,0.0,0,0
2022-01-04,center_san_diego,San Diego,996,14.9,0.0,1,0
2022-01-05,center_san_diego,San Diego,954,17.0,0.0,2,0
2022-01-06,center_san_diego,San Diego,1009,17.6,0.0,3,0
2022-01-07,center_san_diego,San Diego,792,16.3,0.0,4,0
2022-01-08,center_san_diego,San Diego,603,16.0,0.0,5,0
2022-01-09,center_san_diego,San Diego,517,17.5,0.0,6,0
2022-01-10,center_san_diego,San Diego,957,21.7,0.0,0,0
2022-01-11,center_san_diego,San Diego,987,21.1,0.0,1,0
2022-01-12,center_san_diego,San Diego,1082,21.2,0.0,2,0
2022-01-13,center_san_diego,San Diego,989,19.9,0.0,3,0
2022-01-14,center_san_diego,San Diego,839,20.1,0.0,4,0
2022-01-15,center_san_diego,San Diego,664,18.5,0.5,5,0
2022-01-16,center_san_diego,San Diego,482,19.4,0.1,6,0
2022-01-17,center_san_diego,San Diego,505,17.9,1.7,0,1
2022-01-18,center_san_diego,San Diego,971,15.9,9.0,1,0
2022-01-19,center_san_diego,San Diego,903,17.0,0.0,2,0
2022-01-20,center_san_diego,San Diego,863,20.1,0.0,3,0
2022-01-21,center_san_diego,San Diego,809,16.7,0.0,4,0
2022-01-22,center_san_diego,San Diego,645,19.4,0.0,5,0
2022-01-23,center_san_diego,San Diego,541,20.8,0.0,6,0
2022-01-24,center_san_diego,San Diego,881,17.5,0.0,0,0
2022-01-25,center_san_diego,San Diego,1043,16.0,0.0,1,0
2022-01-26,center_san_diego,San Diego,914,17.8,0.0,2,0
2022-01-27,center_san_diego,San Diego,938,18.2,0.0,3,0
2022-01-28,center_san_diego,San Diego,794,20.5,0.0,4,0
2022-01-29,center_san_diego,San Diego,592,19.1,0.0,5,0
2022-01-30,center_san_diego,San Diego,503,18.6,0.0,6,0
2022-01-31,center_san_diego,San Diego,1027,15.8,0.0,0,0
2022-02-01,center_san_diego,San Diego,1060,15.8,0.3,1,0
2022-02-02,center_san_diego,San Diego,909,16.5,0.0,2,0
2022-02-03,center_san_diego,San Diego,894,16.6,0.0,3,0
2022-02-04,center_san_diego,San Diego,827,18.9,0.0,4,0
2022-02-05,center_san_diego,San Diego,673,19.0,0.0,5,0
2022-02-06,center_san_diego,San Diego,523,21.4,0.0,6,0
2022-02-07,center_san_diego,San Diego,971,23.0,0.0,0,0
2022-02-08,center_san_diego,San Diego,1002,23.9,0.0,1,0
2022-02-09,center_san_diego,San Diego,907,28.0,0.0,2,0
2022-02-10,center_san_diego,San Diego,994,30.4,0.0,3,0
2022-02-11,center_san_diego,San Diego,789,24.5,0.0,4,0
2022-02-12,center_san_diego,San Diego,643,27.9,0.0,5,0
2022-02-13,center_san_diego,San Diego,534,27.8,0.0,6,0
2022-02-14,center_san_diego,San Diego,877,24.4,0.0,0,0
2022-02-15,center_san_diego,San Diego,1014,17.6,1.9,1,0
2022-02-16,center_san_diego,San Diego,965,15.7,1.8,2,0
2022-02-17,center_san_diego,San Diego,943,19.2,0.0,3,0
2022-02-18,center_san_diego,San Diego,806,19.3,0.0,4,0
2022-02-19,center_san_diego,San Diego,678,20.6,0.0,5,0
2022-02-20,center_san_diego,San Diego,526,17.2,0.0,6,0
2022-02-21,center_san_diego,San Diego,457,15.5,0.4,0,1
2022-02-22,center_san_diego,San Diego,963,15.4,0.6,1,0
2022-02-23,center_san_diego,San Diego,909,12.1,6.7,2,0
2022-02-24,center_san_diego,San Diego,1004,15.3,0.5,3,0
2022-02-25,center_san_diego,San Diego,889,15.2,0.0,4,0
2022-02-26,center_san_diego,San Diego,693,19.3,0.0,5,0
2022-02-27,center_san_diego,San Diego,508,20.8,0.0,6,0
2022-02-28,center_san_diego,San Diego,896,24.8,0.0,0,0
2022-03-01,center_san_diego,San Diego,1041,23.8,0.0,1,0
2022-03-02,center_san_diego,San Diego,942,23.0,0.0,2,0
2022-03-03,center_san_diego,San Diego,864,20.3,0.0,3,0
2022-03-04,center_san_diego,San Diego,705,16.1,6.4,4,0
2022-03-05,center_san_diego,San Diego,666,15.1,1.0,5,0
2022-03-06,center_san_diego,San Diego,509,15.7,0.1,6,0
2022-03-07,center_san_diego,San Diego,904,18.0,0.0,0,0
2022-03-08,center_san_diego,San Diego,1005,19.1,0.0,1,0
2022-03-09,center_san_diego,San Diego,969,17.6,0.0,2,0
2022-03-10,center_san_diego,San Diego,1008,17.3,0.1,3,0
2022-03-11,center_san_diego,San Diego,797,21.9,0.0,4,0
2022-03-12,center_san_diego,San Diego,646,21.1,0.0,5,0
2022-03-13,center_san_diego,San Diego,513,18.6,0.0,6,0
2022-03-14,center_san_diego,San Diego,929,20.0,0.0,0,0
2022-03-15,center_san_diego,San Diego,900,20.8,0.0,1,0
2022-03-16,center_san_diego,San Diego,1023,19.6,0.0,2,0
2022-03-17,center_san_diego,San Diego,852,23.8,0.0,3,0
2022-03-18,center_san_diego,San Diego,766,23.0,0.0,4,0
2022-03-19,center_san_diego,San Diego,676,21.9,0.0,5,0
2022-03-20,center_san_diego,San Diego,550,17.2,2.0,6,0
2022-03-21,center_san_diego,San Diego,1003,19.0,0.0,0,0
2022-03-22,center_san_diego,San Diego,918,24.0,0.0,1,0
2022-03-23,center_san_diego,San Diego,945,28.2,0.0,2,0
2022-03-24,center_san_diego,San Diego,953,23.5,0.0,3,0
2022-03-25,center_san_diego,San Diego,786,22.4,0.0,4,0
2022-03-26,center_san_diego,San Diego,633,19.6,0.0,5,0
2022-03-27,center_san_diego,San Diego,550,18.0,0.0,6,0
2022-03-28,center_san_diego,San Diego,809,17.8,5.9,0,0
2022-03-29,center_san_diego,San Diego,810,16.2,12.0,1,0
2022-03-30,center_san_diego,San Diego,1066,17.6,0.0,2,0
2022-03-31,center_san_diego,San Diego,863,16.2,0.4,3,0
2022-04-01,center_san_diego,San Diego,753,17.9,0.0,4,0
2022-04-02,center_san_diego,San Diego,707,17.4,1.1,5,0
2022-04-03,center_san_diego,San Diego,539,16.6,0.9,6,0
2022-04-04,center_san_diego,San Diego,991,19.1,0.0,0,0
2022-04-05,center_san_diego,San Diego,1042,20.6,0.0,1,0
2022-04-06,center_san_diego,San Diego,1079,23.2,0.0,2,0
2022-04-07,center_san_diego,San Diego,994,33.2,0.0,3,0
2022-04-08,center_san_diego,San Diego,764,32.3,0.0,4,0
2022-04-09,center_san_diego,San Diego,680,27.7,0.0,5,0
2022-04-10,center_san_diego,San Diego,472,19.5,0.0,6,0
2022-04-11,center_san_diego,San Diego,934,17.7,0.0,0,0
2022-04-12,center_san_diego,San Diego,1051,17.5,0.3,1,0
2022-04-13,center_san_diego,San Diego,934,19.5,0.0,2,0
2022-04-14,center_san_diego,San Diego,921,18.5,0.0,3,0
2022-04-15,center_san_diego,San Diego,802,19.4,0.0,4,0
2022-04-16,center_san_diego,San Diego,581,19.0,0.0,5,0
2022-04-17,center_san_diego,San Diego,531,19.8,0.0,6,0
2022-04-18,center_san_diego,San Diego,914,20.0,0.0,0,0
2022-04-19,center_san_diego,San Diego,893,20.0,0.0,1,0
2022-04-20,center_san_diego,San Diego,1025,18.7,0.0,2,0
2022-04-21,center_san_diego,San Diego,1036,18.8,0.0,3,0
2022-04-22,center_san_diego,San Diego,858,17.1,1.1,4,0
2022-04-23,center_san_diego,San Diego,594,19.1,0.3,5,0
2022-04-24,center_san_diego,San Diego,512,26.8,0.0,6,0
2022-04-25,center_san_diego,San Diego,930,26.4,0.0,0,0
2022-04-26,center_san_diego,San Diego,920,24.3,0.0,1,0
2022-04-27,center_san_diego,San Diego,979,18.4,0.1,2,0
2022-04-28,center_san_diego,San Diego,1018,17.4,0.2,3,0
2022-04-29,center_san_diego,San Diego,761,19.4,0.0,4,0
2022-04-30,center_san_diego,San Diego,589,20.4,0.0,5,0
2022-05-01,center_san_diego,San Diego,491,18.4,0.1,6,0
2022-05-02,center_san_diego,San Diego,1016,19.1,0.0,0,0
2022-05-03,center_san_diego,San Diego,941,17.8,0.0,1,0
2022-05-04,center_san_diego,San Diego,1054,20.5,0.0,2,0
2022-05-05,center_san_diego,San Diego,914,20.9,0.0,3,0
2022-05-06,center_san_diego,San Diego,853,21.0,0.0,4,0
2022-05-07,center_san_diego,San Diego,693,20.5,0.0,5,0
2022-05-08,center_san_diego,San Diego,551,18.3,0.4,6,0
2022-05-09,center_san_diego,San Diego,897,19.1,0.0,0,0
2022-05-10,center_san_diego,San Diego,1070,19.5,0.0,1,0
2022-05-11,center_san_diego,San Diego,917,18.6,0.0,2,0
2022-05-12,center_san_diego,San Diego,962,23.7,0.0,3,0
2022-05-13,center_san_diego,San Diego,776,25.5,0.0,4,0
2022-05-14,center_san_diego,San Diego,684,27.0,0.0,5,0
2022-05-15,center_san_diego,San Diego,506,26.5,0.0,6,0
2022-05-16,center_san_diego,San Diego,940,20.9,0.0,0,0
2022-05-17,center_san_diego,San Diego,921,18.5,0.0,1,0
2022-05-18,center_san_diego,San Diego,975,19.5,0.0,2,0
2022-05-19,center_san_diego,San Diego,952,19.0,0.0,3,0
2022-05-20,center_san_diego,San Diego,818,19.0,0.0,4,0
2022-05-21,center_san_diego,San Diego,664,19.5,0.4,5,0
2022-05-22,center_san_diego,San Diego,504,19.6,0.2,6,0
2022-05-23,center_san_diego,San Diego,1025,19.0,0.0,0,0
2022-05-24,center_san_diego,San Diego,1031,19.8,0.0,1,0
2022-05-25,center_san_diego,San Diego,1064,20.1,0.0,2,0
2022-05-26,center_san_diego,San Diego,946,20.1,0.0,3,0
2022-05-27,center_san_diego,San Diego,826,20.0,0.0,4,0
2022-05-28,center_san_diego,San Diego,601,19.5,0.0,5,0
2022-05-29,center_san_diego,San Diego,484,20.2,0.0,6,0
2022-05-30,center_san_diego,San Diego,490,21.5,0.0,0,1
2022-05-31,center_san_diego,San Diego,975,20.4,0.0,1,0
2022-06-01,center_san_diego,San Diego,1035,21.0,0.0,2,0
2022-06-02,center_san_diego,San Diego,1028,20.8,0.0,3,0
2022-06-03,center_san_diego,San Diego,875,20.8,0.0,4,0
2022-06-04,center_san_diego,San Diego,652,19.9,0.0,5,0
2022-06-05,center_san_diego,San Diego,558,22.6,0.0,6,0
2022-06-06,center_san_diego,San Diego,894,22.6,0.0,0,0
2022-06-07,center_san_diego,San Diego,956,21.7,0.0,1,0
2022-06-08,center_san_diego,San Diego,1024,22.5,0.0,2,0
2022-06-09,center_san_diego,San Diego,931,22.5,0.0,3,0
2022-06-10,center_san_diego,San Diego,832,22.6,0.0,4,0
2022-06-11,center_san_diego,San Diego,659,23.1,0.0,5,0
2022-06-12,center_san_diego,San Diego,548,21.5,0.0,6,0
2022-06-13,center_san_diego,San Diego,953,21.5,0.0,0,0
2022-06-14,center_san_diego,San Diego,1052,22.2,0.0,1,0
2022-06-15,center_san_diego,San Diego,996,21.9,0.0,2,0
2022-06-16,center_san_diego,San Diego,1007,22.3,0.0,3,0
2022-06-17,center_san_diego,San Diego,806,21.2,0.0,4,0
2022-06-18,center_san_diego,San Diego,607,21.0,0.0,5,0
2022-06-19,center_san_diego,San Diego,264,23.9,0.0,6,1
2022-06-20,center_san_diego,San Diego,443,25.7,0.0,0,1
2022-06-21,center_san_diego,San Diego,1024,23.7,0.0,1,0
2022-06-22,center_san_diego,San Diego,1067,27.5,0.4,2,0
2022-06-23,center_san_diego,San Diego,898,27.5,0.0,3,0
2022-06-24,center_san_diego,San Diego,844,26.4,0.0,4,0
2022-06-25,center_san_diego,San Diego,646,25.6,0.0,5,0
2022-06-26,center_san_diego,San Diego,545,25.6,0.0,6,0
2022-06-27,center_san_diego,San Diego,936,26.8,0.0,0,0
2022-06-28,center_san_diego,San Diego,979,26.5,0.0,1,0
2022-06-29,center_san_diego,San Diego,1035,25.5,0.0,2,0
2022-06-30,center_san_diego,San Diego,964,24.2,0.0,3,0
2022-07-01,center_san_diego,San Diego,771,24.2,0.0,4,0
2022-07-02,center_san_diego,San Diego,663,23.4,0.0,5,0
2022-07-03,center_san_diego,San Diego,561,21.8,0.0,6,0
2022-07-04,center_san_diego,San Diego,504,21.5,0.0,0,1
2022-07-05,center_san_diego,San Diego,937,23.4,0.0,1,0
2022-07-06,center_san_diego,San Diego,936,23.5,0.2,2,0
2022-07-07,center_san_diego,San Diego,938,23.6,0.0,3,0
2022-07-08,center_san_diego,San Diego,753,23.1,0.0,4,0
2022-07-09,center_san_diego,San Diego,664,24.2,0.0,5,0
2022-07-10,center_san_diego,San Diego,464,25.0,0.0,6,0
2022-07-11,center_san_diego,San Diego,973,22.9,0.0,0,0
2022-07-12,center_san_diego,San Diego,997,22.3,0.0,1,0
2022-07-13,center_san_diego,San Diego,1072,23.5,0.0,2,0
2022-07-14,center_san_diego,San Diego,884,23.0,0.0,3,0
2022-07-15,center_san_diego,San Diego,742,23.2,0.0,4,0
2022-07-16,center_san_diego,San Diego,599,24.2,0.2,5,0
2022-07-17,center_san_diego,San Diego,482,24.0,0.0,6,0
2022-07-18,center_san_diego,San Diego,1009,24.3,0.0,0,0
2022-07-19,center_san_diego,San Diego,1022,25.6,0.0,1,0
2022-07-20,center_san_diego,San Diego,1077,25.2,0.0,2,0
2022-07-21,center_san_diego,San Diego,1034,25.2,0.0,3,0
2022-07-22,center_san_diego,San Diego,764,23.1,0.0,4,0
2022-07-23,center_san_diego,San Diego,676,23.4,0.0,5,0
2022-07-24,center_san_diego,San Diego,562,23.4,0.0,6,0
2022-07-25,center_san_diego,San Diego,1035,24.0,0.0,0,0
2022-07-26,center_san_diego,San Diego,994,24.0,0.0,1,0
2022-07-27,center_san_diego,San Diego,901,24.4,0.0,2,0
2022-07-28,center_san_diego,San Diego,932,24.5,0.0,3,0
2022-07-29,center_san_diego,San Diego,759,23.0,0.0,4,0
2022-07-30,center_san_diego,San Diego,697,24.2,0.3,5,0
2022-07-31,center_san_diego,San Diego,506,24.1,15.5,6,0
2022-08-01,center_san_diego,San Diego,830,25.1,12.0,0,0
2022-08-02,center_san_diego,San Diego,920,25.9,0.0,1,0
2022-08-03,center_san_diego,San Diego,1084,25.6,0.0,2,0
2022-08-04,center_san_diego,San Diego,861,26.0,0.0,3,0
2022-08-05,center_san_diego,San Diego,809,26.1,0.0,4,0
2022-08-06,center_san_diego,San Diego,704,26.3,0.0,5,0
2022-08-07,center_san_diego,San Diego,561,27.1,0.0,6,0
2022-08-08,center_san_diego,San Diego,965,25.8,0.0,0,0
2022-08-09,center_san_diego,San Diego,913,26.5,0.0,1,0
2022-08-10,center_san_diego,San Diego,1061,29.1,0.0,2,0
2022-08-11,center_san_diego,San Diego,987,28.0,0.0,3,0
2022-08-12,center_san_diego,San Diego,827,27.3,0.0,4,0
2022-08-13,center_san_diego,San Diego,706,27.5,0.0,5,0
2022-08-14,center_san_diego,San Diego,541,26.5,0.0,6,0
2022-08-15,center_san_diego,San Diego,1026,26.5,0.0,0,0
2022-08-16,center_san_diego,San Diego,947,26.7,0.0,1,0
2022-08-17,center_san_diego,San Diego,967,26.9,0.0,2,0
2022-08-18,center_san_diego,San Diego,926,26.4,0.0,3,0
2022-08-19,center_san_diego,San Diego,887,24.5,0.0,4,0
2022-08-20,center_san_diego,San Diego,702,24.2,0.0,5,0
2022-08-21,center_san_diego,San Diego,561,24.8,0.0,6,0
2022-08-22,center_san_diego,San Diego,1018,25.4,0.0,0,0
2022-08-23,center_san_diego,San Diego,1021,24.9,0.0,1,0
2022-08-24,center_san_diego,San Diego,1072,25.8,0.0,2,0
2022-08-25,center_san_diego,San Diego,997,25.9,0.0,3,0
2022-08-26,center_san_diego,San Diego,854,25.6,0.0,4,0
2022-08-27,center_san_diego,San Diego,594,24.4,0.0,5,0
2022-08-28,center_san_diego,San Diego,490,24.0,0.0,6,0
2022-08-29,center_san_diego,San Diego,916,24.9,0.0,0,0
2022-08-30,center_san_diego,San Diego,895,27.0,0.0,1,0
2022-08-31,center_san_diego,San Diego,1058,29.4,0.0,2,0
2022-09-01,center_san_diego,San Diego,982,29.2,0.0,3,0
2022-09-02,center_san_diego,San Diego,742,29.0,0.0,4,0
2022-09-03,center_san_diego,San Diego,630,32.0,0.0,5,0
2022-09-04,center_san_diego,San Diego,484,34.2,0.0,6,0
2022-09-05,center_san_diego,San Diego,496,28.5,0.0,0,1
2022-09-06,center_san_diego,San Diego,1046,29.6,0.0,1,0
2022-09-07,center_san_diego,San Diego,969,31.8,0.0,2,0
2022-09-08,center_san_diego,San Diego,755,36.0,0.1,3,0
2022-09-09,center_san_diego,San Diego,653,31.1,32.3,4,0
2022-09-10,center_san_diego,San Diego,620,26.5,19.8,5,0
2022-09-11,center_san_diego,San Diego,521,26.1,4.0,6,0
2022-09-12,center_san_diego,San Diego,906,25.2,1.0,0,0
2022-09-13,center_san_diego,San Diego,1031,24.7,0.0,1,0
2022-09-14,center_san_diego,San Diego,902,23.6,0.0,2,0
2022-09-15,center_san_diego,San Diego,861,23.0,0.0,3,0
2022-09-16,center_san_diego,San Diego,734,22.7,0.0,4,0
2022-09-17,center_san_diego,San Diego,590,22.5,0.1,5,0
2022-09-18,center_san_diego,San Diego,540,22.8,0.3,6,0
2022-09-19,center_san_diego,San Diego,883,24.0,0.0,0,0
2022-09-20,center_san_diego,San Diego,947,25.0,0.0,1,0
2022-09-21,center_san_diego,San Diego,924,24.8,0.0,2,0
2022-09-22,center_san_diego,San Diego,949,26.0,0.0,3,0
2022-09-23,center_san_diego,San Diego,753,27.5,0.0,4,0
2022-09-24,center_san_diego,San Diego,629,27.7,0.0,5,0
2022-09-25,center_san_diego,San Diego,505,27.0,0.0,6,0
2022-09-26,center_san_diego,San Diego,1024,26.8,0.0,0,0
2022-09-27,center_san_diego,San Diego,988,27.5,0.0,1,0
2022-09-28,center_san_diego,San Diego,971,26.6,0.0,2,0
2022-09-29,center_san_diego,San Diego,917,25.2,0.0,3,0
2022-09-30,center_san_diego,San Diego,892,23.6,0.0,4,0
2022-10-01,center_san_diego,San Diego,677,22.5,0.0,5,0
2022-10-02,center_san_diego,San Diego,508,23.2,0.0,6,0
2022-10-03,center_san_diego,San Diego,1001,24.1,0.0,0,0
2022-10-04,center_san_diego,San Diego,1064,24.4,0.0,1,0
2022-10-05,center_san_diego,San Diego,1011,23.6,0.0,2,0
2022-10-06,center_san_diego,San Diego,868,23.1,0.0,3,0
2022-10-07,center_san_diego,San Diego,822,24.8,0.0,4,0
2022-10-08,center_san_diego,San Diego,688,25.0,0.0,5,0
2022-10-09,center_san_diego,San Diego,528,24.5,0.2,6,0
2022-10-10,center_san_diego,San Diego,439,23.1,0.0,0,1
2022-10-11,center_san_diego,San Diego,907,23.1,0.3,1,0
2022-10-12,center_san_diego,San Diego,957,24.0,1.3,2,0
2022-10-13,center_san_diego,San Diego,882,23.5,0.0,3,0
2022-10-14,center_san_diego,San Diego,733,22.0,0.0,4,0
2022-10-15,center_san_diego,San Diego,522,20.8,7.7,5,0
2022-10-16,center_san_diego,San Diego,482,22.0,4.7,6,0
2022-10-17,center_san_diego,San Diego,898,22.9,0.0,0,0
2022-10-18,center_san_diego,San Diego,1084,27.4,0.0,1,0
2022-10-19,center_san_diego,San Diego,964,31.3,0.0,2,0
2022-10-20,center_san_diego,San Diego,875,26.6,0.0,3,0
2022-10-21,center_san_diego,San Diego,890,24.1,0.0,4,0
2022-10-22,center_san_diego,San Diego,703,20.4,0.5,5,0
2022-10-23,center_san_diego,San Diego,514,20.0,2.1,6,0
2022-10-24,center_san_diego,San Diego,935,23.9,0.0,0,0
2022-10-25,center_san_diego,San Diego,929,23.1,0.0,1,0
2022-10-26,center_san_diego,San Diego,989,21.0,0.0,2,0
2022-10-27,center_san_diego,San Diego,909,21.5,0.0,3,0
2022-10-28,center_san_diego,San Diego,822,21.9,0.0,4,0
2022-10-29,center_san_diego,San Diego,598,21.2,0.0,5,0
2022-10-30,center_san_diego,San Diego,548,23.0,0.0,6,0
2022-10-31,center_san_diego,San Diego,874,24.2,0.0,0,0
2022-11-01,center_san_diego,San Diego,930,21.4,0.0,1,0
2022-11-02,center_san_diego,San Diego,1011,18.9,2.4,2,0
2022-11-03,center_san_diego,San Diego,893,16.5,1.7,3,0
2022-11-04,center_san_diego,San Diego,855,20.0,0.0,4,0
2022-11-05,center_san_diego,San Diego,665,20.1,0.0,5,0
2022-11-06,center_san_diego,San Diego,521,18.9,0.0,6,0
2022-11-07,center_san_diego,San Diego,876,19.0,1.4,0,0
2022-11-08,center_san_diego,San Diego,976,16.9,15.2,1,0
2022-11-09,center_san_diego,San Diego,824,16.4,13.4,2,0
2022-11-10,center_san_diego,San Diego,934,16.9,0.0,3,0
2022-11-11,center_san_diego,San Diego,382,18.4,0.0,4,1
2022-11-12,center_san_diego,San Diego,632,18.5,0.0,5,0
2022-11-13,center_san_diego,San Diego,565,16.0,0.1,6,0
2022-11-14,center_san_diego,San Diego,903,18.2,0.0,0,0
2022-11-15,center_san_diego,San Diego,1057,18.0,0.0,1,0
2022-11-16,center_san_diego,San Diego,931,22.6,0.0,2,0
2022-11-17,center_san_diego,San Diego,913,22.0,0.0,3,0
2022-11-18,center_san_diego,San Diego,743,18.2,0.0,4,0
2022-11-19,center_san_diego,San Diego,676,22.6,0.0,5,0
2022-11-20,center_san_diego,San Diego,554,23.2,0.0,6,0
2022-11-21,center_san_diego,San Diego,925,22.5,0.0,0,0
2022-11-22,center_san_diego,San Diego,938,20.8,0.0,1,0
2022-11-23,center_san_diego,San Diego,998,19.5,0.0,2,0
2022-11-24,center_san_diego,San Diego,431,24.4,0.0,3,1
2022-11-25,center_san_diego,San Diego,817,23.2,0.0,4,0
2022-11-26,center_san_diego,San Diego,695,19.0,0.0,5,0
2022-11-27,center_san_diego,San Diego,520,19.5,0.0,6,0
2022-11-28,center_san_diego,San Diego,952,16.2,0.0,0,0
2022-11-29,center_san_diego,San Diego,955,16.2,0.0,1,0
2022-11-30,center_san_diego,San Diego,916,15.6,0.0,2,0
2022-12-01,center_san_diego,San Diego,880,15.0,0.0,3,0
2022-12-02,center_san_diego,San Diego,875,18.5,0.0,4,0
2022-12-03,center_san_diego,San Diego,699,20.9,0.0,5,0
2022-12-04,center_san_diego,San Diego,535,18.6,0.0,6,0
2022-12-05,center_san_diego,San Diego,907,17.0,0.0,0,0
2022-12-06,center_san_diego,San Diego,1033,16.1,0.1,1,0
2022-12-07,center_san_diego,San Diego,952,15.9,0.3,2,0
2022-12-08,center_san_diego,San Diego,879,15.4,0.0,3,0
2022-12-09,center_san_diego,San Diego,772,15.6,0.0,4,0
2022-12-10,center_san_diego,San Diego,606,16.5,0.0,5,0
2022-12-11,center_san_diego,San Diego,469,14.9,11.9,6,0
2022-12-12,center_san_diego,San Diego,918,12.4,3.1,0,0
2022-12-13,center_san_diego,San Diego,1000,14.1,0.0,1,0
2022-12-14,center_san_diego,San Diego,937,14.8,0.0,2,0
2022-12-15,center_san_diego,San Diego,851,15.2,0.0,3,0
2022-12-16,center_san_diego,San Diego,836,16.9,0.0,4,0
2022-12-17,center_san_diego,San Diego,680,16.2,0.0,5,0
2022-12-18,center_san_diego,San Diego,469,15.9,0.0,6,0
2022-12-19,center_san_diego,San Diego,939,17.0,0.0,0,0
2022-12-20,center_san_diego,San Diego,907,17.0,0.0,1,0
2022-12-21,center_san_diego,San Diego,1015,18.6,0.0,2,0
2022-12-22,center_san_diego,San Diego,990,17.9,0.0,3,0
2022-12-23,center_san_diego,San Diego,742,17.5,0.0,4,0
2022-12-24,center_san_diego,San Diego,648,20.9,0.0,5,0
2022-12-25,center_san_diego,San Diego,273,23.5,0.0,6,1
2022-12-26,center_san_diego,San Diego,478,23.8,0.0,0,1
2022-12-27,center_san_diego,San Diego,968,19.5,0.0,1,0
2022-12-28,center_san_diego,San Diego,884,16.1,14.8,2,0
2022-12-29,center_san_diego,San Diego,1030,15.1,0.2,3,0
2022-12-30,center_san_diego,San Diego,746,15.6,0.6,4,0
2022-12-31,center_san_diego,San Diego,679,15.9,0.2,5,0
2023-01-01,center_san_diego,San Diego,191,14.5,27.7,6,1
2023-01-02,center_san_diego,San Diego,441,14.7,2.0,0,1
2023-01-03,center_san_diego,San Diego,860,14.6,5.9,1,0
2023-01-04,center_san_diego,San Diego,1073,16.5,3.8,2,0
2023-01-05,center_san_diego,San Diego,907,15.4,9.3,3,0
2023-01-06,center_san_diego,San Diego,874,15.5,2.3,4,0
2023-01-07,center_san_diego,San Diego,600,17.2,0.0,5,0
2023-01-08,center_san_diego,San Diego,501,17.1,0.0,6,0
2023-01-09,center_san_diego,San Diego,975,17.1,0.0,0,0
2023-01-10,center_san_diego,San Diego,918,15.7,6.5,1,0
2023-01-11,center_san_diego,San Diego,1042,15.6,0.3,2,0
2023-01-12,center_san_diego,San Diego,890,18.2,0.0,3,0
2023-01-13,center_san_diego,San Diego,842,18.5,0.0,4,0
2023-01-14,center_san_diego,San Diego,547,14.9,6.3,5,0
2023-01-15,center_san_diego,San Diego,370,15.0,26.1,6,0
2023-01-16,center_san_diego,San Diego,330,14.3,45.7,0,1
2023-01-17,center_san_diego,San Diego,951,13.2,6.5,1,0
2023-01-18,center_san_diego,San Diego,1050,14.4,0.0,2,0
2023-01-19,center_san_diego,San Diego,985,13.4,0.0,3,0
2023-01-20,center_san_diego,San Diego,854,14.4,0.7,4,0
2023-01-21,center_san_diego,San Diego,601,15.9,0.0,5,0
2023-01-22,center_san_diego,San Diego,502,14.4,0.0,6,0
2023-01-23,center_san_diego,San Diego,1001,16.2,0.0,0,0
2023-01-24,center_san_diego,San Diego,1078,16.5,0.0,1,0
2023-01-25,center_san_diego,San Diego,956,17.1,0.0,2,0
2023-01-26,center_san_diego,San Diego,1007,18.4,0.0,3,0
2023-01-27,center_san_diego,San Diego,831,18.2,0.0,4,0
2023-01-28,center_san_diego,San Diego,706,15.6,0.1,5,0
2023-01-29,center_san_diego,San Diego,561,13.7,3.7,6,0
2023-01-30,center_san_diego,San Diego,834,12.9,8.1,0,0
2023-01-31,center_san_diego,San Diego,813,15.1,8.3,1,0
2023-02-01,center_san_diego,San Diego,953,15.9,0.0,2,0
2023-02-02,center_san_diego,San Diego,946,16.0,0.0,3,0
2023-02-03,center_san_diego,San Diego,873,17.8,0.0,4,0
2023-02-04,center_san_diego,San Diego,629,17.0,0.0,5,0
2023-02-05,center_san_diego,San Diego,478,17.5,0.3,6,0
2023-02-06,center_san_diego,San Diego,945,15.6,0.0,0,0
2023-02-07,center_san_diego,San Diego,960,18.5,0.0,1,0
2023-02-08,center_san_diego,San Diego,950,18.0,0.0,2,0
2023-02-09,center_san_diego,San Diego,943,24.4,0.0,3,0
2023-02-10,center_san_diego,San Diego,752,22.6,0.0,4,0
2023-02-11,center_san_diego,San Diego,701,17.7,0.2,5,0
2023-02-12,center_san_diego,San Diego,501,14.1,0.4,6,0
2023-02-13,center_san_diego,San Diego,1027,14.6,2.1,0,0
2023-02-14,center_san_diego,San Diego,934,13.2,1.5,1,0
2023-02-15,center_san_diego,San Diego,1001,14.3,0.1,2,0
2023-02-16,center_san_diego,San Diego,927,16.8,0.0,3,0
2023-02-17,center_san_diego,San Diego,796,16.5,0.0,4,0
2023-02-18,center_san_diego,San Diego,691,17.5,0.5,5,0
2023-02-19,center_san_diego,San Diego,504,16.4,0.0,6,0
2023-02-20,center_san_diego,San Diego,480,18.0,0.5,0,1
2023-02-21,center_san_diego,San Diego,1015,16.5,0.1,1,0
2023-02-22,center_san_diego,San Diego,997,13.6,3.4,2,0
2023-02-23,center_san_diego,San Diego,816,11.0,11.3,3,0
2023-02-24,center_san_diego,San Diego,880,13.9,0.8,4,0
2023-02-25,center_san_diego,San Diego,443,13.3,35.1,5,0
2023-02-26,center_san_diego,San Diego,464,12.4,13.0,6,0
2023-02-27,center_san_diego,San Diego,988,13.6,0.0,0,0
2023-02-28,center_san_diego,San Diego,1082,13.4,1.8,1,0
2023-03-01,center_san_diego,San Diego,851,12.1,8.5,2,0
2023-03-02,center_san_diego,San Diego,1002,13.6,0.0,3,0
2023-03-03,center_san_diego,San Diego,886,13.4,0.0,4,0
2023-03-04,center_san_diego,San Diego,619,13.2,0.4,5,0
2023-03-05,center_san_diego,San Diego,480,14.1,0.0,6,0
2023-03-06,center_san_diego,San Diego,973,14.3,0.0,0,0
2023-03-07,center_san_diego,San Diego,1077,14.1,0.0,1,0
2023-03-08,center_san_diego,San Diego,939,12.9,0.1,2,0
2023-03-09,center_san_diego,San Diego,928,15.4,0.0,3,0
2023-03-10,center_san_diego,San Diego,813,14.8,3.0,4,0
2023-03-11,center_san_diego,San Diego,587,15.2,11.8,5,0
2023-03-12,center_san_diego,San Diego,475,16.2,0.6,6,0
2023-03-13,center_san_diego,San Diego,957,17.0,0.3,0,0
2023-03-14,center_san_diego,San Diego,955,15.6,0.1,1,0
2023-03-15,center_san_diego,San Diego,698,15.1,45.2,2,0
2023-03-16,center_san_diego,San Diego,899,14.9,1.0,3,0
2023-03-17,center_san_diego,San Diego,769,15.6,0.0,4,0
2023-03-18,center_san_diego,San Diego,692,20.6,0.0,5,0
2023-03-19,center_san_diego,San Diego,465,18.7,0.0,6,0
2023-03-20,center_san_diego,San Diego,929,14.4,4.0,0,0
2023-03-21,center_san_diego,San Diego,764,15.9,29.6,1,0
2023-03-22,center_san_diego,San Diego,969,14.8,13.0,2,0
2023-03-23,center_san_diego,San Diego,998,14.1,1.5,3,0
2023-03-24,center_san_diego,San Diego,857,14.6,0.2,4,0
2023-03-25,center_san_diego,San Diego,685,14.8,0.1,5,0
2023-03-26,center_san_diego,San Diego,523,14.4,0.0,6,0
2023-03-27,center_san_diego,San Diego,1030,18.4,0.0,0,0
2023-03-28,center_san_diego,San Diego,1071,17.9,0.0,1,0
2023-03-29,center_san_diego,San Diego,968,15.4,8.2,2,0
2023-03-30,center_san_diego,San Diego,935,14.0,4.7,3,0
2023-03-31,center_san_diego,San Diego,736,15.1,0.3,4,0
2023-04-01,center_san_diego,San Diego,628,16.4,0.0,5,0
2023-04-02,center_san_diego,San Diego,517,15.2,0.0,6,0
2023-04-03,center_san_diego,San Diego,903,14.6,1.0,0,0
2023-04-04,center_san_diego,San Diego,1029,14.1,0.0,1,0
2023-04-05,center_san_diego,San Diego,944,16.4,0.0,2,0
2023-04-06,center_san_diego,San Diego,962,18.3,0.0,3,0
2023-04-07,center_san_diego,San Diego,766,17.1,0.0,4,0
2023-04-08,center_san_diego,San Diego,699,16.9,0.0,5,0
2023-04-09,center_san_diego,San Diego,532,16.5,0.0,6,0
2023-04-10,center_san_diego,San Diego,904,17.3,0.0,0,0
2023-04-11,center_san_diego,San Diego,915,17.4,0.0,1,0
2023-04-12,center_san_diego,San Diego,898,15.3,0.5,2,0
2023-04-13,center_san_diego,San Diego,969,13.4,3.7,3,0
2023-04-14,center_san_diego,San Diego,762,14.9,0.2,4,0
2023-04-15,center_san_diego,San Diego,618,16.6,0.0,5,0
2023-04-16,center_san_diego,San Diego,522,16.5,0.0,6,0
2023-04-17,center_san_diego,San Diego,897,16.6,0.0,0,0
2023-04-18,center_san_diego,San Diego,1048,15.8,0.0,1,0
2023-04-19,center_san_diego,San Diego,1065,17.5,0.0,2,0
2023-04-20,center_san_diego,San Diego,970,21.4,0.0,3,0
2023-04-21,center_san_diego,San Diego,819,25.5,0.0,4,0
2023-04-22,center_san_diego,San Diego,631,24.5,0.0,5,0
2023-04-23,center_san_diego,San Diego,557,21.1,0.0,6,0
2023-04-24,center_san_diego,San Diego,1004,18.9,0.0,0,0
2023-04-25,center_san_diego,San Diego,1022,18.6,0.0,1,0
2023-04-26,center_san_diego,San Diego,967,20.1,0.0,2,0
2023-04-27,center_san_diego,San Diego,975,19.6,0.0,3,0
2023-04-28,center_san_diego,San Diego,871,19.0,0.0,4,0
2023-04-29,center_san_diego,San Diego,687,19.0,0.0,5,0
2023-04-30,center_san_diego,San Diego,510,17.8,0.0,6,0
2023-05-01,center_san_diego,San Diego,873,16.6,0.7,0,0
2023-05-02,center_san_diego,San Diego,1070,16.0,0.8,1,0
2023-05-03,center_san_diego,San Diego,1043,16.8,0.8,2,0
2023-05-04,center_san_diego,San Diego,824,17.2,5.8,3,0
2023-05-05,center_san_diego,San Diego,767,17.5,0.9,4,0
2023-05-06,center_san_diego,San Diego,604,18.1,0.0,5,0
2023-05-07,center_san_diego,San Diego,543,18.5,0.0,6,0
2023-05-08,center_san_diego,San Diego,929,19.2,0.0,0,0
2023-05-09,center_san_diego,San Diego,927,18.6,0.0,1,0
2023-05-10,center_san_diego,San Diego,989,18.6,0.6,2,0
2023-05-11,center_san_diego,San Diego,1002,18.4,0.7,3,0
2023-05-12,center_san_diego,San Diego,881,19.7,0.0,4,0
2023-05-13,center_san_diego,San Diego,608,19.9,0.0,5,0
2023-05-14,center_san_diego,San Diego,530,19.9,0.0,6,0
2023-05-15,center_san_diego,San Diego,933,20.0,0.0,0,0
2023-05-16,center_san_diego,San Diego,908,20.5,0.0,1,0
2023-05-17,center_san_diego,San Diego,1009,19.5,0.0,2,0
2023-05-18,center_san_diego,San Diego,923,20.4,0.0,3,0
2023-05-19,center_san_diego,San Diego,796,20.3,0.0,4,0
2023-05-20,center_san_diego,San Diego,628,20.5,0.0,5,0
2023-05-21,center_san_diego,San Diego,497,20.9,0.0,6,0
2023-05-22,center_san_diego,San Diego,864,19.6,0.0,0,0
2023-05-23,center_san_diego,San Diego,1081,18.7,0.0,1,0
2023-05-24,center_san_diego,San Diego,1005,17.8,0.0,2,0
2023-05-25,center_san_diego,San Diego,997,18.6,0.0,3,0
2023-05-26,center_san_diego,San Diego,823,18.5,0.0,4,0
2023-05-27,center_san_diego,San Diego,646,18.5,1.3,5,0
2023-05-28,center_san_diego,San Diego,480,19.9,0.6,6,0
2023-05-29,center_san_diego,San Diego,445,18.1,0.3,0,1
2023-05-30,center_san_diego,San Diego,924,17.4,0.3,1,0
2023-05-31,center_san_diego,San Diego,932,17.8,0.0,2,0
2023-06-01,center_san_diego,San Diego,1007,18.2,0.4,3,0
2023-06-02,center_san_diego,San Diego,747,19.5,0.6,4,0
2023-06-03,center_san_diego,San Diego,668,19.6,0.5,5,0
2023-06-04,center_san_diego,San Diego,560,19.9,0.1,6,0
2023-06-05,center_san_diego,San Diego,916,18.6,0.1,0,0
2023-06-06,center_san_diego,San Diego,910,19.0,0.0,1,0
2023-06-07,center_san_diego,San Diego,1058,19.0,0.0,2,0
2023-06-08,center_san_diego,San Diego,921,20.6,0.0,3,0
2023-06-09,center_san_diego,San Diego,883,20.5,0.2,4,0
2023-06-10,center_san_diego,San Diego,668,19.1,0.7,5,0
2023-06-11,center_san_diego,San Diego,539,18.5,2.0,6,0
2023-06-12,center_san_diego,San Diego,960,19.2,0.5,0,0
2023-06-13,center_san_diego,San Diego,1062,19.5,0.3,1,0
2023-06-14,center_san_diego,San Diego,888,19.6,0.3,2,0
2023-06-15,center_san_diego,San Diego,888,20.0,0.0,3,0
2023-06-16,center_san_diego,San Diego,768,21.9,0.0,4,0
2023-06-17,center_san_diego,San Diego,695,22.4,0.0,5,0
2023-06-18,center_san_diego,San Diego,542,21.2,0.0,6,0
2023-06-19,center_san_diego,San Diego,452,20.4,0.0,0,1
2023-06-20,center_san_diego,San Diego,1030,22.5,0.0,1,0
2023-06-21,center_san_diego,San Diego,1080,22.2,0.0,2,0
2023-06-22,center_san_diego,San Diego,976,21.0,0.0,3,0
2023-06-23,center_san_diego,San Diego,751,20.5,0.2,4,0
2023-06-24,center_san_diego,San Diego,625,20.9,0.1,5,0
2023-06-25,center_san_diego,San Diego,512,20.5,0.0,6,0
2023-06-26,center_san_diego,San Diego,924,20.8,0.0,0,0
2023-06-27,center_san_diego,San Diego,906,21.5,0.0,1,0
2023-06-28,center_san_diego,San Diego,933,20.3,0.0,2,0
2023-06-29,center_san_diego,San Diego,948,21.5,0.0,3,0
2023-06-30,center_san_diego,San Diego,873,22.6,0.0,4,0
2023-07-01,center_san_diego,San Diego,681,22.5,0.0,5,0
2023-07-02,center_san_diego,San Diego,540,23.4,0.0,6,0
2023-07-03,center_san_diego,San Diego,942,22.7,0.0,0,0
2023-07-04,center_san_diego,San Diego,447,22.3,0.0,1,1
2023-07-05,center_san_diego,San Diego,944,21.8,0.0,2,0
2023-07-06,center_san_diego,San Diego,923,21.4,0.0,3,0
2023-07-07,center_san_diego,San Diego,760,21.4,0.0,4,0
2023-07-08,center_san_diego,San Diego,654,21.4,0.0,5,0
2023-07-09,center_san_diego,San Diego,527,21.8,0.0,6,0
2023-07-10,center_san_diego,San Diego,972,22.3,0.0,0,0
2023-07-11,center_san_diego,San Diego,971,24.4,0.0,1,0
2023-07-12,center_san_diego,San Diego,1063,27.5,0.0,2,0
2023-07-13,center_san_diego,San Diego,873,26.6,0.0,3,0
2023-07-14,center_san_diego,San Diego,759,25.8,0.0,4,0
2023-07-15,center_san_diego,San Diego,625,23.9,0.0,5,0
2023-07-16,center_san_diego,San Diego,508,25.0,0.0,6,0
2023-07-17,center_san_diego,San Diego,961,25.3,0.0,0,0
2023-07-18,center_san_diego,San Diego,1034,25.6,0.0,1,0
2023-07-19,center_san_diego,San Diego,1040,26.2,0.0,2,0
2023-07-20,center_san_diego,San Diego,878,25.5,0.0,3,0
2023-07-21,center_san_diego,San Diego,743,24.2,0.0,4,0
2023-07-22,center_san_diego,San Diego,685,25.0,0.0,5,0
2023-07-23,center_san_diego,San Diego,536,23.5,0.0,6,0
2023-07-24,center_san_diego,San Diego,866,25.8,0.0,0,0
2023-07-25,center_san_diego,San Diego,959,25.8,0.0,1,0
2023-07-26,center_san_diego,San Diego,948,28.3,0.0,2,0
2023-07-27,center_san_diego,San Diego,912,28.0,0.0,3,0
2023-07-28,center_san_diego,San Diego,889,25.0,0.0,4,0
2023-07-29,center_san_diego,San Diego,585,25.8,0.0,5,0
2023-07-30,center_san_diego,San Diego,526,24.0,0.0,6,0
2023-07-31,center_san_diego,San Diego,850,25.7,0.1,0,0
2023-08-01,center_san_diego,San Diego,1022,26.8,0.0,1,0
2023-08-02,center_san_diego,San Diego,1060,26.0,0.0,2,0
2023-08-03,center_san_diego,San Diego,948,24.4,0.0,3,0
2023-08-04,center_san_diego,San Diego,842,24.5,0.0,4,0
2023-08-05,center_san_diego,San Diego,700,25.7,0.0,5,0
2023-08-06,center_san_diego,San Diego,503,25.2,0.0,6,0
2023-08-07,center_san_diego,San Diego,876,25.5,0.0,0,0
2023-08-08,center_san_diego,San Diego,982,26.5,0.0,1,0
2023-08-09,center_san_diego,San Diego,1079,25.0,0.9,2,0
2023-08-10,center_san_diego,San Diego,977,23.8,0.0,3,0
2023-08-11,center_san_diego,San Diego,733,24.4,0.1,4,0
2023-08-12,center_san_diego,San Diego,700,24.4,0.0,5,0
2023-08-13,center_san_diego,San Diego,484,24.4,0.0,6,0
2023-08-14,center_san_diego,San Diego,918,24.5,0.0,0,0
2023-08-15,center_san_diego,San Diego,914,25.7,0.0,1,0
2023-08-16,center_san_diego,San Diego,1005,28.1,0.0,2,0
2023-08-17,center_san_diego,San Diego,884,26.2,0.0,3,0
2023-08-18,center_san_diego,San Diego,773,25.0,0.0,4,0
2023-08-19,center_san_diego,San Diego,663,23.6,0.0,5,0
2023-08-20,center_san_diego,San Diego,376,25.1,26.4,6,0
2023-08-21,center_san_diego,San Diego,780,22.4,16.5,0,0
2023-08-22,center_san_diego,San Diego,960,23.1,0.0,1,0
2023-08-23,center_san_diego,San Diego,895,23.1,0.0,2,0
2023-08-24,center_san_diego,San Diego,892,22.6,0.0,3,0
2023-08-25,center_san_diego,San Diego,747,23.1,0.0,4,0
2023-08-26,center_san_diego,San Diego,673,24.5,0.0,5,0
2023-08-27,center_san_diego,San Diego,487,26.8,0.0,6,0
2023-08-28,center_san_diego,San Diego,919,28.8,0.0,0,0
2023-08-29,center_san_diego,San Diego,924,29.6,0.0,1,0
2023-08-30,center_san_diego,San Diego,1026,26.4,0.0,2,0
2023-08-31,center_san_diego,San Diego,970,23.8,0.0,3,0
2023-09-01,center_san_diego,San Diego,862,24.4,4.8,4,0
2023-09-02,center_san_diego,San Diego,614,23.9,5.3,5,0
2023-09-03,center_san_diego,San Diego,505,24.0,0.2,6,0
2023-09-04,center_san_diego,San Diego,451,22.6,0.2,0,1
2023-09-05,center_san_diego,San Diego,991,22.2,0.1,1,0
2023-09-06,center_san_diego,San Diego,1029,23.5,0.0,2,0
2023-09-07,center_san_diego,San Diego,884,24.4,0.0,3,0
2023-09-08,center_san_diego,San Diego,807,27.4,0.0,4,0
2023-09-09,center_san_diego,San Diego,603,27.8,0.0,5,0
2023-09-10,center_san_diego,San Diego,509,29.2,0.0,6,0
2023-09-11,center_san_diego,San Diego,1030,28.4,0.7,0,0
2023-09-12,center_san_diego,San Diego,971,25.5,0.0,1,0
2023-09-13,center_san_diego,San Diego,962,22.9,0.0,2,0
2023-09-14,center_san_diego,San Diego,991,23.2,0.0,3,0
2023-09-15,center_san_diego,San Diego,841,23.7,0.2,4,0
2023-09-16,center_san_diego,San Diego,638,23.2,0.1,5,0
2023-09-17,center_san_diego,San Diego,560,22.5,0.3,6,0
2023-09-18,center_san_diego,San Diego,960,22.0,1.3,0,0
2023-09-19,center_san_diego,San Diego,1019,23.5,0.3,1,0
2023-09-20,center_san_diego,San Diego,928,22.1,0.0,2,0
2023-09-21,center_san_diego,San Diego,1028,21.8,0.0,3,0
2023-09-22,center_san_diego,San Diego,859,21.2,0.3,4,0
2023-09-23,center_san_diego,San Diego,650,22.9,0.0,5,0
2023-09-24,center_san_diego,San Diego,504,23.5,0.0,6,0
2023-09-25,center_san_diego,San Diego,1007,24.5,0.0,0,0
2023-09-26,center_san_diego,San Diego,1009,24.5,0.0,1,0
2023-09-27,center_san_diego,San Diego,914,24.0,0.0,2,0
2023-09-28,center_san_diego,San Diego,858,22.0,0.0,3,0
2023-09-29,center_san_diego,San Diego,758,20.8,0.5,4,0
2023-09-30,center_san_diego,San Diego,699,20.9,2.2,5,0
2023-10-01,center_san_diego,San Diego,489,21.0,1.7,6,0
2023-10-02,center_san_diego,San Diego,984,21.6,0.2,0,0
2023-10-03,center_san_diego,San Diego,888,23.9,0.0,1,0
2023-10-04,center_san_diego,San Diego,1031,26.6,0.0,2,0
2023-10-05,center_san_diego,San Diego,875,28.9,0.0,3,0
2023-10-06,center_san_diego,San Diego,886,29.1,0.0,4,0
2023-10-07,center_san_diego,San Diego,629,27.8,0.0,5,0
2023-10-08,center_san_diego,San Diego,550,28.0,0.0,6,0
2023-10-09,center_san_diego,San Diego,506,24.8,0.0,0,1
2023-10-10,center_san_diego,San Diego,1014,22.8,0.0,1,0
2023-10-11,center_san_diego,San Diego,1020,21.5,0.3,2,0
2023-10-12,center_san_diego,San Diego,935,22.5,0.1,3,0
2023-10-13,center_san_diego,San Diego,819,23.0,0.0,4,0
2023-10-14,center_san_diego,San Diego,653,24.1,0.0,5,0
2023-10-15,center_san_diego,San Diego,543,26.1,0.0,6,0
2023-10-16,center_san_diego,San Diego,956,25.0,0.0,0,0
2023-10-17,center_san_diego,San Diego,1066,24.2,0.0,1,0
2023-10-18,center_san_diego,San Diego,998,24.3,0.0,2,0
2023-10-19,center_san_diego,San Diego,976,27.2,0.0,3,0
2023-10-20,center_san_diego,San Diego,862,27.0,0.0,4,0
2023-10-21,center_san_diego,San Diego,675,25.4,0.0,5,0
2023-10-22,center_san_diego,San Diego,465,22.8,0.0,6,0
2023-10-23,center_san_diego,San Diego,960,20.5,2.2,0,0
2023-10-24,center_san_diego,San Diego,1011,21.4,0.0,1,0
2023-10-25,center_san_diego,San Diego,899,20.2,0.3,2,0
2023-10-26,center_san_diego,San Diego,909,21.5,0.5,3,0
2023-10-27,center_san_diego,San Diego,783,20.6,0.0,4,0
2023-10-28,center_san_diego,San Diego,597,20.9,0.0,5,0
2023-10-29,center_san_diego,San Diego,531,25.5,0.0,6,0
2023-10-30,center_san_diego,San Diego,961,28.4,0.0,0,0
2023-10-31,center_san_diego,San Diego,935,27.0,0.0,1,0
2023-11-01,center_san_diego,San Diego,914,26.8,0.0,2,0
2023-11-02,center_san_diego,San Diego,953,25.6,0.0,3,0
2023-11-03,center_san_diego,San Diego,734,24.4,0.0,4,0
2023-11-04,center_san_diego,San Diego,580,24.8,0.0,5,0
2023-11-05,center_san_diego,San Diego,511,24.4,0.0,6,0
2023-11-06,center_san_diego,San Diego,916,21.1,0.0,0,0
2023-11-07,center_san_diego,San Diego,1071,20.3,0.0,1,0
2023-11-08,center_san_diego,San Diego,890,22.1,0.3,2,0
2023-11-09,center_san_diego,San Diego,976,24.4,0.0,3,0
2023-11-10,center_san_diego,San Diego,387,24.0,0.0,4,1
2023-11-11,center_san_diego,San Diego,300,23.3,0.0,5,1
2023-11-12,center_san_diego,San Diego,482,25.9,0.0,6,0
2023-11-13,center_san_diego,San Diego,902,22.5,0.0,0,0
2023-11-14,center_san_diego,San Diego,1027,24.1,0.0,1,0
2023-11-15,center_san_diego,San Diego,966,21.3,12.3,2,0
2023-11-16,center_san_diego,San Diego,791,20.0,14.1,3,0
2023-11-17,center_san_diego,San Diego,738,19.6,0.4,4,0
2023-11-18,center_san_diego,San Diego,623,19.0,7.1,5,0
2023-11-19,center_san_diego,San Diego,543,18.9,0.7,6,0
2023-11-20,center_san_diego,San Diego,1015,23.4,0.0,0,0
2023-11-21,center_san_diego,San Diego,960,24.1,0.0,1,0
2023-11-22,center_san_diego,San Diego,939,23.8,0.0,2,0
2023-11-23,center_san_diego,San Diego,472,19.5,0.0,3,1
2023-11-24,center_san_diego,San Diego,802,17.6,1.9,4,0
2023-11-25,center_san_diego,San Diego,700,18.5,0.2,5,0
2023-11-26,center_san_diego,San Diego,468,19.6,0.0,6,0
2023-11-27,center_san_diego,San Diego,1027,20.1,0.0,0,0
2023-11-28,center_san_diego,San Diego,1079,19.6,0.0,1,0
2023-11-29,center_san_diego,San Diego,1010,17.9,0.4,2,0
2023-11-30,center_san_diego,San Diego,965,16.5,1.2,3,0
2023-12-01,center_san_diego,San Diego,778,17.5,1.2,4,0
2023-12-02,center_san_diego,San Diego,688,18.2,0.0,5,0
2023-12-03,center_san_diego,San Diego,475,18.6,0.0,6,0
2023-12-04,center_san_diego,San Diego,1027,20.2,0.0,0,0
2023-12-05,center_san_diego,San Diego,962,23.1,0.0,1,0
2023-12-06,center_san_diego,San Diego,954,20.0,0.0,2,0
2023-12-07,center_san_diego,San Diego,897,17.9,0.0,3,0
2023-12-08,center_san_diego,San Diego,850,18.2,0.0,4,0
2023-12-09,center_san_diego,San Diego,603,22.2,0.0,5,0
2023-12-10,center_san_diego,San Diego,532,21.2,0.0,6,0
2023-12-11,center_san_diego,San Diego,920,20.3,0.0,0,0
2023-12-12,center_san_diego,San Diego,1044,17.5,0.0,1,0
2023-12-13,center_san_diego,San Diego,1011,17.9,0.0,2,0
2023-12-14,center_san_diego,San Diego,851,20.5,0.0,3,0
2023-12-15,center_san_diego,San Diego,858,22.9,0.0,4,0
2023-12-16,center_san_diego,San Diego,579,23.4,0.0,5,0
2023-12-17,center_san_diego,San Diego,535,20.8,0.0,6,0
2023-12-18,center_san_diego,San Diego,950,20.5,0.3,0,0
2023-12-19,center_san_diego,San Diego,982,20.0,2.0,1,0
2023-12-20,center_san_diego,San Diego,1072,19.6,0.3,2,0
2023-12-21,center_san_diego,San Diego,1014,21.0,1.6,3,0
2023-12-22,center_san_diego,San Diego,560,18.8,57.6,4,0
2023-12-23,center_san_diego,San Diego,682,17.1,0.0,5,0
2023-12-24,center_san_diego,San Diego,552,16.5,0.0,6,0
2023-12-25,center_san_diego,San Diego,477,17.1,0.0,0,1
2023-12-26,center_san_diego,San Diego,993,17.6,0.0,1,0
2023-12-27,center_san_diego,San Diego,1006,17.0,0.0,2,0
2023-12-28,center_san_diego,San Diego,986,16.2,0.0,3,0
2023-12-29,center_san_diego,San Diego,736,16.4,0.0,4,0
2023-12-30,center_san_diego,San Diego,692,16.1,4.0,5,0
2023-12-31,center_san_diego,San Diego,501,15.6,1.7,6,0
